scenario,population,n_patients,interval_mult,visits,rep,seed,estimator,from_state,to_state,q_true,q_hat,n_visits
A_size,heterogeneous,250,1.0,informative,0,1000,crude,0,1,0.6,0.23133697741916256,7117
A_size,heterogeneous,250,1.0,informative,0,1000,crude,0,2,0.08,0.06928366328797254,7117
A_size,heterogeneous,250,1.0,informative,0,1000,crude,1,0,0.85,0.3416877750436065,7117
A_size,heterogeneous,250,1.0,informative,0,1000,crude,1,2,0.05,0.04365174218618761,7117
A_size,heterogeneous,250,1.0,informative,0,1000,crude,1,3,0.1,0.06171453205633421,7117
A_size,heterogeneous,250,1.0,informative,0,1000,crude,2,0,0.04,0.03900486712907219,7117
A_size,heterogeneous,250,1.0,informative,0,1000,crude,2,3,0.45,0.23063747519799208,7117
A_size,heterogeneous,250,1.0,informative,0,1000,crude,2,4,0.07,0.05426764122305696,7117
A_size,heterogeneous,250,1.0,informative,0,1000,crude,3,1,0.06,0.06102179111630678,7117
A_size,heterogeneous,250,1.0,informative,0,1000,crude,3,2,0.6,0.2722510680573687,7117
A_size,heterogeneous,250,1.0,informative,0,1000,crude,3,4,0.05,0.03755187145618879,7117
A_size,heterogeneous,250,1.0,informative,0,1000,crude,3,5,0.08,0.06571577504833039,7117
A_size,heterogeneous,250,1.0,informative,0,1000,crude,4,5,0.3,0.15620602185785068,7117
A_size,heterogeneous,250,1.0,informative,0,1000,crude,4,7,0.06,0.05496137806109561,7117
A_size,heterogeneous,250,1.0,informative,0,1000,crude,5,4,0.4,0.17230004041809954,7117
A_size,heterogeneous,250,1.0,informative,0,1000,crude,5,6,0.08,0.07538126768291856,7117
A_size,heterogeneous,250,1.0,informative,0,1000,crude,5,7,0.04,0.04666459427990196,7117
A_size,heterogeneous,250,1.0,informative,0,1000,crude,6,7,0.5,0.2872604965609923,7117
A_size,heterogeneous,250,1.0,informative,0,1000,crude,6,8,0.1,0.11240628126299698,7117
A_size,heterogeneous,250,1.0,informative,0,1000,crude,7,6,0.15,0.08944577163749123,7117
A_size,heterogeneous,250,1.0,informative,0,1000,crude,7,8,0.12,0.20870680048747953,7117
A_size,heterogeneous,250,1.0,informative,0,1000,crude,8,9,0.35,0.20645707981720476,7117
A_size,heterogeneous,250,1.0,informative,0,1000,crude,8,10,0.08,0.13464592161991615,7117
A_size,heterogeneous,250,1.0,informative,0,1000,crude,9,8,0.08,0.07124519985465982,7117
A_size,heterogeneous,250,1.0,informative,0,1000,crude,9,10,0.1,0.11874199975776638,7117
A_size,heterogeneous,250,1.0,informative,0,1000,crude,10,11,0.05,0.056142602209612404,7117
A_size,heterogeneous,250,1.0,informative,0,1000,oracle,0,1,0.6,0.27607794199749,7117
A_size,heterogeneous,250,1.0,informative,0,1000,oracle,0,2,0.08,0.07887941199928285,7117
A_size,heterogeneous,250,1.0,informative,0,1000,oracle,1,0,0.85,0.4565894374813075,7117
A_size,heterogeneous,250,1.0,informative,0,1000,oracle,1,2,0.05,0.04582259587626025,7117
A_size,heterogeneous,250,1.0,informative,0,1000,oracle,1,3,0.1,0.0720069363769804,7117
A_size,heterogeneous,250,1.0,informative,0,1000,oracle,2,0,0.04,0.04580826654107795,7117
A_size,heterogeneous,250,1.0,informative,0,1000,oracle,2,3,0.45,0.262212836062722,7117
A_size,heterogeneous,250,1.0,informative,0,1000,oracle,2,4,0.07,0.06160422052075999,7117
A_size,heterogeneous,250,1.0,informative,0,1000,oracle,3,1,0.06,0.07719429508930091,7117
A_size,heterogeneous,250,1.0,informative,0,1000,oracle,3,2,0.6,0.3311884273186136,7117
A_size,heterogeneous,250,1.0,informative,0,1000,oracle,3,4,0.05,0.0348619397177488,7117
A_size,heterogeneous,250,1.0,informative,0,1000,oracle,3,5,0.08,0.07968443364056868,7117
A_size,heterogeneous,250,1.0,informative,0,1000,oracle,4,5,0.3,0.180297274596494,7117
A_size,heterogeneous,250,1.0,informative,0,1000,oracle,4,7,0.06,0.06793810347114267,7117
A_size,heterogeneous,250,1.0,informative,0,1000,oracle,5,4,0.4,0.23429410899815553,7117
A_size,heterogeneous,250,1.0,informative,0,1000,oracle,5,6,0.08,0.09297385277704585,7117
A_size,heterogeneous,250,1.0,informative,0,1000,oracle,5,7,0.04,0.04462744933298201,7117
A_size,heterogeneous,250,1.0,informative,0,1000,oracle,6,7,0.5,0.3748932254580707,7117
A_size,heterogeneous,250,1.0,informative,0,1000,oracle,6,8,0.1,0.16661921131469806,7117
A_size,heterogeneous,250,1.0,informative,0,1000,oracle,7,6,0.15,0.10428835792178441,7117
A_size,heterogeneous,250,1.0,informative,0,1000,oracle,7,8,0.12,0.226980543712119,7117
A_size,heterogeneous,250,1.0,informative,0,1000,oracle,8,9,0.35,0.30834015108033525,7117
A_size,heterogeneous,250,1.0,informative,0,1000,oracle,8,10,0.08,0.12930393432401158,7117
A_size,heterogeneous,250,1.0,informative,0,1000,oracle,9,8,0.08,0.073484134619412,7117
A_size,heterogeneous,250,1.0,informative,0,1000,oracle,9,10,0.1,0.146968269238824,7117
A_size,heterogeneous,250,1.0,informative,0,1000,oracle,10,11,0.05,0.04805249333878375,7117
A_size,heterogeneous,250,1.0,informative,0,1000,panel,0,1,0.6,0.3146906383867271,7117
A_size,heterogeneous,250,1.0,informative,0,1000,panel,0,2,0.08,0.07697483123567837,7117
A_size,heterogeneous,250,1.0,informative,0,1000,panel,1,0,0.85,0.4800337125204266,7117
A_size,heterogeneous,250,1.0,informative,0,1000,panel,1,2,0.05,0.039776136912768136,7117
A_size,heterogeneous,250,1.0,informative,0,1000,panel,1,3,0.1,0.08606210749676498,7117
A_size,heterogeneous,250,1.0,informative,0,1000,panel,2,0,0.04,0.04636351348961934,7117
A_size,heterogeneous,250,1.0,informative,0,1000,panel,2,3,0.45,0.30851734203466613,7117
A_size,heterogeneous,250,1.0,informative,0,1000,panel,2,4,0.07,0.05822308849718968,7117
A_size,heterogeneous,250,1.0,informative,0,1000,panel,3,1,0.06,0.08771927861530171,7117
A_size,heterogeneous,250,1.0,informative,0,1000,panel,3,2,0.6,0.38714874511182684,7117
A_size,heterogeneous,250,1.0,informative,0,1000,panel,3,4,0.05,0.03722274254676818,7117
A_size,heterogeneous,250,1.0,informative,0,1000,panel,3,5,0.08,0.08129540989526599,7117
A_size,heterogeneous,250,1.0,informative,0,1000,panel,4,5,0.3,0.18657901764492668,7117
A_size,heterogeneous,250,1.0,informative,0,1000,panel,4,7,0.06,0.06955053081680537,7117
A_size,heterogeneous,250,1.0,informative,0,1000,panel,5,4,0.4,0.214724743810481,7117
A_size,heterogeneous,250,1.0,informative,0,1000,panel,5,6,0.08,0.09661261131478026,7117
A_size,heterogeneous,250,1.0,informative,0,1000,panel,5,7,0.04,0.042131370245644326,7117
A_size,heterogeneous,250,1.0,informative,0,1000,panel,6,7,0.5,0.39395568819021315,7117
A_size,heterogeneous,250,1.0,informative,0,1000,panel,6,8,0.1,0.13483648216269564,7117
A_size,heterogeneous,250,1.0,informative,0,1000,panel,7,6,0.15,0.11971407764881378,7117
A_size,heterogeneous,250,1.0,informative,0,1000,panel,7,8,0.12,0.24711568246205348,7117
A_size,heterogeneous,250,1.0,informative,0,1000,panel,8,9,0.35,0.27540603183528456,7117
A_size,heterogeneous,250,1.0,informative,0,1000,panel,8,10,0.08,0.14293896354706506,7117
A_size,heterogeneous,250,1.0,informative,0,1000,panel,9,8,0.08,0.0966678641818327,7117
A_size,heterogeneous,250,1.0,informative,0,1000,panel,9,10,0.1,0.12703431827988554,7117
A_size,heterogeneous,250,1.0,informative,0,1000,panel,10,11,0.05,0.05123243836982088,7117
A_size,heterogeneous,250,1.0,informative,1,1001,crude,0,1,0.6,0.2974675016754425,7064
A_size,heterogeneous,250,1.0,informative,1,1001,crude,0,2,0.08,0.0437452208346239,7064
A_size,heterogeneous,250,1.0,informative,1,1001,crude,1,0,0.85,0.36492117569906224,7064
A_size,heterogeneous,250,1.0,informative,1,1001,crude,1,2,0.05,0.02919369405592498,7064
A_size,heterogeneous,250,1.0,informative,1,1001,crude,1,3,0.1,0.05838738811184996,7064
A_size,heterogeneous,250,1.0,informative,1,1001,crude,2,0,0.04,0.03259229322634371,7064
A_size,heterogeneous,250,1.0,informative,1,1001,crude,2,3,0.45,0.23222008923769893,7064
A_size,heterogeneous,250,1.0,informative,1,1001,crude,2,4,0.07,0.06111054979939446,7064
A_size,heterogeneous,250,1.0,informative,1,1001,crude,3,1,0.06,0.055315756165129584,7064
A_size,heterogeneous,250,1.0,informative,1,1001,crude,3,2,0.6,0.25897831295492485,7064
A_size,heterogeneous,250,1.0,informative,1,1001,crude,3,4,0.05,0.05280140361216915,7064
A_size,heterogeneous,250,1.0,informative,1,1001,crude,3,5,0.08,0.0704018714828922,7064
A_size,heterogeneous,250,1.0,informative,1,1001,crude,4,5,0.3,0.20738687655845162,7064
A_size,heterogeneous,250,1.0,informative,1,1001,crude,4,7,0.06,0.04879691213140038,7064
A_size,heterogeneous,250,1.0,informative,1,1001,crude,5,4,0.4,0.16810655073490005,7064
A_size,heterogeneous,250,1.0,informative,1,1001,crude,5,6,0.08,0.07890715646740205,7064
A_size,heterogeneous,250,1.0,informative,1,1001,crude,5,7,0.04,0.05146118900047961,7064
A_size,heterogeneous,250,1.0,informative,1,1001,crude,6,7,0.5,0.24992571652314452,7064
A_size,heterogeneous,250,1.0,informative,1,1001,crude,6,8,0.1,0.09719333420344509,7064
A_size,heterogeneous,250,1.0,informative,1,1001,crude,7,6,0.15,0.09952367966910361,7064
A_size,heterogeneous,250,1.0,informative,1,1001,crude,7,8,0.12,0.165872799448506,7064
A_size,heterogeneous,250,1.0,informative,1,1001,crude,8,9,0.35,0.2414661826611183,7064
A_size,heterogeneous,250,1.0,informative,1,1001,crude,8,10,0.08,0.1609774551074122,7064
A_size,heterogeneous,250,1.0,informative,1,1001,crude,9,8,0.08,0.07588097815639575,7064
A_size,heterogeneous,250,1.0,informative,1,1001,crude,9,10,0.1,0.12646829692732625,7064
A_size,heterogeneous,250,1.0,informative,1,1001,crude,10,11,0.05,0.04230114864539031,7064
A_size,heterogeneous,250,1.0,informative,1,1001,oracle,0,1,0.6,0.3330318123359014,7064
A_size,heterogeneous,250,1.0,informative,1,1001,oracle,0,2,0.08,0.053649501683291106,7064
A_size,heterogeneous,250,1.0,informative,1,1001,oracle,1,0,0.85,0.49543666548938803,7064
A_size,heterogeneous,250,1.0,informative,1,1001,oracle,1,2,0.05,0.02469918860211025,7064
A_size,heterogeneous,250,1.0,informative,1,1001,oracle,1,3,0.1,0.07555045925351371,7064
A_size,heterogeneous,250,1.0,informative,1,1001,oracle,2,0,0.04,0.040515556461086226,7064
A_size,heterogeneous,250,1.0,informative,1,1001,oracle,2,3,0.45,0.2688759656053904,7064
A_size,heterogeneous,250,1.0,informative,1,1001,oracle,2,4,0.07,0.06998141570551257,7064
A_size,heterogeneous,250,1.0,informative,1,1001,oracle,3,1,0.06,0.07759671574847853,7064
A_size,heterogeneous,250,1.0,informative,1,1001,oracle,3,2,0.6,0.36390183937217513,7064
A_size,heterogeneous,250,1.0,informative,1,1001,oracle,3,4,0.05,0.050839227559348,7064
A_size,heterogeneous,250,1.0,informative,1,1001,oracle,3,5,0.08,0.08027246456739158,7064
A_size,heterogeneous,250,1.0,informative,1,1001,oracle,4,5,0.3,0.20470699059512884,7064
A_size,heterogeneous,250,1.0,informative,1,1001,oracle,4,7,0.06,0.07571354446669148,7064
A_size,heterogeneous,250,1.0,informative,1,1001,oracle,5,4,0.4,0.2144790254928576,7064
A_size,heterogeneous,250,1.0,informative,1,1001,oracle,5,6,0.08,0.08790123995608919,7064
A_size,heterogeneous,250,1.0,informative,1,1001,oracle,5,7,0.04,0.03867654558067924,7064
A_size,heterogeneous,250,1.0,informative,1,1001,oracle,6,7,0.5,0.38052206283556417,7064
A_size,heterogeneous,250,1.0,informative,1,1001,oracle,6,8,0.1,0.0563736389386021,7064
A_size,heterogeneous,250,1.0,informative,1,1001,oracle,7,6,0.15,0.10890170665259549,7064
A_size,heterogeneous,250,1.0,informative,1,1001,oracle,7,8,0.12,0.1891450694492448,7064
A_size,heterogeneous,250,1.0,informative,1,1001,oracle,8,9,0.35,0.2925558275985277,7064
A_size,heterogeneous,250,1.0,informative,1,1001,oracle,8,10,0.08,0.1811059885133743,7064
A_size,heterogeneous,250,1.0,informative,1,1001,oracle,9,8,0.08,0.11938747430762948,7064
A_size,heterogeneous,250,1.0,informative,1,1001,oracle,9,10,0.1,0.11938747430762948,7064
A_size,heterogeneous,250,1.0,informative,1,1001,oracle,10,11,0.05,0.048310027113570075,7064
A_size,heterogeneous,250,1.0,informative,1,1001,panel,0,1,0.6,0.41233248103201775,7064
A_size,heterogeneous,250,1.0,informative,1,1001,panel,0,2,0.08,0.0469239646391553,7064
A_size,heterogeneous,250,1.0,informative,1,1001,panel,1,0,0.85,0.5358345107499237,7064
A_size,heterogeneous,250,1.0,informative,1,1001,panel,1,2,0.05,0.02709252156975155,7064
A_size,heterogeneous,250,1.0,informative,1,1001,panel,1,3,0.1,0.07565663524452279,7064
A_size,heterogeneous,250,1.0,informative,1,1001,panel,2,0,0.04,0.03625751217822969,7064
A_size,heterogeneous,250,1.0,informative,1,1001,panel,2,3,0.45,0.2948910431738209,7064
A_size,heterogeneous,250,1.0,informative,1,1001,panel,2,4,0.07,0.06482237781646792,7064
A_size,heterogeneous,250,1.0,informative,1,1001,panel,3,1,0.06,0.073560933701738,7064
A_size,heterogeneous,250,1.0,informative,1,1001,panel,3,2,0.6,0.3628844892829966,7064
A_size,heterogeneous,250,1.0,informative,1,1001,panel,3,4,0.05,0.05889696837010279,7064
A_size,heterogeneous,250,1.0,informative,1,1001,panel,3,5,0.08,0.0812121974567003,7064
A_size,heterogeneous,250,1.0,informative,1,1001,panel,4,5,0.3,0.23718595820764518,7064
A_size,heterogeneous,250,1.0,informative,1,1001,panel,4,7,0.06,0.06064653519359266,7064
A_size,heterogeneous,250,1.0,informative,1,1001,panel,5,4,0.4,0.21747541724130026,7064
A_size,heterogeneous,250,1.0,informative,1,1001,panel,5,6,0.08,0.09331528438033793,7064
A_size,heterogeneous,250,1.0,informative,1,1001,panel,5,7,0.04,0.05129553065484613,7064
A_size,heterogeneous,250,1.0,informative,1,1001,panel,6,7,0.5,0.3519865873857172,7064
A_size,heterogeneous,250,1.0,informative,1,1001,panel,6,8,0.1,0.09011487123181014,7064
A_size,heterogeneous,250,1.0,informative,1,1001,panel,7,6,0.15,0.12624424346891142,7064
A_size,heterogeneous,250,1.0,informative,1,1001,panel,7,8,0.12,0.18620908902680186,7064
A_size,heterogeneous,250,1.0,informative,1,1001,panel,8,9,0.35,0.2800261194424596,7064
A_size,heterogeneous,250,1.0,informative,1,1001,panel,8,10,0.08,0.18677078725361848,7064
A_size,heterogeneous,250,1.0,informative,1,1001,panel,9,8,0.08,0.09703160490441232,7064
A_size,heterogeneous,250,1.0,informative,1,1001,panel,9,10,0.1,0.1262418582915039,7064
A_size,heterogeneous,250,1.0,informative,1,1001,panel,10,11,0.05,0.04865439316937058,7064
A_size,heterogeneous,250,1.0,informative,2,1002,crude,0,1,0.6,0.2915204430174117,7501
A_size,heterogeneous,250,1.0,informative,2,1002,crude,0,2,0.08,0.05268441741278525,7501
A_size,heterogeneous,250,1.0,informative,2,1002,crude,1,0,0.85,0.3144140355452132,7501
A_size,heterogeneous,250,1.0,informative,2,1002,crude,1,2,0.05,0.03849967782186284,7501
A_size,heterogeneous,250,1.0,informative,2,1002,crude,1,3,0.1,0.05646619413873216,7501
A_size,heterogeneous,250,1.0,informative,2,1002,crude,2,0,0.04,0.026035813128819148,7501
A_size,heterogeneous,250,1.0,informative,2,1002,crude,2,3,0.45,0.22564371378309928,7501
A_size,heterogeneous,250,1.0,informative,2,1002,crude,2,4,0.07,0.05033590538238369,7501
A_size,heterogeneous,250,1.0,informative,2,1002,crude,3,1,0.06,0.057177880165279284,7501
A_size,heterogeneous,250,1.0,informative,2,1002,crude,3,2,0.6,0.2594996099808829,7501
A_size,heterogeneous,250,1.0,informative,2,1002,crude,3,4,0.05,0.030788089319765767,7501
A_size,heterogeneous,250,1.0,informative,2,1002,crude,3,5,0.08,0.07037277558803604,7501
A_size,heterogeneous,250,1.0,informative,2,1002,crude,4,5,0.3,0.1899147764127982,7501
A_size,heterogeneous,250,1.0,informative,2,1002,crude,4,7,0.06,0.05082226411046712,7501
A_size,heterogeneous,250,1.0,informative,2,1002,crude,5,4,0.4,0.17861838950515288,7501
A_size,heterogeneous,250,1.0,informative,2,1002,crude,5,6,0.08,0.046715578793655364,7501
A_size,heterogeneous,250,1.0,informative,2,1002,crude,5,7,0.04,0.04396760357049917,7501
A_size,heterogeneous,250,1.0,informative,2,1002,crude,6,7,0.5,0.3346764042949169,7501
A_size,heterogeneous,250,1.0,informative,2,1002,crude,6,8,0.1,0.058204592051289895,7501
A_size,heterogeneous,250,1.0,informative,2,1002,crude,7,6,0.15,0.10090417346868914,7501
A_size,heterogeneous,250,1.0,informative,2,1002,crude,7,8,0.12,0.15856370116508295,7501
A_size,heterogeneous,250,1.0,informative,2,1002,crude,8,9,0.35,0.22321001511450678,7501
A_size,heterogeneous,250,1.0,informative,2,1002,crude,8,10,0.08,0.07440333837150226,7501
A_size,heterogeneous,250,1.0,informative,2,1002,crude,9,8,0.08,0.10124993039067284,7501
A_size,heterogeneous,250,1.0,informative,2,1002,crude,9,10,0.1,0.13499990718756377,7501
A_size,heterogeneous,250,1.0,informative,2,1002,crude,10,11,0.05,0.07872094213223545,7501
A_size,heterogeneous,250,1.0,informative,2,1002,oracle,0,1,0.6,0.3353016485646711,7501
A_size,heterogeneous,250,1.0,informative,2,1002,oracle,0,2,0.08,0.06967306983161997,7501
A_size,heterogeneous,250,1.0,informative,2,1002,oracle,1,0,0.85,0.43395684481959174,7501
A_size,heterogeneous,250,1.0,informative,2,1002,oracle,1,2,0.05,0.02364508449337519,7501
A_size,heterogeneous,250,1.0,informative,2,1002,oracle,1,3,0.1,0.07649880277268445,7501
A_size,heterogeneous,250,1.0,informative,2,1002,oracle,2,0,0.04,0.03316881133890875,7501
A_size,heterogeneous,250,1.0,informative,2,1002,oracle,2,3,0.45,0.25745315467819646,7501
A_size,heterogeneous,250,1.0,informative,2,1002,oracle,2,4,0.07,0.05370188502489988,7501
A_size,heterogeneous,250,1.0,informative,2,1002,oracle,3,1,0.06,0.07037677138207127,7501
A_size,heterogeneous,250,1.0,informative,2,1002,oracle,3,2,0.6,0.3495379645309539,7501
A_size,heterogeneous,250,1.0,informative,2,1002,oracle,3,4,0.05,0.04691784758804751,7501
A_size,heterogeneous,250,1.0,informative,2,1002,oracle,3,5,0.08,0.07506855614087601,7501
A_size,heterogeneous,250,1.0,informative,2,1002,oracle,4,5,0.3,0.2305821693577216,7501
A_size,heterogeneous,250,1.0,informative,2,1002,oracle,4,7,0.06,0.06377804684362512,7501
A_size,heterogeneous,250,1.0,informative,2,1002,oracle,5,4,0.4,0.2321919372587301,7501
A_size,heterogeneous,250,1.0,informative,2,1002,oracle,5,6,0.08,0.05663217981920247,7501
A_size,heterogeneous,250,1.0,informative,2,1002,oracle,5,7,0.04,0.03964252587344173,7501
A_size,heterogeneous,250,1.0,informative,2,1002,oracle,6,7,0.5,0.41040245343084764,7501
A_size,heterogeneous,250,1.0,informative,2,1002,oracle,6,8,0.1,0.07600045433904586,7501
A_size,heterogeneous,250,1.0,informative,2,1002,oracle,7,6,0.15,0.10603433327654076,7501
A_size,heterogeneous,250,1.0,informative,2,1002,oracle,7,8,0.12,0.14726990732852882,7501
A_size,heterogeneous,250,1.0,informative,2,1002,oracle,8,9,0.35,0.27979625926209273,7501
A_size,heterogeneous,250,1.0,informative,2,1002,oracle,8,10,0.08,0.07834295259338596,7501
A_size,heterogeneous,250,1.0,informative,2,1002,oracle,9,8,0.08,0.1269561143553089,7501
A_size,heterogeneous,250,1.0,informative,2,1002,oracle,9,10,0.1,0.1269561143553089,7501
A_size,heterogeneous,250,1.0,informative,2,1002,oracle,10,11,0.05,0.06883344192146483,7501
A_size,heterogeneous,250,1.0,informative,2,1002,panel,0,1,0.6,0.39081796894287146,7501
A_size,heterogeneous,250,1.0,informative,2,1002,panel,0,2,0.08,0.060499808282531264,7501
A_size,heterogeneous,250,1.0,informative,2,1002,panel,1,0,0.85,0.45227109996044723,7501
A_size,heterogeneous,250,1.0,informative,2,1002,panel,1,2,0.05,0.0324679079323992,7501
A_size,heterogeneous,250,1.0,informative,2,1002,panel,1,3,0.1,0.07580453821262452,7501
A_size,heterogeneous,250,1.0,informative,2,1002,panel,2,0,0.04,0.029969493134790817,7501
A_size,heterogeneous,250,1.0,informative,2,1002,panel,2,3,0.45,0.28915218423671313,7501
A_size,heterogeneous,250,1.0,informative,2,1002,panel,2,4,0.07,0.054982386676516774,7501
A_size,heterogeneous,250,1.0,informative,2,1002,panel,3,1,0.06,0.07756865102274065,7501
A_size,heterogeneous,250,1.0,informative,2,1002,panel,3,2,0.6,0.36151452782804216,7501
A_size,heterogeneous,250,1.0,informative,2,1002,panel,3,4,0.05,0.031863280921650326,7501
A_size,heterogeneous,250,1.0,informative,2,1002,panel,3,5,0.08,0.08572255983279091,7501
A_size,heterogeneous,250,1.0,informative,2,1002,panel,4,5,0.3,0.22550260372819883,7501
A_size,heterogeneous,250,1.0,informative,2,1002,panel,4,7,0.06,0.05727143708555587,7501
A_size,heterogeneous,250,1.0,informative,2,1002,panel,5,4,0.4,0.22181692192773633,7501
A_size,heterogeneous,250,1.0,informative,2,1002,panel,5,6,0.08,0.05707436711493407,7501
A_size,heterogeneous,250,1.0,informative,2,1002,panel,5,7,0.04,0.04542177157325861,7501
A_size,heterogeneous,250,1.0,informative,2,1002,panel,6,7,0.5,0.5057005410617136,7501
A_size,heterogeneous,250,1.0,informative,2,1002,panel,6,8,0.1,0.03821207176978138,7501
A_size,heterogeneous,250,1.0,informative,2,1002,panel,7,6,0.15,0.13424964650199145,7501
A_size,heterogeneous,250,1.0,informative,2,1002,panel,7,8,0.12,0.17566019064266128,7501
A_size,heterogeneous,250,1.0,informative,2,1002,panel,8,9,0.35,0.27852810758732105,7501
A_size,heterogeneous,250,1.0,informative,2,1002,panel,8,10,0.08,0.06286045750547303,7501
A_size,heterogeneous,250,1.0,informative,2,1002,panel,9,8,0.08,0.12601752270721198,7501
A_size,heterogeneous,250,1.0,informative,2,1002,panel,9,10,0.1,0.14403164916769157,7501
A_size,heterogeneous,250,1.0,informative,2,1002,panel,10,11,0.05,0.07339340302464302,7501
A_size,heterogeneous,250,1.0,informative,3,1003,crude,0,1,0.6,0.28833925693455925,7167
A_size,heterogeneous,250,1.0,informative,3,1003,crude,0,2,0.08,0.05636707278419956,7167
A_size,heterogeneous,250,1.0,informative,3,1003,crude,1,0,0.85,0.3262268167226381,7167
A_size,heterogeneous,250,1.0,informative,3,1003,crude,1,2,0.05,0.03889627430154531,7167
A_size,heterogeneous,250,1.0,informative,3,1003,crude,1,3,0.1,0.05897177071524612,7167
A_size,heterogeneous,250,1.0,informative,3,1003,crude,2,0,0.04,0.03314815790161848,7167
A_size,heterogeneous,250,1.0,informative,3,1003,crude,2,3,0.45,0.2467696199342709,7167
A_size,heterogeneous,250,1.0,informative,3,1003,crude,2,4,0.07,0.060771622819633886,7167
A_size,heterogeneous,250,1.0,informative,3,1003,crude,3,1,0.06,0.047107749083400936,7167
A_size,heterogeneous,250,1.0,informative,3,1003,crude,3,2,0.6,0.28500188195457565,7167
A_size,heterogeneous,250,1.0,informative,3,1003,crude,3,4,0.05,0.030620036904210605,7167
A_size,heterogeneous,250,1.0,informative,3,1003,crude,3,5,0.08,0.05417391144591107,7167
A_size,heterogeneous,250,1.0,informative,3,1003,crude,4,5,0.3,0.17599512894885216,7167
A_size,heterogeneous,250,1.0,informative,3,1003,crude,4,7,0.06,0.06792794450657451,7167
A_size,heterogeneous,250,1.0,informative,3,1003,crude,5,4,0.4,0.2119083880796037,7167
A_size,heterogeneous,250,1.0,informative,3,1003,crude,5,6,0.08,0.047090752906578597,7167
A_size,heterogeneous,250,1.0,informative,3,1003,crude,5,7,0.04,0.04316652349769705,7167
A_size,heterogeneous,250,1.0,informative,3,1003,crude,6,7,0.5,0.2069744475260641,7167
A_size,heterogeneous,250,1.0,informative,3,1003,crude,6,8,0.1,0.07391944554502289,7167
A_size,heterogeneous,250,1.0,informative,3,1003,crude,7,6,0.15,0.0845377616091481,7167
A_size,heterogeneous,250,1.0,informative,3,1003,crude,7,8,0.12,0.13385145588115116,7167
A_size,heterogeneous,250,1.0,informative,3,1003,crude,8,9,0.35,0.15534483316612188,7167
A_size,heterogeneous,250,1.0,informative,3,1003,crude,8,10,0.08,0.1423994304022784,7167
A_size,heterogeneous,250,1.0,informative,3,1003,crude,9,8,0.08,0.01728973093720715,7167
A_size,heterogeneous,250,1.0,informative,3,1003,crude,9,10,0.1,0.15560757843486434,7167
A_size,heterogeneous,250,1.0,informative,3,1003,crude,10,11,0.05,0.029133412090657354,7167
A_size,heterogeneous,250,1.0,informative,3,1003,oracle,0,1,0.6,0.3360573354460883,7167
A_size,heterogeneous,250,1.0,informative,3,1003,oracle,0,2,0.08,0.054522576547300465,7167
A_size,heterogeneous,250,1.0,informative,3,1003,oracle,1,0,0.85,0.4562388875880031,7167
A_size,heterogeneous,250,1.0,informative,3,1003,oracle,1,2,0.05,0.04562388875880031,7167
A_size,heterogeneous,250,1.0,informative,3,1003,oracle,1,3,0.1,0.06636202001280045,7167
A_size,heterogeneous,250,1.0,informative,3,1003,oracle,2,0,0.04,0.04260055854504301,7167
A_size,heterogeneous,250,1.0,informative,3,1003,oracle,2,3,0.45,0.2777556417136804,7167
A_size,heterogeneous,250,1.0,informative,3,1003,oracle,2,4,0.07,0.06645687133026709,7167
A_size,heterogeneous,250,1.0,informative,3,1003,oracle,3,1,0.06,0.05647652005813086,7167
A_size,heterogeneous,250,1.0,informative,3,1003,oracle,3,2,0.6,0.3560476264534337,7167
A_size,heterogeneous,250,1.0,informative,3,1003,oracle,3,4,0.05,0.029466010465111752,7167
A_size,heterogeneous,250,1.0,informative,3,1003,oracle,3,5,0.08,0.08348702965114996,7167
A_size,heterogeneous,250,1.0,informative,3,1003,oracle,4,5,0.3,0.19703228330879882,7167
A_size,heterogeneous,250,1.0,informative,3,1003,oracle,4,7,0.06,0.07599816641910812,7167
A_size,heterogeneous,250,1.0,informative,3,1003,oracle,5,4,0.4,0.2650170623641864,7167
A_size,heterogeneous,250,1.0,informative,3,1003,oracle,5,6,0.08,0.06931215477217183,7167
A_size,heterogeneous,250,1.0,informative,3,1003,oracle,5,7,0.04,0.04077185574833637,7167
A_size,heterogeneous,250,1.0,informative,3,1003,oracle,6,7,0.5,0.28047439974183536,7167
A_size,heterogeneous,250,1.0,informative,3,1003,oracle,6,8,0.1,0.12465528877414905,7167
A_size,heterogeneous,250,1.0,informative,3,1003,oracle,7,6,0.15,0.10355204469568902,7167
A_size,heterogeneous,250,1.0,informative,3,1003,oracle,7,8,0.12,0.1522824186701309,7167
A_size,heterogeneous,250,1.0,informative,3,1003,oracle,8,9,0.35,0.25068162302869923,7167
A_size,heterogeneous,250,1.0,informative,3,1003,oracle,8,10,0.08,0.12534081151434961,7167
A_size,heterogeneous,250,1.0,informative,3,1003,oracle,9,8,0.08,0.03197765286878437,7167
A_size,heterogeneous,250,1.0,informative,3,1003,oracle,9,10,0.1,0.17587709077831404,7167
A_size,heterogeneous,250,1.0,informative,3,1003,oracle,10,11,0.05,0.022678026946768123,7167
A_size,heterogeneous,250,1.0,informative,3,1003,panel,0,1,0.6,0.38629696870906083,7167
A_size,heterogeneous,250,1.0,informative,3,1003,panel,0,2,0.08,0.06091099047639542,7167
A_size,heterogeneous,250,1.0,informative,3,1003,panel,1,0,0.85,0.4713152967468986,7167
A_size,heterogeneous,250,1.0,informative,3,1003,panel,1,2,0.05,0.03195854088262967,7167
A_size,heterogeneous,250,1.0,informative,3,1003,panel,1,3,0.1,0.07449492966864861,7167
A_size,heterogeneous,250,1.0,informative,3,1003,panel,2,0,0.04,0.04056719411656136,7167
A_size,heterogeneous,250,1.0,informative,3,1003,panel,2,3,0.45,0.3280748624921959,7167
A_size,heterogeneous,250,1.0,informative,3,1003,panel,2,4,0.07,0.07035671210814431,7167
A_size,heterogeneous,250,1.0,informative,3,1003,panel,3,1,0.06,0.0655520753066238,7167
A_size,heterogeneous,250,1.0,informative,3,1003,panel,3,2,0.6,0.40430356455560595,7167
A_size,heterogeneous,250,1.0,informative,3,1003,panel,3,4,0.05,0.022186875609184302,7167
A_size,heterogeneous,250,1.0,informative,3,1003,panel,3,5,0.08,0.081339088091265,7167
A_size,heterogeneous,250,1.0,informative,3,1003,panel,4,5,0.3,0.2193852700945383,7167
A_size,heterogeneous,250,1.0,informative,3,1003,panel,4,7,0.06,0.07644311841623724,7167
A_size,heterogeneous,250,1.0,informative,3,1003,panel,5,4,0.4,0.2709253700584518,7167
A_size,heterogeneous,250,1.0,informative,3,1003,panel,5,6,0.08,0.06612896363127287,7167
A_size,heterogeneous,250,1.0,informative,3,1003,panel,5,7,0.04,0.04260051257593522,7167
A_size,heterogeneous,250,1.0,informative,3,1003,panel,6,7,0.5,0.2657984562609951,7167
A_size,heterogeneous,250,1.0,informative,3,1003,panel,6,8,0.1,0.12484443289171274,7167
A_size,heterogeneous,250,1.0,informative,3,1003,panel,7,6,0.15,0.10392727503398498,7167
A_size,heterogeneous,250,1.0,informative,3,1003,panel,7,8,0.12,0.15208922659789806,7167
A_size,heterogeneous,250,1.0,informative,3,1003,panel,8,9,0.35,0.22789796215196348,7167
A_size,heterogeneous,250,1.0,informative,3,1003,panel,8,10,0.08,0.12785870172870684,7167
A_size,heterogeneous,250,1.0,informative,3,1003,panel,9,8,0.08,0.022769664570703604,7167
A_size,heterogeneous,250,1.0,informative,3,1003,panel,9,10,0.1,0.1784436580218751,7167
A_size,heterogeneous,250,1.0,informative,3,1003,panel,10,11,0.05,0.02526865023315768,7167
A_size,heterogeneous,250,1.0,informative,4,1004,crude,0,1,0.6,0.2561436436039228,7206
A_size,heterogeneous,250,1.0,informative,4,1004,crude,0,2,0.08,0.04925839300075438,7206
A_size,heterogeneous,250,1.0,informative,4,1004,crude,1,0,0.85,0.32739568518678597,7206
A_size,heterogeneous,250,1.0,informative,4,1004,crude,1,2,0.05,0.03666831674092003,7206
A_size,heterogeneous,250,1.0,informative,4,1004,crude,1,3,0.1,0.061550388815115764,7206
A_size,heterogeneous,250,1.0,informative,4,1004,crude,2,0,0.04,0.03895620408037444,7206
A_size,heterogeneous,250,1.0,informative,4,1004,crude,2,3,0.45,0.23373722448224662,7206
A_size,heterogeneous,250,1.0,informative,4,1004,crude,2,4,0.07,0.047424944097847144,7206
A_size,heterogeneous,250,1.0,informative,4,1004,crude,3,1,0.06,0.06059519291601787,7206
A_size,heterogeneous,250,1.0,informative,4,1004,crude,3,2,0.6,0.2738005013242289,7206
A_size,heterogeneous,250,1.0,informative,4,1004,crude,3,4,0.05,0.02468693044726654,7206
A_size,heterogeneous,250,1.0,informative,4,1004,crude,3,5,0.08,0.04937386089453308,7206
A_size,heterogeneous,250,1.0,informative,4,1004,crude,4,5,0.3,0.1842325930904961,7206
A_size,heterogeneous,250,1.0,informative,4,1004,crude,4,7,0.06,0.04466244680981724,7206
A_size,heterogeneous,250,1.0,informative,4,1004,crude,5,4,0.4,0.22755209332898851,7206
A_size,heterogeneous,250,1.0,informative,4,1004,crude,5,6,0.08,0.11162932880290002,7206
A_size,heterogeneous,250,1.0,informative,4,1004,crude,5,7,0.04,0.03864092150869616,7206
A_size,heterogeneous,250,1.0,informative,4,1004,crude,6,7,0.5,0.27760270528977093,7206
A_size,heterogeneous,250,1.0,informative,4,1004,crude,6,8,0.1,0.08225265341919138,7206
A_size,heterogeneous,250,1.0,informative,4,1004,crude,7,6,0.15,0.10455511797302476,7206
A_size,heterogeneous,250,1.0,informative,4,1004,crude,7,8,0.12,0.16031784755863795,7206
A_size,heterogeneous,250,1.0,informative,4,1004,crude,8,9,0.35,0.15168538717153343,7206
A_size,heterogeneous,250,1.0,informative,4,1004,crude,8,10,0.08,0.08667736409801911,7206
A_size,heterogeneous,250,1.0,informative,4,1004,crude,9,8,0.08,0.1739015508540305,7206
A_size,heterogeneous,250,1.0,informative,4,1004,crude,9,10,0.1,0.1391212406832244,7206
A_size,heterogeneous,250,1.0,informative,4,1004,crude,10,11,0.05,0.024036670344277228,7206
A_size,heterogeneous,250,1.0,informative,4,1004,oracle,0,1,0.6,0.2808284149284964,7206
A_size,heterogeneous,250,1.0,informative,4,1004,oracle,0,2,0.08,0.06472995379557542,7206
A_size,heterogeneous,250,1.0,informative,4,1004,oracle,1,0,0.85,0.4466524753704983,7206
A_size,heterogeneous,250,1.0,informative,4,1004,oracle,1,2,0.05,0.026273675021794018,7206
A_size,heterogeneous,250,1.0,informative,4,1004,oracle,1,3,0.1,0.07444207922841638,7206
A_size,heterogeneous,250,1.0,informative,4,1004,oracle,2,0,0.04,0.04667453724358286,7206
A_size,heterogeneous,250,1.0,informative,4,1004,oracle,2,3,0.45,0.2722681339209,7206
A_size,heterogeneous,250,1.0,informative,4,1004,oracle,2,4,0.07,0.054453626784180004,7206
A_size,heterogeneous,250,1.0,informative,4,1004,oracle,3,1,0.06,0.06943052634330035,7206
A_size,heterogeneous,250,1.0,informative,4,1004,oracle,3,2,0.6,0.3902474411709641,7206
A_size,heterogeneous,250,1.0,informative,4,1004,oracle,3,4,0.05,0.028729872969641527,7206
A_size,heterogeneous,250,1.0,informative,4,1004,oracle,3,5,0.08,0.0550655898584796,7206
A_size,heterogeneous,250,1.0,informative,4,1004,oracle,4,5,0.3,0.2008612455326407,7206
A_size,heterogeneous,250,1.0,informative,4,1004,oracle,4,7,0.06,0.043223306000694836,7206
A_size,heterogeneous,250,1.0,informative,4,1004,oracle,5,4,0.4,0.27681988654385364,7206
A_size,heterogeneous,250,1.0,informative,4,1004,oracle,5,6,0.08,0.12706486595455577,7206
A_size,heterogeneous,250,1.0,informative,4,1004,oracle,5,7,0.04,0.045380309269484206,7206
A_size,heterogeneous,250,1.0,informative,4,1004,oracle,6,7,0.5,0.34905352274066564,7206
A_size,heterogeneous,250,1.0,informative,4,1004,oracle,6,8,0.1,0.07186396056425469,7206
A_size,heterogeneous,250,1.0,informative,4,1004,oracle,7,6,0.15,0.13457465826115037,7206
A_size,heterogeneous,250,1.0,informative,4,1004,oracle,7,8,0.12,0.1590427779449959,7206
A_size,heterogeneous,250,1.0,informative,4,1004,oracle,8,9,0.35,0.19152875616113726,7206
A_size,heterogeneous,250,1.0,informative,4,1004,oracle,8,10,0.08,0.09013117936994695,7206
A_size,heterogeneous,250,1.0,informative,4,1004,oracle,9,8,0.08,0.1351864038811562,7206
A_size,heterogeneous,250,1.0,informative,4,1004,oracle,9,10,0.1,0.18926096543361864,7206
A_size,heterogeneous,250,1.0,informative,4,1004,oracle,10,11,0.05,0.07954344588621041,7206
A_size,heterogeneous,250,1.0,informative,4,1004,panel,0,1,0.6,0.33659520153510386,7206
A_size,heterogeneous,250,1.0,informative,4,1004,panel,0,2,0.08,0.05360566022893594,7206
A_size,heterogeneous,250,1.0,informative,4,1004,panel,1,0,0.85,0.46083710167207315,7206
A_size,heterogeneous,250,1.0,informative,4,1004,panel,1,2,0.05,0.034255162766337936,7206
A_size,heterogeneous,250,1.0,informative,4,1004,panel,1,3,0.1,0.08175423055658135,7206
A_size,heterogeneous,250,1.0,informative,4,1004,panel,2,0,0.04,0.044695629596896824,7206
A_size,heterogeneous,250,1.0,informative,4,1004,panel,2,3,0.45,0.3020986218868116,7206
A_size,heterogeneous,250,1.0,informative,4,1004,panel,2,4,0.07,0.055900976550111045,7206
A_size,heterogeneous,250,1.0,informative,4,1004,panel,3,1,0.06,0.08239169591609968,7206
A_size,heterogeneous,250,1.0,informative,4,1004,panel,3,2,0.6,0.38874575630932223,7206
A_size,heterogeneous,250,1.0,informative,4,1004,panel,3,4,0.05,0.0231703756902544,7206
A_size,heterogeneous,250,1.0,informative,4,1004,panel,3,5,0.08,0.06091372387579968,7206
A_size,heterogeneous,250,1.0,informative,4,1004,panel,4,5,0.3,0.21775343648021575,7206
A_size,heterogeneous,250,1.0,informative,4,1004,panel,4,7,0.06,0.046612868372678605,7206
A_size,heterogeneous,250,1.0,informative,4,1004,panel,5,4,0.4,0.3038729068983112,7206
A_size,heterogeneous,250,1.0,informative,4,1004,panel,5,6,0.08,0.12964885903918988,7206
A_size,heterogeneous,250,1.0,informative,4,1004,panel,5,7,0.04,0.02814919625201534,7206
A_size,heterogeneous,250,1.0,informative,4,1004,panel,6,7,0.5,0.37671469560194915,7206
A_size,heterogeneous,250,1.0,informative,4,1004,panel,6,8,0.1,0.0716558511922946,7206
A_size,heterogeneous,250,1.0,informative,4,1004,panel,7,6,0.15,0.13630209592874798,7206
A_size,heterogeneous,250,1.0,informative,4,1004,panel,7,8,0.12,0.1740615309635339,7206
A_size,heterogeneous,250,1.0,informative,4,1004,panel,8,9,0.35,0.19899823010118003,7206
A_size,heterogeneous,250,1.0,informative,4,1004,panel,8,10,0.08,0.08625531647169467,7206
A_size,heterogeneous,250,1.0,informative,4,1004,panel,9,8,0.08,0.2285643169943524,7206
A_size,heterogeneous,250,1.0,informative,4,1004,panel,9,10,0.1,0.19157076463418077,7206
A_size,heterogeneous,250,1.0,informative,4,1004,panel,10,11,0.05,0.04161407365907721,7206
A_size,heterogeneous,500,1.0,informative,0,1000,crude,0,1,0.6,0.27075634091607753,14190
A_size,heterogeneous,500,1.0,informative,0,1000,crude,0,2,0.08,0.06392858049407385,14190
A_size,heterogeneous,500,1.0,informative,0,1000,crude,1,0,0.85,0.32918325805963133,14190
A_size,heterogeneous,500,1.0,informative,0,1000,crude,1,2,0.05,0.0375811753387317,14190
A_size,heterogeneous,500,1.0,informative,0,1000,crude,1,3,0.1,0.06054744915684551,14190
A_size,heterogeneous,500,1.0,informative,0,1000,crude,2,0,0.04,0.03151706885656604,14190
A_size,heterogeneous,500,1.0,informative,0,1000,crude,2,3,0.45,0.22937422334500843,14190
A_size,heterogeneous,500,1.0,informative,0,1000,crude,2,4,0.07,0.053403922229181354,14190
A_size,heterogeneous,500,1.0,informative,0,1000,crude,3,1,0.06,0.0587297969498492,14190
A_size,heterogeneous,500,1.0,informative,0,1000,crude,3,2,0.6,0.2736558623833399,14190
A_size,heterogeneous,500,1.0,informative,0,1000,crude,3,4,0.05,0.049982805914765276,14190
A_size,heterogeneous,500,1.0,informative,0,1000,crude,3,5,0.08,0.06622721783706399,14190
A_size,heterogeneous,500,1.0,informative,0,1000,crude,4,5,0.3,0.17772642794970617,14190
A_size,heterogeneous,500,1.0,informative,0,1000,crude,4,7,0.06,0.06123347517594918,14190
A_size,heterogeneous,500,1.0,informative,0,1000,crude,5,4,0.4,0.17757719143883707,14190
A_size,heterogeneous,500,1.0,informative,0,1000,crude,5,6,0.08,0.08195870374100173,14190
A_size,heterogeneous,500,1.0,informative,0,1000,crude,5,7,0.04,0.047809243848917674,14190
A_size,heterogeneous,500,1.0,informative,0,1000,crude,6,7,0.5,0.28838297258759643,14190
A_size,heterogeneous,500,1.0,informative,0,1000,crude,6,8,0.1,0.14098723104282493,14190
A_size,heterogeneous,500,1.0,informative,0,1000,crude,7,6,0.15,0.08339168177240064,14190
A_size,heterogeneous,500,1.0,informative,0,1000,crude,7,8,0.12,0.1760491059639569,14190
A_size,heterogeneous,500,1.0,informative,0,1000,crude,8,9,0.35,0.21550933568100958,14190
A_size,heterogeneous,500,1.0,informative,0,1000,crude,8,10,0.08,0.13755915043468697,14190
A_size,heterogeneous,500,1.0,informative,0,1000,crude,9,8,0.08,0.06517058697370308,14190
A_size,heterogeneous,500,1.0,informative,0,1000,crude,9,10,0.1,0.1066427786842414,14190
A_size,heterogeneous,500,1.0,informative,0,1000,crude,10,11,0.05,0.049893394447197814,14190
A_size,heterogeneous,500,1.0,informative,0,1000,oracle,0,1,0.6,0.3142424689970677,14190
A_size,heterogeneous,500,1.0,informative,0,1000,oracle,0,2,0.08,0.07278410127505612,14190
A_size,heterogeneous,500,1.0,informative,0,1000,oracle,1,0,0.85,0.4423364039772664,14190
A_size,heterogeneous,500,1.0,informative,0,1000,oracle,1,2,0.05,0.04090096886091162,14190
A_size,heterogeneous,500,1.0,informative,0,1000,oracle,1,3,0.1,0.06665343073630042,14190
A_size,heterogeneous,500,1.0,informative,0,1000,oracle,2,0,0.04,0.03902206175114655,14190
A_size,heterogeneous,500,1.0,informative,0,1000,oracle,2,3,0.45,0.25852115910134593,14190
A_size,heterogeneous,500,1.0,informative,0,1000,oracle,2,4,0.07,0.0642238099654287,14190
A_size,heterogeneous,500,1.0,informative,0,1000,oracle,3,1,0.06,0.06963925880992407,14190
A_size,heterogeneous,500,1.0,informative,0,1000,oracle,3,2,0.6,0.3468570775340449,14190
A_size,heterogeneous,500,1.0,informative,0,1000,oracle,3,4,0.05,0.048211794560716656,14190
A_size,heterogeneous,500,1.0,informative,0,1000,oracle,3,5,0.08,0.0830314239656787,14190
A_size,heterogeneous,500,1.0,informative,0,1000,oracle,4,5,0.3,0.2039137107651207,14190
A_size,heterogeneous,500,1.0,informative,0,1000,oracle,4,7,0.06,0.06975995368280445,14190
A_size,heterogeneous,500,1.0,informative,0,1000,oracle,5,4,0.4,0.23203447452501713,14190
A_size,heterogeneous,500,1.0,informative,0,1000,oracle,5,6,0.08,0.0999533121030843,14190
A_size,heterogeneous,500,1.0,informative,0,1000,oracle,5,7,0.04,0.044622014331734065,14190
A_size,heterogeneous,500,1.0,informative,0,1000,oracle,6,7,0.5,0.39711068416052375,14190
A_size,heterogeneous,500,1.0,informative,0,1000,oracle,6,8,0.1,0.18810506091814283,14190
A_size,heterogeneous,500,1.0,informative,0,1000,oracle,7,6,0.15,0.09645162168782995,14190
A_size,heterogeneous,500,1.0,informative,0,1000,oracle,7,8,0.12,0.18508284161718722,14190
A_size,heterogeneous,500,1.0,informative,0,1000,oracle,8,9,0.35,0.29741928090900616,14190
A_size,heterogeneous,500,1.0,informative,0,1000,oracle,8,10,0.08,0.13879566442420288,14190
A_size,heterogeneous,500,1.0,informative,0,1000,oracle,9,8,0.08,0.06776789991661823,14190
A_size,heterogeneous,500,1.0,informative,0,1000,oracle,9,10,0.1,0.12510996907683367,14190
A_size,heterogeneous,500,1.0,informative,0,1000,oracle,10,11,0.05,0.04704186735137337,14190
A_size,heterogeneous,500,1.0,informative,0,1000,panel,0,1,0.6,0.36485741434240015,14190
A_size,heterogeneous,500,1.0,informative,0,1000,panel,0,2,0.08,0.0710414518006267,14190
A_size,heterogeneous,500,1.0,informative,0,1000,panel,1,0,0.85,0.4680972010468884,14190
A_size,heterogeneous,500,1.0,informative,0,1000,panel,1,2,0.05,0.03227799093632611,14190
A_size,heterogeneous,500,1.0,informative,0,1000,panel,1,3,0.1,0.08214969744253126,14190
A_size,heterogeneous,500,1.0,informative,0,1000,panel,2,0,0.04,0.03672412543399449,14190
A_size,heterogeneous,500,1.0,informative,0,1000,panel,2,3,0.45,0.30850967685056524,14190
A_size,heterogeneous,500,1.0,informative,0,1000,panel,2,4,0.07,0.05587571638872219,14190
A_size,heterogeneous,500,1.0,informative,0,1000,panel,3,1,0.06,0.08022148851619164,14190
A_size,heterogeneous,500,1.0,informative,0,1000,panel,3,2,0.6,0.3897998453769403,14190
A_size,heterogeneous,500,1.0,informative,0,1000,panel,3,4,0.05,0.05605186889522639,14190
A_size,heterogeneous,500,1.0,informative,0,1000,panel,3,5,0.08,0.08531294341117956,14190
A_size,heterogeneous,500,1.0,informative,0,1000,panel,4,5,0.3,0.21363901166958518,14190
A_size,heterogeneous,500,1.0,informative,0,1000,panel,4,7,0.06,0.07218003847012802,14190
A_size,heterogeneous,500,1.0,informative,0,1000,panel,5,4,0.4,0.22869387841990327,14190
A_size,heterogeneous,500,1.0,informative,0,1000,panel,5,6,0.08,0.10684701283963483,14190
A_size,heterogeneous,500,1.0,informative,0,1000,panel,5,7,0.04,0.035666754411316504,14190
A_size,heterogeneous,500,1.0,informative,0,1000,panel,6,7,0.5,0.41560145999636916,14190
A_size,heterogeneous,500,1.0,informative,0,1000,panel,6,8,0.1,0.16215480372961746,14190
A_size,heterogeneous,500,1.0,informative,0,1000,panel,7,6,0.15,0.10840263534884892,14190
A_size,heterogeneous,500,1.0,informative,0,1000,panel,7,8,0.12,0.19465382235006756,14190
A_size,heterogeneous,500,1.0,informative,0,1000,panel,8,9,0.35,0.2719035087794094,14190
A_size,heterogeneous,500,1.0,informative,0,1000,panel,8,10,0.08,0.15232784896403684,14190
A_size,heterogeneous,500,1.0,informative,0,1000,panel,9,8,0.08,0.08551706065299562,14190
A_size,heterogeneous,500,1.0,informative,0,1000,panel,9,10,0.1,0.11058396998759491,14190
A_size,heterogeneous,500,1.0,informative,0,1000,panel,10,11,0.05,0.0461821960634687,14190
A_size,heterogeneous,500,1.0,informative,1,1001,crude,0,1,0.6,0.2891198790294558,14216
A_size,heterogeneous,500,1.0,informative,1,1001,crude,0,2,0.08,0.04760608449882606,14216
A_size,heterogeneous,500,1.0,informative,1,1001,crude,1,0,0.85,0.3485107823715101,14216
A_size,heterogeneous,500,1.0,informative,1,1001,crude,1,2,0.05,0.029675175528663236,14216
A_size,heterogeneous,500,1.0,informative,1,1001,crude,1,3,0.1,0.05935035105732647,14216
A_size,heterogeneous,500,1.0,informative,1,1001,crude,2,0,0.04,0.03200521364930346,14216
A_size,heterogeneous,500,1.0,informative,1,1001,crude,2,3,0.45,0.24704024285556112,14216
A_size,heterogeneous,500,1.0,informative,1,1001,crude,2,4,0.07,0.059009612665903266,14216
A_size,heterogeneous,500,1.0,informative,1,1001,crude,3,1,0.06,0.05788805094148484,14216
A_size,heterogeneous,500,1.0,informative,1,1001,crude,3,2,0.6,0.26757143546286327,14216
A_size,heterogeneous,500,1.0,informative,1,1001,crude,3,4,0.05,0.04245123735708888,14216
A_size,heterogeneous,500,1.0,informative,1,1001,crude,3,5,0.08,0.07975687018604578,14216
A_size,heterogeneous,500,1.0,informative,1,1001,crude,4,5,0.3,0.18005823868655516,14216
A_size,heterogeneous,500,1.0,informative,1,1001,crude,4,7,0.06,0.05686049642733321,14216
A_size,heterogeneous,500,1.0,informative,1,1001,crude,5,4,0.4,0.1849415150601895,14216
A_size,heterogeneous,500,1.0,informative,1,1001,crude,5,6,0.08,0.05950292223675662,14216
A_size,heterogeneous,500,1.0,informative,1,1001,crude,5,7,0.04,0.05146198679935708,14216
A_size,heterogeneous,500,1.0,informative,1,1001,crude,6,7,0.5,0.24125965110407877,14216
A_size,heterogeneous,500,1.0,informative,1,1001,crude,6,8,0.1,0.08041988370135959,14216
A_size,heterogeneous,500,1.0,informative,1,1001,crude,7,6,0.15,0.10956813578807176,14216
A_size,heterogeneous,500,1.0,informative,1,1001,crude,7,8,0.12,0.13766252957988503,14216
A_size,heterogeneous,500,1.0,informative,1,1001,crude,8,9,0.35,0.24870323582040815,14216
A_size,heterogeneous,500,1.0,informative,1,1001,crude,8,10,0.08,0.14667113907357404,14216
A_size,heterogeneous,500,1.0,informative,1,1001,crude,9,8,0.08,0.07099813117141396,14216
A_size,heterogeneous,500,1.0,informative,1,1001,crude,9,10,0.1,0.11833021861902326,14216
A_size,heterogeneous,500,1.0,informative,1,1001,crude,10,11,0.05,0.04880736756974935,14216
A_size,heterogeneous,500,1.0,informative,1,1001,oracle,0,1,0.6,0.325604211068956,14216
A_size,heterogeneous,500,1.0,informative,1,1001,oracle,0,2,0.08,0.05783759012409087,14216
A_size,heterogeneous,500,1.0,informative,1,1001,oracle,1,0,0.85,0.4734283882094657,14216
A_size,heterogeneous,500,1.0,informative,1,1001,oracle,1,2,0.05,0.028646940687833914,14216
A_size,heterogeneous,500,1.0,informative,1,1001,oracle,1,3,0.1,0.07387895230020325,14216
A_size,heterogeneous,500,1.0,informative,1,1001,oracle,2,0,0.04,0.04227003015582126,14216
A_size,heterogeneous,500,1.0,informative,1,1001,oracle,2,3,0.45,0.2765930234109174,14216
A_size,heterogeneous,500,1.0,informative,1,1001,oracle,2,4,0.07,0.06708070002989026,14216
A_size,heterogeneous,500,1.0,informative,1,1001,oracle,3,1,0.06,0.07644380703989724,14216
A_size,heterogeneous,500,1.0,informative,1,1001,oracle,3,2,0.6,0.35764781150809066,14216
A_size,heterogeneous,500,1.0,informative,1,1001,oracle,3,4,0.05,0.047777379399935774,14216
A_size,heterogeneous,500,1.0,informative,1,1001,oracle,3,5,0.08,0.08872941888559502,14216
A_size,heterogeneous,500,1.0,informative,1,1001,oracle,4,5,0.3,0.19547523704600248,14216
A_size,heterogeneous,500,1.0,informative,1,1001,oracle,4,7,0.06,0.08270106182715489,14216
A_size,heterogeneous,500,1.0,informative,1,1001,oracle,5,4,0.4,0.23235815883359998,14216
A_size,heterogeneous,500,1.0,informative,1,1001,oracle,5,6,0.08,0.07302684991913143,14216
A_size,heterogeneous,500,1.0,informative,1,1001,oracle,5,7,0.04,0.038173126094091424,14216
A_size,heterogeneous,500,1.0,informative,1,1001,oracle,6,7,0.5,0.35565382358451414,14216
A_size,heterogeneous,500,1.0,informative,1,1001,oracle,6,8,0.1,0.05927563726408569,14216
A_size,heterogeneous,500,1.0,informative,1,1001,oracle,7,6,0.15,0.1119811236305646,14216
A_size,heterogeneous,500,1.0,informative,1,1001,oracle,7,8,0.12,0.16553731319300855,14216
A_size,heterogeneous,500,1.0,informative,1,1001,oracle,8,9,0.35,0.3078648143093837,14216
A_size,heterogeneous,500,1.0,informative,1,1001,oracle,8,10,0.08,0.16375787995179986,14216
A_size,heterogeneous,500,1.0,informative,1,1001,oracle,9,8,0.08,0.08461944169665582,14216
A_size,heterogeneous,500,1.0,informative,1,1001,oracle,9,10,0.1,0.12692916254498374,14216
A_size,heterogeneous,500,1.0,informative,1,1001,oracle,10,11,0.05,0.05740976444752132,14216
A_size,heterogeneous,500,1.0,informative,1,1001,panel,0,1,0.6,0.39355122010547916,14216
A_size,heterogeneous,500,1.0,informative,1,1001,panel,0,2,0.08,0.051684446164654896,14216
A_size,heterogeneous,500,1.0,informative,1,1001,panel,1,0,0.85,0.504136824255769,14216
A_size,heterogeneous,500,1.0,informative,1,1001,panel,1,2,0.05,0.02560168185807117,14216
A_size,heterogeneous,500,1.0,informative,1,1001,panel,1,3,0.1,0.07866630975204587,14216
A_size,heterogeneous,500,1.0,informative,1,1001,panel,2,0,0.04,0.036410816752663444,14216
A_size,heterogeneous,500,1.0,informative,1,1001,panel,2,3,0.45,0.32048109645652306,14216
A_size,heterogeneous,500,1.0,informative,1,1001,panel,2,4,0.07,0.06375291099062338,14216
A_size,heterogeneous,500,1.0,informative,1,1001,panel,3,1,0.06,0.07697523403740024,14216
A_size,heterogeneous,500,1.0,informative,1,1001,panel,3,2,0.6,0.380015892015662,14216
A_size,heterogeneous,500,1.0,informative,1,1001,panel,3,4,0.05,0.042953858953667594,14216
A_size,heterogeneous,500,1.0,informative,1,1001,panel,3,5,0.08,0.09786951215422629,14216
A_size,heterogeneous,500,1.0,informative,1,1001,panel,4,5,0.3,0.21099787831630074,14216
A_size,heterogeneous,500,1.0,informative,1,1001,panel,4,7,0.06,0.07284743644105193,14216
A_size,heterogeneous,500,1.0,informative,1,1001,panel,5,4,0.4,0.23807977529375254,14216
A_size,heterogeneous,500,1.0,informative,1,1001,panel,5,6,0.08,0.07112566775450492,14216
A_size,heterogeneous,500,1.0,informative,1,1001,panel,5,7,0.04,0.05045198205382993,14216
A_size,heterogeneous,500,1.0,informative,1,1001,panel,6,7,0.5,0.33865381461771443,14216
A_size,heterogeneous,500,1.0,informative,1,1001,panel,6,8,0.1,0.0750282004241164,14216
A_size,heterogeneous,500,1.0,informative,1,1001,panel,7,6,0.15,0.13885575123308097,14216
A_size,heterogeneous,500,1.0,informative,1,1001,panel,7,8,0.12,0.16549658086834404,14216
A_size,heterogeneous,500,1.0,informative,1,1001,panel,8,9,0.35,0.302649309131092,14216
A_size,heterogeneous,500,1.0,informative,1,1001,panel,8,10,0.08,0.15322079614427897,14216
A_size,heterogeneous,500,1.0,informative,1,1001,panel,9,8,0.08,0.09244985746609063,14216
A_size,heterogeneous,500,1.0,informative,1,1001,panel,9,10,0.1,0.13035628967383361,14216
A_size,heterogeneous,500,1.0,informative,1,1001,panel,10,11,0.05,0.05587383588772965,14216
A_size,heterogeneous,500,1.0,informative,2,1002,crude,0,1,0.6,0.27891266717035035,14767
A_size,heterogeneous,500,1.0,informative,2,1002,crude,0,2,0.08,0.053907490293429054,14767
A_size,heterogeneous,500,1.0,informative,2,1002,crude,1,0,0.85,0.3144630289339923,14767
A_size,heterogeneous,500,1.0,informative,2,1002,crude,1,2,0.05,0.0358827107704763,14767
A_size,heterogeneous,500,1.0,informative,2,1002,crude,1,3,0.1,0.0613268147713595,14767
A_size,heterogeneous,500,1.0,informative,2,1002,crude,2,0,0.04,0.028709070543841197,14767
A_size,heterogeneous,500,1.0,informative,2,1002,crude,2,3,0.45,0.23576236719336258,14767
A_size,heterogeneous,500,1.0,informative,2,1002,crude,2,4,0.07,0.057418141087682395,14767
A_size,heterogeneous,500,1.0,informative,2,1002,crude,3,1,0.06,0.06220405863710031,14767
A_size,heterogeneous,500,1.0,informative,2,1002,crude,3,2,0.6,0.2710319697759371,14767
A_size,heterogeneous,500,1.0,informative,2,1002,crude,3,4,0.05,0.03554517636405732,14767
A_size,heterogeneous,500,1.0,informative,2,1002,crude,3,5,0.08,0.05998248511434673,14767
A_size,heterogeneous,500,1.0,informative,2,1002,crude,4,5,0.3,0.16497453554592065,14767
A_size,heterogeneous,500,1.0,informative,2,1002,crude,4,7,0.06,0.057106569996664844,14767
A_size,heterogeneous,500,1.0,informative,2,1002,crude,5,4,0.4,0.19411441711407262,14767
A_size,heterogeneous,500,1.0,informative,2,1002,crude,5,6,0.08,0.06751805812663396,14767
A_size,heterogeneous,500,1.0,informative,2,1002,crude,5,7,0.04,0.04388673778231207,14767
A_size,heterogeneous,500,1.0,informative,2,1002,crude,6,7,0.5,0.29848458021874846,14767
A_size,heterogeneous,500,1.0,informative,2,1002,crude,6,8,0.1,0.11532358781178918,14767
A_size,heterogeneous,500,1.0,informative,2,1002,crude,7,6,0.15,0.09956701623539768,14767
A_size,heterogeneous,500,1.0,informative,2,1002,crude,7,8,0.12,0.14935052435309654,14767
A_size,heterogeneous,500,1.0,informative,2,1002,crude,8,9,0.35,0.2841739725690022,14767
A_size,heterogeneous,500,1.0,informative,2,1002,crude,8,10,0.08,0.09472465752300073,14767
A_size,heterogeneous,500,1.0,informative,2,1002,crude,9,8,0.08,0.06396550979711742,14767
A_size,heterogeneous,500,1.0,informative,2,1002,crude,9,10,0.1,0.11993533086959515,14767
A_size,heterogeneous,500,1.0,informative,2,1002,crude,10,11,0.05,0.048185837631624796,14767
A_size,heterogeneous,500,1.0,informative,2,1002,oracle,0,1,0.6,0.32472006312929685,14767
A_size,heterogeneous,500,1.0,informative,2,1002,oracle,0,2,0.08,0.06919370472721594,14767
A_size,heterogeneous,500,1.0,informative,2,1002,oracle,1,0,0.85,0.4332108434887754,14767
A_size,heterogeneous,500,1.0,informative,2,1002,oracle,1,2,0.05,0.026811094548165257,14767
A_size,heterogeneous,500,1.0,informative,2,1002,oracle,1,3,0.1,0.07408328756729873,14767
A_size,heterogeneous,500,1.0,informative,2,1002,oracle,2,0,0.04,0.0357061046748988,14767
A_size,heterogeneous,500,1.0,informative,2,1002,oracle,2,3,0.45,0.274540271500333,14767
A_size,heterogeneous,500,1.0,informative,2,1002,oracle,2,4,0.07,0.06427098841481783,14767
A_size,heterogeneous,500,1.0,informative,2,1002,oracle,3,1,0.06,0.07137116926799622,14767
A_size,heterogeneous,500,1.0,informative,2,1002,oracle,3,2,0.6,0.37469863865698017,14767
A_size,heterogeneous,500,1.0,informative,2,1002,oracle,3,4,0.05,0.03925414309739792,14767
A_size,heterogeneous,500,1.0,informative,2,1002,oracle,3,5,0.08,0.06899213029239634,14767
A_size,heterogeneous,500,1.0,informative,2,1002,oracle,4,5,0.3,0.19471230742439452,14767
A_size,heterogeneous,500,1.0,informative,2,1002,oracle,4,7,0.06,0.06685904532042462,14767
A_size,heterogeneous,500,1.0,informative,2,1002,oracle,5,4,0.4,0.25265457434321076,14767
A_size,heterogeneous,500,1.0,informative,2,1002,oracle,5,6,0.08,0.08246364579257574,14767
A_size,heterogeneous,500,1.0,informative,2,1002,oracle,5,7,0.04,0.0368454587583849,14767
A_size,heterogeneous,500,1.0,informative,2,1002,oracle,6,7,0.5,0.37037674798142495,14767
A_size,heterogeneous,500,1.0,informative,2,1002,oracle,6,8,0.1,0.13277657003107687,14767
A_size,heterogeneous,500,1.0,informative,2,1002,oracle,7,6,0.15,0.1063974232654732,14767
A_size,heterogeneous,500,1.0,informative,2,1002,oracle,7,8,0.12,0.1455964739422265,14767
A_size,heterogeneous,500,1.0,informative,2,1002,oracle,8,9,0.35,0.34725662034354354,14767
A_size,heterogeneous,500,1.0,informative,2,1002,oracle,8,10,0.08,0.10684819087493648,14767
A_size,heterogeneous,500,1.0,informative,2,1002,oracle,9,8,0.08,0.08839050005701078,14767
A_size,heterogeneous,500,1.0,informative,2,1002,oracle,9,10,0.1,0.12918611546793882,14767
A_size,heterogeneous,500,1.0,informative,2,1002,oracle,10,11,0.05,0.04835765255839515,14767
A_size,heterogeneous,500,1.0,informative,2,1002,panel,0,1,0.6,0.3722360857681131,14767
A_size,heterogeneous,500,1.0,informative,2,1002,panel,0,2,0.08,0.06210086858696158,14767
A_size,heterogeneous,500,1.0,informative,2,1002,panel,1,0,0.85,0.44816603071709793,14767
A_size,heterogeneous,500,1.0,informative,2,1002,panel,1,2,0.05,0.02950164082417862,14767
A_size,heterogeneous,500,1.0,informative,2,1002,panel,1,3,0.1,0.08202920285008229,14767
A_size,heterogeneous,500,1.0,informative,2,1002,panel,2,0,0.04,0.03240894231619993,14767
A_size,heterogeneous,500,1.0,informative,2,1002,panel,2,3,0.45,0.3036864736289798,14767
A_size,heterogeneous,500,1.0,informative,2,1002,panel,2,4,0.07,0.061787272832678146,14767
A_size,heterogeneous,500,1.0,informative,2,1002,panel,3,1,0.06,0.08189598015491804,14767
A_size,heterogeneous,500,1.0,informative,2,1002,panel,3,2,0.6,0.3821450961503985,14767
A_size,heterogeneous,500,1.0,informative,2,1002,panel,3,4,0.05,0.0375341426299025,14767
A_size,heterogeneous,500,1.0,informative,2,1002,panel,3,5,0.08,0.07221751777850942,14767
A_size,heterogeneous,500,1.0,informative,2,1002,panel,4,5,0.3,0.19557562133374726,14767
A_size,heterogeneous,500,1.0,informative,2,1002,panel,4,7,0.06,0.06484690195760699,14767
A_size,heterogeneous,500,1.0,informative,2,1002,panel,5,4,0.4,0.24380035078462273,14767
A_size,heterogeneous,500,1.0,informative,2,1002,panel,5,6,0.08,0.08124521532009449,14767
A_size,heterogeneous,500,1.0,informative,2,1002,panel,5,7,0.04,0.03986396429931723,14767
A_size,heterogeneous,500,1.0,informative,2,1002,panel,6,7,0.5,0.43270913671207656,14767
A_size,heterogeneous,500,1.0,informative,2,1002,panel,6,8,0.1,0.12030254812581453,14767
A_size,heterogeneous,500,1.0,informative,2,1002,panel,7,6,0.15,0.12988026980136563,14767
A_size,heterogeneous,500,1.0,informative,2,1002,panel,7,8,0.12,0.16358294892196187,14767
A_size,heterogeneous,500,1.0,informative,2,1002,panel,8,9,0.35,0.3303641878795516,14767
A_size,heterogeneous,500,1.0,informative,2,1002,panel,8,10,0.08,0.09745861675965851,14767
A_size,heterogeneous,500,1.0,informative,2,1002,panel,9,8,0.08,0.08407719607217644,14767
A_size,heterogeneous,500,1.0,informative,2,1002,panel,9,10,0.1,0.12578631919750197,14767
A_size,heterogeneous,500,1.0,informative,2,1002,panel,10,11,0.05,0.044927390784468446,14767
A_size,heterogeneous,500,1.0,informative,3,1003,crude,0,1,0.6,0.2823512605923571,14286
A_size,heterogeneous,500,1.0,informative,3,1003,crude,0,2,0.08,0.05133659283497402,14286
A_size,heterogeneous,500,1.0,informative,3,1003,crude,1,0,0.85,0.32526447076585807,14286
A_size,heterogeneous,500,1.0,informative,3,1003,crude,1,2,0.05,0.04184689097572443,14286
A_size,heterogeneous,500,1.0,informative,3,1003,crude,1,3,0.1,0.05452776702897426,14286
A_size,heterogeneous,500,1.0,informative,3,1003,crude,2,0,0.04,0.031374882413400314,14286
A_size,heterogeneous,500,1.0,informative,3,1003,crude,2,3,0.45,0.2593041752401614,14286
A_size,heterogeneous,500,1.0,informative,3,1003,crude,2,4,0.07,0.05444464889384172,14286
A_size,heterogeneous,500,1.0,informative,3,1003,crude,3,1,0.06,0.04199663522958549,14286
A_size,heterogeneous,500,1.0,informative,3,1003,crude,3,2,0.6,0.28677702342488376,14286
A_size,heterogeneous,500,1.0,informative,3,1003,crude,3,4,0.05,0.04439644295699037,14286
A_size,heterogeneous,500,1.0,informative,3,1003,crude,3,5,0.08,0.06599471250363434,14286
A_size,heterogeneous,500,1.0,informative,3,1003,crude,4,5,0.3,0.17911874392166657,14286
A_size,heterogeneous,500,1.0,informative,3,1003,crude,4,7,0.06,0.05427840724898987,14286
A_size,heterogeneous,500,1.0,informative,3,1003,crude,5,4,0.4,0.22883474001582826,14286
A_size,heterogeneous,500,1.0,informative,3,1003,crude,5,6,0.08,0.05767379626415184,14286
A_size,heterogeneous,500,1.0,informative,3,1003,crude,5,7,0.04,0.033488010734023646,14286
A_size,heterogeneous,500,1.0,informative,3,1003,crude,6,7,0.5,0.21242775625013727,14286
A_size,heterogeneous,500,1.0,informative,3,1003,crude,6,8,0.1,0.1172015206897309,14286
A_size,heterogeneous,500,1.0,informative,3,1003,crude,7,6,0.15,0.09561243239766426,14286
A_size,heterogeneous,500,1.0,informative,3,1003,crude,7,8,0.12,0.1434186485964964,14286
A_size,heterogeneous,500,1.0,informative,3,1003,crude,8,9,0.35,0.19496407786865272,14286
A_size,heterogeneous,500,1.0,informative,3,1003,crude,8,10,0.08,0.11140804449637298,14286
A_size,heterogeneous,500,1.0,informative,3,1003,crude,9,8,0.08,0.01991726368664567,14286
A_size,heterogeneous,500,1.0,informative,3,1003,crude,9,10,0.1,0.18921400502313387,14286
A_size,heterogeneous,500,1.0,informative,3,1003,crude,10,11,0.05,0.04325184685386065,14286
A_size,heterogeneous,500,1.0,informative,3,1003,oracle,0,1,0.6,0.32463654235120515,14286
A_size,heterogeneous,500,1.0,informative,3,1003,oracle,0,2,0.08,0.05530086210399079,14286
A_size,heterogeneous,500,1.0,informative,3,1003,oracle,1,0,0.85,0.44886960165494044,14286
A_size,heterogeneous,500,1.0,informative,3,1003,oracle,1,2,0.05,0.04467753422381989,14286
A_size,heterogeneous,500,1.0,informative,3,1003,oracle,1,3,0.1,0.0635258689744939,14286
A_size,heterogeneous,500,1.0,informative,3,1003,oracle,2,0,0.04,0.0400835861468101,14286
A_size,heterogeneous,500,1.0,informative,3,1003,oracle,2,3,0.45,0.29252489464586945,14286
A_size,heterogeneous,500,1.0,informative,3,1003,oracle,2,4,0.07,0.061404642607879305,14286
A_size,heterogeneous,500,1.0,informative,3,1003,oracle,3,1,0.06,0.05179511489245621,14286
A_size,heterogeneous,500,1.0,informative,3,1003,oracle,3,2,0.6,0.37393546361383023,14286
A_size,heterogeneous,500,1.0,informative,3,1003,oracle,3,4,0.05,0.03916216004063763,14286
A_size,heterogeneous,500,1.0,informative,3,1003,oracle,3,5,0.08,0.09095727493309384,14286
A_size,heterogeneous,500,1.0,informative,3,1003,oracle,4,5,0.3,0.19618832346255788,14286
A_size,heterogeneous,500,1.0,informative,3,1003,oracle,4,7,0.06,0.06208491248815123,14286
A_size,heterogeneous,500,1.0,informative,3,1003,oracle,5,4,0.4,0.29099271148039213,14286
A_size,heterogeneous,500,1.0,informative,3,1003,oracle,5,6,0.08,0.06937574578340475,14286
A_size,heterogeneous,500,1.0,informative,3,1003,oracle,5,7,0.04,0.03276076884216335,14286
A_size,heterogeneous,500,1.0,informative,3,1003,oracle,6,7,0.5,0.3023386129021907,14286
A_size,heterogeneous,500,1.0,informative,3,1003,oracle,6,8,0.1,0.13178862613685235,14286
A_size,heterogeneous,500,1.0,informative,3,1003,oracle,7,6,0.15,0.1169735569368786,14286
A_size,heterogeneous,500,1.0,informative,3,1003,oracle,7,8,0.12,0.17180491175104043,14286
A_size,heterogeneous,500,1.0,informative,3,1003,oracle,8,9,0.35,0.27009292981615024,14286
A_size,heterogeneous,500,1.0,informative,3,1003,oracle,8,10,0.08,0.10219732479530008,14286
A_size,heterogeneous,500,1.0,informative,3,1003,oracle,9,8,0.08,0.037131108499870155,14286
A_size,heterogeneous,500,1.0,informative,3,1003,oracle,9,10,0.1,0.20422109674928587,14286
A_size,heterogeneous,500,1.0,informative,3,1003,oracle,10,11,0.05,0.041304441632094874,14286
A_size,heterogeneous,500,1.0,informative,3,1003,panel,0,1,0.6,0.37787520472634994,14286
A_size,heterogeneous,500,1.0,informative,3,1003,panel,0,2,0.08,0.05662864963220143,14286
A_size,heterogeneous,500,1.0,informative,3,1003,panel,1,0,0.85,0.4655079829100172,14286
A_size,heterogeneous,500,1.0,informative,3,1003,panel,1,2,0.05,0.03770812546500233,14286
A_size,heterogeneous,500,1.0,informative,3,1003,panel,1,3,0.1,0.06949967690214817,14286
A_size,heterogeneous,500,1.0,informative,3,1003,panel,2,0,0.04,0.03858753478438456,14286
A_size,heterogeneous,500,1.0,informative,3,1003,panel,2,3,0.45,0.3456967805745464,14286
A_size,heterogeneous,500,1.0,informative,3,1003,panel,2,4,0.07,0.06030827825287904,14286
A_size,heterogeneous,500,1.0,informative,3,1003,panel,3,1,0.06,0.0605490407817061,14286
A_size,heterogeneous,500,1.0,informative,3,1003,panel,3,2,0.6,0.4176871113884807,14286
A_size,heterogeneous,500,1.0,informative,3,1003,panel,3,4,0.05,0.03938878775809917,14286
A_size,heterogeneous,500,1.0,informative,3,1003,panel,3,5,0.08,0.08715507556107126,14286
A_size,heterogeneous,500,1.0,informative,3,1003,panel,4,5,0.3,0.2187181717091892,14286
A_size,heterogeneous,500,1.0,informative,3,1003,panel,4,7,0.06,0.061771557231531236,14286
A_size,heterogeneous,500,1.0,informative,3,1003,panel,5,4,0.4,0.2976913669748479,14286
A_size,heterogeneous,500,1.0,informative,3,1003,panel,5,6,0.08,0.07467205166704531,14286
A_size,heterogeneous,500,1.0,informative,3,1003,panel,5,7,0.04,0.028875306430530788,14286
A_size,heterogeneous,500,1.0,informative,3,1003,panel,6,7,0.5,0.2917171232030645,14286
A_size,heterogeneous,500,1.0,informative,3,1003,panel,6,8,0.1,0.1537703746661012,14286
A_size,heterogeneous,500,1.0,informative,3,1003,panel,7,6,0.15,0.1218216406713101,14286
A_size,heterogeneous,500,1.0,informative,3,1003,panel,7,8,0.12,0.16114941193016324,14286
A_size,heterogeneous,500,1.0,informative,3,1003,panel,8,9,0.35,0.25268809431323724,14286
A_size,heterogeneous,500,1.0,informative,3,1003,panel,8,10,0.08,0.09403220005591899,14286
A_size,heterogeneous,500,1.0,informative,3,1003,panel,9,8,0.08,0.026697520860072554,14286
A_size,heterogeneous,500,1.0,informative,3,1003,panel,9,10,0.1,0.21883504491427586,14286
A_size,heterogeneous,500,1.0,informative,3,1003,panel,10,11,0.05,0.038846428876950945,14286
A_size,heterogeneous,500,1.0,informative,4,1004,crude,0,1,0.6,0.263326179638786,14503
A_size,heterogeneous,500,1.0,informative,4,1004,crude,0,2,0.08,0.05055418216693993,14503
A_size,heterogeneous,500,1.0,informative,4,1004,crude,1,0,0.85,0.32967336497603617,14503
A_size,heterogeneous,500,1.0,informative,4,1004,crude,1,2,0.05,0.04112349667060742,14503
A_size,heterogeneous,500,1.0,informative,4,1004,crude,1,3,0.1,0.06168524500591113,14503
A_size,heterogeneous,500,1.0,informative,4,1004,crude,2,0,0.04,0.03993766728578368,14503
A_size,heterogeneous,500,1.0,informative,4,1004,crude,2,3,0.45,0.2263134479527742,14503
A_size,heterogeneous,500,1.0,informative,4,1004,crude,2,4,0.07,0.05075411884235009,14503
A_size,heterogeneous,500,1.0,informative,4,1004,crude,3,1,0.06,0.05038179214889769,14503
A_size,heterogeneous,500,1.0,informative,4,1004,crude,3,2,0.6,0.25619677284226694,14503
A_size,heterogeneous,500,1.0,informative,4,1004,crude,3,4,0.05,0.034302496782228215,14503
A_size,heterogeneous,500,1.0,informative,4,1004,crude,3,5,0.08,0.04930983912445305,14503
A_size,heterogeneous,500,1.0,informative,4,1004,crude,4,5,0.3,0.1795192642402955,14503
A_size,heterogeneous,500,1.0,informative,4,1004,crude,4,7,0.06,0.056099770075092335,14503
A_size,heterogeneous,500,1.0,informative,4,1004,crude,5,4,0.4,0.1992362008554475,14503
A_size,heterogeneous,500,1.0,informative,4,1004,crude,5,6,0.08,0.08150571853177398,14503
A_size,heterogeneous,500,1.0,informative,4,1004,crude,5,7,0.04,0.039847240171089496,14503
A_size,heterogeneous,500,1.0,informative,4,1004,crude,6,7,0.5,0.24023071758116488,14503
A_size,heterogeneous,500,1.0,informative,4,1004,crude,6,8,0.1,0.10209805497199508,14503
A_size,heterogeneous,500,1.0,informative,4,1004,crude,7,6,0.15,0.07583297786624957,14503
A_size,heterogeneous,500,1.0,informative,4,1004,crude,7,8,0.12,0.14534654091031168,14503
A_size,heterogeneous,500,1.0,informative,4,1004,crude,8,9,0.35,0.18744867128180925,14503
A_size,heterogeneous,500,1.0,informative,4,1004,crude,8,10,0.08,0.1054398775960177,14503
A_size,heterogeneous,500,1.0,informative,4,1004,crude,9,8,0.08,0.07720312915311472,14503
A_size,heterogeneous,500,1.0,informative,4,1004,crude,9,10,0.1,0.12131920295489457,14503
A_size,heterogeneous,500,1.0,informative,4,1004,crude,10,11,0.05,0.008703894383463993,14503
A_size,heterogeneous,500,1.0,informative,4,1004,oracle,0,1,0.6,0.301293196077831,14503
A_size,heterogeneous,500,1.0,informative,4,1004,oracle,0,2,0.08,0.06474490000318874,14503
A_size,heterogeneous,500,1.0,informative,4,1004,oracle,1,0,0.85,0.46103529680567074,14503
A_size,heterogeneous,500,1.0,informative,4,1004,oracle,1,2,0.05,0.03320057783870624,14503
A_size,heterogeneous,500,1.0,informative,4,1004,oracle,1,3,0.1,0.07243762437535907,14503
A_size,heterogeneous,500,1.0,informative,4,1004,oracle,2,0,0.04,0.05008877202949259,14503
A_size,heterogeneous,500,1.0,informative,4,1004,oracle,2,3,0.45,0.2673969829882143,14503
A_size,heterogeneous,500,1.0,informative,4,1004,oracle,2,4,0.07,0.05548294747882256,14503
A_size,heterogeneous,500,1.0,informative,4,1004,oracle,3,1,0.06,0.0628236935274595,14503
A_size,heterogeneous,500,1.0,informative,4,1004,oracle,3,2,0.6,0.3518126837537732,14503
A_size,heterogeneous,500,1.0,informative,4,1004,oracle,3,4,0.05,0.0376942161164757,14503
A_size,heterogeneous,500,1.0,informative,4,1004,oracle,3,5,0.08,0.05597019968810028,14503
A_size,heterogeneous,500,1.0,informative,4,1004,oracle,4,5,0.3,0.1985565162996304,14503
A_size,heterogeneous,500,1.0,informative,4,1004,oracle,4,7,0.06,0.05727591816335492,14503
A_size,heterogeneous,500,1.0,informative,4,1004,oracle,5,4,0.4,0.23846400018371383,14503
A_size,heterogeneous,500,1.0,informative,4,1004,oracle,5,6,0.08,0.09200579534647227,14503
A_size,heterogeneous,500,1.0,informative,4,1004,oracle,5,7,0.04,0.04318639373405841,14503
A_size,heterogeneous,500,1.0,informative,4,1004,oracle,6,7,0.5,0.31704307994836906,14503
A_size,heterogeneous,500,1.0,informative,4,1004,oracle,6,8,0.1,0.08972917357029313,14503
A_size,heterogeneous,500,1.0,informative,4,1004,oracle,7,6,0.15,0.10037691101136281,14503
A_size,heterogeneous,500,1.0,informative,4,1004,oracle,7,8,0.12,0.15335361404513762,14503
A_size,heterogeneous,500,1.0,informative,4,1004,oracle,8,9,0.35,0.24367605933440134,14503
A_size,heterogeneous,500,1.0,informative,4,1004,oracle,8,10,0.08,0.09996966536795952,14503
A_size,heterogeneous,500,1.0,informative,4,1004,oracle,9,8,0.08,0.07981925914227304,14503
A_size,heterogeneous,500,1.0,informative,4,1004,oracle,9,10,0.1,0.14190090514181875,14503
A_size,heterogeneous,500,1.0,informative,4,1004,oracle,10,11,0.05,0.028940786921952295,14503
A_size,heterogeneous,500,1.0,informative,4,1004,panel,0,1,0.6,0.35192173651875613,14503
A_size,heterogeneous,500,1.0,informative,4,1004,panel,0,2,0.08,0.055228354574434466,14503
A_size,heterogeneous,500,1.0,informative,4,1004,panel,1,0,0.85,0.46763542168739203,14503
A_size,heterogeneous,500,1.0,informative,4,1004,panel,1,2,0.05,0.038627636621946154,14503
A_size,heterogeneous,500,1.0,informative,4,1004,panel,1,3,0.1,0.08117087206311434,14503
A_size,heterogeneous,500,1.0,informative,4,1004,panel,2,0,0.04,0.047520033082724185,14503
A_size,heterogeneous,500,1.0,informative,4,1004,panel,2,3,0.45,0.29419696644500715,14503
A_size,heterogeneous,500,1.0,informative,4,1004,panel,2,4,0.07,0.05682544462943084,14503
A_size,heterogeneous,500,1.0,informative,4,1004,panel,3,1,0.06,0.07004231178294104,14503
A_size,heterogeneous,500,1.0,informative,4,1004,panel,3,2,0.6,0.3596001819983549,14503
A_size,heterogeneous,500,1.0,informative,4,1004,panel,3,4,0.05,0.03324649787443785,14503
A_size,heterogeneous,500,1.0,informative,4,1004,panel,3,5,0.08,0.05995938759828618,14503
A_size,heterogeneous,500,1.0,informative,4,1004,panel,4,5,0.3,0.21320695336768664,14503
A_size,heterogeneous,500,1.0,informative,4,1004,panel,4,7,0.06,0.05626756604863996,14503
A_size,heterogeneous,500,1.0,informative,4,1004,panel,5,4,0.4,0.2592042433029736,14503
A_size,heterogeneous,500,1.0,informative,4,1004,panel,5,6,0.08,0.09685156054581318,14503
A_size,heterogeneous,500,1.0,informative,4,1004,panel,5,7,0.04,0.03577047056880742,14503
A_size,heterogeneous,500,1.0,informative,4,1004,panel,6,7,0.5,0.31053836483233743,14503
A_size,heterogeneous,500,1.0,informative,4,1004,panel,6,8,0.1,0.1042442491923621,14503
A_size,heterogeneous,500,1.0,informative,4,1004,panel,7,6,0.15,0.094939617166648,14503
A_size,heterogeneous,500,1.0,informative,4,1004,panel,7,8,0.12,0.15016337409762462,14503
A_size,heterogeneous,500,1.0,informative,4,1004,panel,8,9,0.35,0.2250788551399013,14503
A_size,heterogeneous,500,1.0,informative,4,1004,panel,8,10,0.08,0.10433426864408894,14503
A_size,heterogeneous,500,1.0,informative,4,1004,panel,9,8,0.08,0.09399080690502339,14503
A_size,heterogeneous,500,1.0,informative,4,1004,panel,9,10,0.1,0.13705146249533554,14503
A_size,heterogeneous,500,1.0,informative,4,1004,panel,10,11,0.05,0.015538831711166419,14503
A_size,heterogeneous,1000,1.0,informative,0,1000,crude,0,1,0.6,0.2879482323201618,28668
A_size,heterogeneous,1000,1.0,informative,0,1000,crude,0,2,0.08,0.053819257783177,28668
A_size,heterogeneous,1000,1.0,informative,0,1000,crude,1,0,0.85,0.329420099881934,28668
A_size,heterogeneous,1000,1.0,informative,0,1000,crude,1,2,0.05,0.0399092112793308,28668
A_size,heterogeneous,1000,1.0,informative,0,1000,crude,1,3,0.1,0.0605402442288154,28668
A_size,heterogeneous,1000,1.0,informative,0,1000,crude,2,0,0.04,0.03213544877422,28668
A_size,heterogeneous,1000,1.0,informative,0,1000,crude,2,3,0.45,0.2298577238711574,28668
A_size,heterogeneous,1000,1.0,informative,0,1000,crude,2,4,0.07,0.0566833610323048,28668
A_size,heterogeneous,1000,1.0,informative,0,1000,crude,3,1,0.06,0.0553682573904801,28668
A_size,heterogeneous,1000,1.0,informative,0,1000,crude,3,2,0.6,0.2855509004744989,28668
A_size,heterogeneous,1000,1.0,informative,0,1000,crude,3,4,0.05,0.0516355658810096,28668
A_size,heterogeneous,1000,1.0,informative,0,1000,crude,3,5,0.08,0.0584788336483723,28668
A_size,heterogeneous,1000,1.0,informative,0,1000,crude,4,5,0.3,0.1665657725771508,28668
A_size,heterogeneous,1000,1.0,informative,0,1000,crude,4,7,0.06,0.0638611855335321,28668
A_size,heterogeneous,1000,1.0,informative,0,1000,crude,5,4,0.4,0.1914327236527375,28668
A_size,heterogeneous,1000,1.0,informative,0,1000,crude,5,6,0.08,0.0715636350103691,28668
A_size,heterogeneous,1000,1.0,informative,0,1000,crude,5,7,0.04,0.0420436355685919,28668
A_size,heterogeneous,1000,1.0,informative,0,1000,crude,6,7,0.5,0.2929055032604722,28668
A_size,heterogeneous,1000,1.0,informative,0,1000,crude,6,8,0.1,0.1374124583197277,28668
A_size,heterogeneous,1000,1.0,informative,0,1000,crude,7,6,0.15,0.0838491638972711,28668
A_size,heterogeneous,1000,1.0,informative,0,1000,crude,7,8,0.12,0.1676983277945422,28668
A_size,heterogeneous,1000,1.0,informative,0,1000,crude,8,9,0.35,0.2203480397287514,28668
A_size,heterogeneous,1000,1.0,informative,0,1000,crude,8,10,0.08,0.1416523112541973,28668
A_size,heterogeneous,1000,1.0,informative,0,1000,crude,9,8,0.08,0.0715717660834283,28668
A_size,heterogeneous,1000,1.0,informative,0,1000,crude,9,10,0.1,0.1180934140376567,28668
A_size,heterogeneous,1000,1.0,informative,0,1000,crude,10,11,0.05,0.0509744106141698,28668
A_size,heterogeneous,1000,1.0,informative,0,1000,oracle,0,1,0.6,0.3308399281761405,28668
A_size,heterogeneous,1000,1.0,informative,0,1000,oracle,0,2,0.08,0.0657761278522783,28668
A_size,heterogeneous,1000,1.0,informative,0,1000,oracle,1,0,0.85,0.4475950411049456,28668
A_size,heterogeneous,1000,1.0,informative,0,1000,oracle,1,2,0.05,0.0365308401231571,28668
A_size,heterogeneous,1000,1.0,informative,0,1000,oracle,1,3,0.1,0.0730616802463142,28668
A_size,heterogeneous,1000,1.0,informative,0,1000,oracle,2,0,0.04,0.0388197402999632,28668
A_size,heterogeneous,1000,1.0,informative,0,1000,oracle,2,3,0.45,0.2638916388476222,28668
A_size,heterogeneous,1000,1.0,informative,0,1000,oracle,2,4,0.07,0.0677280575446166,28668
A_size,heterogeneous,1000,1.0,informative,0,1000,oracle,3,1,0.06,0.0673466388565419,28668
A_size,heterogeneous,1000,1.0,informative,0,1000,oracle,3,2,0.6,0.3780746953629634,28668
A_size,heterogeneous,1000,1.0,informative,0,1000,oracle,3,4,0.05,0.0500098803390163,28668
A_size,heterogeneous,1000,1.0,informative,0,1000,oracle,3,5,0.08,0.0713474292836633,28668
A_size,heterogeneous,1000,1.0,informative,0,1000,oracle,4,5,0.3,0.1905370024541498,28668
A_size,heterogeneous,1000,1.0,informative,0,1000,oracle,4,7,0.06,0.0723558237167657,28668
A_size,heterogeneous,1000,1.0,informative,0,1000,oracle,5,4,0.4,0.2459469509613848,28668
A_size,heterogeneous,1000,1.0,informative,0,1000,oracle,5,6,0.08,0.0890977633671432,28668
A_size,heterogeneous,1000,1.0,informative,0,1000,oracle,5,7,0.04,0.038052169771384,28668
A_size,heterogeneous,1000,1.0,informative,0,1000,oracle,6,7,0.5,0.3899490930177154,28668
A_size,heterogeneous,1000,1.0,informative,0,1000,oracle,6,8,0.1,0.1621570485816242,28668
A_size,heterogeneous,1000,1.0,informative,0,1000,oracle,7,6,0.15,0.0965690284867209,28668
A_size,heterogeneous,1000,1.0,informative,0,1000,oracle,7,8,0.12,0.1770432188923216,28668
A_size,heterogeneous,1000,1.0,informative,0,1000,oracle,8,9,0.35,0.2914776398469034,28668
A_size,heterogeneous,1000,1.0,informative,0,1000,oracle,8,10,0.08,0.1556433999182494,28668
A_size,heterogeneous,1000,1.0,informative,0,1000,oracle,9,8,0.08,0.0787364655482269,28668
A_size,heterogeneous,1000,1.0,informative,0,1000,oracle,9,10,0.1,0.1322772621210212,28668
A_size,heterogeneous,1000,1.0,informative,0,1000,oracle,10,11,0.05,0.0523913375443779,28668
A_size,heterogeneous,1000,1.0,informative,0,1000,panel,0,1,0.6,0.3900075043273989,28668
A_size,heterogeneous,1000,1.0,informative,0,1000,panel,0,2,0.08,0.0593382427731808,28668
A_size,heterogeneous,1000,1.0,informative,0,1000,panel,1,0,0.85,0.4750679676896556,28668
A_size,heterogeneous,1000,1.0,informative,0,1000,panel,1,2,0.05,0.0364242779699207,28668
A_size,heterogeneous,1000,1.0,informative,0,1000,panel,1,3,0.1,0.0821343162146169,28668
A_size,heterogeneous,1000,1.0,informative,0,1000,panel,2,0,0.04,0.0368389200717432,28668
A_size,heterogeneous,1000,1.0,informative,0,1000,panel,2,3,0.45,0.3064308920659765,28668
A_size,heterogeneous,1000,1.0,informative,0,1000,panel,2,4,0.07,0.0626550950559079,28668
A_size,heterogeneous,1000,1.0,informative,0,1000,panel,3,1,0.06,0.0740343077697635,28668
A_size,heterogeneous,1000,1.0,informative,0,1000,panel,3,2,0.6,0.4089924510275243,28668
A_size,heterogeneous,1000,1.0,informative,0,1000,panel,3,4,0.05,0.0540221728416379,28668
A_size,heterogeneous,1000,1.0,informative,0,1000,panel,3,5,0.08,0.074487650515897,28668
A_size,heterogeneous,1000,1.0,informative,0,1000,panel,4,5,0.3,0.1992309728742723,28668
A_size,heterogeneous,1000,1.0,informative,0,1000,panel,4,7,0.06,0.0724917828300123,28668
A_size,heterogeneous,1000,1.0,informative,0,1000,panel,5,4,0.4,0.2464184125615224,28668
A_size,heterogeneous,1000,1.0,informative,0,1000,panel,5,6,0.08,0.0951699902323248,28668
A_size,heterogeneous,1000,1.0,informative,0,1000,panel,5,7,0.04,0.0308591626467477,28668
A_size,heterogeneous,1000,1.0,informative,0,1000,panel,6,7,0.5,0.4240408685817891,28668
A_size,heterogeneous,1000,1.0,informative,0,1000,panel,6,8,0.1,0.151714418786951,28668
A_size,heterogeneous,1000,1.0,informative,0,1000,panel,7,6,0.15,0.1096337167974552,28668
A_size,heterogeneous,1000,1.0,informative,0,1000,panel,7,8,0.12,0.183527376348801,28668
A_size,heterogeneous,1000,1.0,informative,0,1000,panel,8,9,0.35,0.2840438151692215,28668
A_size,heterogeneous,1000,1.0,informative,0,1000,panel,8,10,0.08,0.1505067614547025,28668
A_size,heterogeneous,1000,1.0,informative,0,1000,panel,9,8,0.08,0.0953234018072364,28668
A_size,heterogeneous,1000,1.0,informative,0,1000,panel,9,10,0.1,0.1318833039561248,28668
A_size,heterogeneous,1000,1.0,informative,0,1000,panel,10,11,0.05,0.0514998129416055,28668
A_size,heterogeneous,1000,1.0,informative,1,1001,crude,0,1,0.6,0.272060575002973,28651
A_size,heterogeneous,1000,1.0,informative,1,1001,crude,0,2,0.08,0.0460453398353844,28651
A_size,heterogeneous,1000,1.0,informative,1,1001,crude,1,0,0.85,0.3356272538088568,28651
A_size,heterogeneous,1000,1.0,informative,1,1001,crude,1,2,0.05,0.0345548956520841,28651
A_size,heterogeneous,1000,1.0,informative,1,1001,crude,1,3,0.1,0.0602144716313545,28651
A_size,heterogeneous,1000,1.0,informative,1,1001,crude,2,0,0.04,0.0333172487667103,28651
A_size,heterogeneous,1000,1.0,informative,1,1001,crude,2,3,0.45,0.2280589140932569,28651
A_size,heterogeneous,1000,1.0,informative,1,1001,crude,2,4,0.07,0.0553723289362228,28651
A_size,heterogeneous,1000,1.0,informative,1,1001,crude,3,1,0.06,0.0580331552776286,28651
A_size,heterogeneous,1000,1.0,informative,1,1001,crude,3,2,0.6,0.261461204960499,28651
A_size,heterogeneous,1000,1.0,informative,1,1001,crude,3,4,0.05,0.0368167329180655,28651
A_size,heterogeneous,1000,1.0,informative,1,1001,crude,3,5,0.08,0.0723854409914508,28651
A_size,heterogeneous,1000,1.0,informative,1,1001,crude,4,5,0.3,0.169158929966045,28651
A_size,heterogeneous,1000,1.0,informative,1,1001,crude,4,7,0.06,0.0536018008534381,28651
A_size,heterogeneous,1000,1.0,informative,1,1001,crude,5,4,0.4,0.1860523456964392,28651
A_size,heterogeneous,1000,1.0,informative,1,1001,crude,5,6,0.08,0.0690053300939845,28651
A_size,heterogeneous,1000,1.0,informative,1,1001,crude,5,7,0.04,0.0471682003174071,28651
A_size,heterogeneous,1000,1.0,informative,1,1001,crude,6,7,0.5,0.2774842671915242,28651
A_size,heterogeneous,1000,1.0,informative,1,1001,crude,6,8,0.1,0.0906631764091118,28651
A_size,heterogeneous,1000,1.0,informative,1,1001,crude,7,6,0.15,0.1222928768888445,28651
A_size,heterogeneous,1000,1.0,informative,1,1001,crude,7,8,0.12,0.148609065586444,28651
A_size,heterogeneous,1000,1.0,informative,1,1001,crude,8,9,0.35,0.2187224779983183,28651
A_size,heterogeneous,1000,1.0,informative,1,1001,crude,8,10,0.08,0.1190514753661732,28651
A_size,heterogeneous,1000,1.0,informative,1,1001,crude,9,8,0.08,0.0864947525795979,28651
A_size,heterogeneous,1000,1.0,informative,1,1001,crude,9,10,0.1,0.1254173912404169,28651
A_size,heterogeneous,1000,1.0,informative,1,1001,crude,10,11,0.05,0.0331897917391629,28651
A_size,heterogeneous,1000,1.0,informative,1,1001,oracle,0,1,0.6,0.3145734351714857,28651
A_size,heterogeneous,1000,1.0,informative,1,1001,oracle,0,2,0.08,0.0563955665027828,28651
A_size,heterogeneous,1000,1.0,informative,1,1001,oracle,1,0,0.85,0.4665692664851848,28651
A_size,heterogeneous,1000,1.0,informative,1,1001,oracle,1,2,0.05,0.0351986445020925,28651
A_size,heterogeneous,1000,1.0,informative,1,1001,oracle,1,3,0.1,0.0730184646585963,28651
A_size,heterogeneous,1000,1.0,informative,1,1001,oracle,2,0,0.04,0.0439836692920735,28651
A_size,heterogeneous,1000,1.0,informative,1,1001,oracle,2,3,0.45,0.2608536426331889,28651
A_size,heterogeneous,1000,1.0,informative,1,1001,oracle,2,4,0.07,0.0635803536301261,28651
A_size,heterogeneous,1000,1.0,informative,1,1001,oracle,3,1,0.06,0.0754711844637587,28651
A_size,heterogeneous,1000,1.0,informative,1,1001,oracle,3,2,0.6,0.3432298215177896,28651
A_size,heterogeneous,1000,1.0,informative,1,1001,oracle,3,4,0.05,0.0400325413242546,28651
A_size,heterogeneous,1000,1.0,informative,1,1001,oracle,3,5,0.08,0.0840027096640096,28651
A_size,heterogeneous,1000,1.0,informative,1,1001,oracle,4,5,0.3,0.1921193026920282,28651
A_size,heterogeneous,1000,1.0,informative,1,1001,oracle,4,7,0.06,0.0736457326986108,28651
A_size,heterogeneous,1000,1.0,informative,1,1001,oracle,5,4,0.4,0.2459927186674703,28651
A_size,heterogeneous,1000,1.0,informative,1,1001,oracle,5,6,0.08,0.08078727661035,28651
A_size,heterogeneous,1000,1.0,informative,1,1001,oracle,5,7,0.04,0.0408474994097275,28651
A_size,heterogeneous,1000,1.0,informative,1,1001,oracle,6,7,0.5,0.3682083259205916,28651
A_size,heterogeneous,1000,1.0,informative,1,1001,oracle,6,8,0.1,0.0856298432373469,28651
A_size,heterogeneous,1000,1.0,informative,1,1001,oracle,7,6,0.15,0.1328748971446017,28651
A_size,heterogeneous,1000,1.0,informative,1,1001,oracle,7,8,0.12,0.1687511193736441,28651
A_size,heterogeneous,1000,1.0,informative,1,1001,oracle,8,9,0.35,0.2768803907634664,28651
A_size,heterogeneous,1000,1.0,informative,1,1001,oracle,8,10,0.08,0.1341585398544631,28651
A_size,heterogeneous,1000,1.0,informative,1,1001,oracle,9,8,0.08,0.0947600127332215,28651
A_size,heterogeneous,1000,1.0,informative,1,1001,oracle,9,10,0.1,0.1326640178265102,28651
A_size,heterogeneous,1000,1.0,informative,1,1001,oracle,10,11,0.05,0.0409016680640333,28651
A_size,heterogeneous,1000,1.0,informative,1,1001,panel,0,1,0.6,0.3649388714061239,28651
A_size,heterogeneous,1000,1.0,informative,1,1001,panel,0,2,0.08,0.0505370252094048,28651
A_size,heterogeneous,1000,1.0,informative,1,1001,panel,1,0,0.85,0.4780478713192203,28651
A_size,heterogeneous,1000,1.0,informative,1,1001,panel,1,2,0.05,0.0309941294788884,28651
A_size,heterogeneous,1000,1.0,informative,1,1001,panel,1,3,0.1,0.0796026227433564,28651
A_size,heterogeneous,1000,1.0,informative,1,1001,panel,2,0,0.04,0.0382376957760721,28651
A_size,heterogeneous,1000,1.0,informative,1,1001,panel,2,3,0.45,0.2952512365525656,28651
A_size,heterogeneous,1000,1.0,informative,1,1001,panel,2,4,0.07,0.0607872173248955,28651
A_size,heterogeneous,1000,1.0,informative,1,1001,panel,3,1,0.06,0.0776407795554782,28651
A_size,heterogeneous,1000,1.0,informative,1,1001,panel,3,2,0.6,0.3634466504217519,28651
A_size,heterogeneous,1000,1.0,informative,1,1001,panel,3,4,0.05,0.0343172102624082,28651
A_size,heterogeneous,1000,1.0,informative,1,1001,panel,3,5,0.08,0.0886637052631672,28651
A_size,heterogeneous,1000,1.0,informative,1,1001,panel,4,5,0.3,0.1991413563515071,28651
A_size,heterogeneous,1000,1.0,informative,1,1001,panel,4,7,0.06,0.0656890811975463,28651
A_size,heterogeneous,1000,1.0,informative,1,1001,panel,5,4,0.4,0.2375981874036031,28651
A_size,heterogeneous,1000,1.0,informative,1,1001,panel,5,6,0.08,0.0870830997624296,28651
A_size,heterogeneous,1000,1.0,informative,1,1001,panel,5,7,0.04,0.0438161760929999,28651
A_size,heterogeneous,1000,1.0,informative,1,1001,panel,6,7,0.5,0.3959300021356016,28651
A_size,heterogeneous,1000,1.0,informative,1,1001,panel,6,8,0.1,0.0921585617822677,28651
A_size,heterogeneous,1000,1.0,informative,1,1001,panel,7,6,0.15,0.1632700515617819,28651
A_size,heterogeneous,1000,1.0,informative,1,1001,panel,7,8,0.12,0.1732546095370743,28651
A_size,heterogeneous,1000,1.0,informative,1,1001,panel,8,9,0.35,0.2682828429533466,28651
A_size,heterogeneous,1000,1.0,informative,1,1001,panel,8,10,0.08,0.1265739949029831,28651
A_size,heterogeneous,1000,1.0,informative,1,1001,panel,9,8,0.08,0.112041990786019,28651
A_size,heterogeneous,1000,1.0,informative,1,1001,panel,9,10,0.1,0.13501455764063,28651
A_size,heterogeneous,1000,1.0,informative,1,1001,panel,10,11,0.05,0.0381920129641228,28651
A_size,heterogeneous,1000,1.0,informative,2,1002,crude,0,1,0.6,0.2606498903679719,28844
A_size,heterogeneous,1000,1.0,informative,2,1002,crude,0,2,0.08,0.05487366113009935,28844
A_size,heterogeneous,1000,1.0,informative,2,1002,crude,1,0,0.85,0.3233278239494467,28844
A_size,heterogeneous,1000,1.0,informative,2,1002,crude,1,2,0.05,0.03772745601154939,28844
A_size,heterogeneous,1000,1.0,informative,2,1002,crude,1,3,0.1,0.061351190149622384,28844
A_size,heterogeneous,1000,1.0,informative,2,1002,crude,2,0,0.04,0.03425077698765821,28844
A_size,heterogeneous,1000,1.0,informative,2,1002,crude,2,3,0.45,0.24282922659198705,28844
A_size,heterogeneous,1000,1.0,informative,2,1002,crude,2,4,0.07,0.057523740838246476,28844
A_size,heterogeneous,1000,1.0,informative,2,1002,crude,3,1,0.06,0.054340792142672165,28844
A_size,heterogeneous,1000,1.0,informative,2,1002,crude,3,2,0.6,0.28572739094372784,28844
A_size,heterogeneous,1000,1.0,informative,2,1002,crude,3,4,0.05,0.03914874272644124,28844
A_size,heterogeneous,1000,1.0,informative,2,1002,crude,3,5,0.08,0.06018388807199176,28844
A_size,heterogeneous,1000,1.0,informative,2,1002,crude,4,5,0.3,0.16204372362386152,28844
A_size,heterogeneous,1000,1.0,informative,2,1002,crude,4,7,0.06,0.05828450138249565,28844
A_size,heterogeneous,1000,1.0,informative,2,1002,crude,5,4,0.4,0.1999701389882141,28844
A_size,heterogeneous,1000,1.0,informative,2,1002,crude,5,6,0.08,0.06366762272718925,28844
A_size,heterogeneous,1000,1.0,informative,2,1002,crude,5,7,0.04,0.05380362483987824,28844
A_size,heterogeneous,1000,1.0,informative,2,1002,crude,6,7,0.5,0.26810420989847067,28844
A_size,heterogeneous,1000,1.0,informative,2,1002,crude,6,8,0.1,0.0977791824335599,28844
A_size,heterogeneous,1000,1.0,informative,2,1002,crude,7,6,0.15,0.09366782112256201,28844
A_size,heterogeneous,1000,1.0,informative,2,1002,crude,7,8,0.12,0.140501731683843,28844
A_size,heterogeneous,1000,1.0,informative,2,1002,crude,8,9,0.35,0.24493725032262378,28844
A_size,heterogeneous,1000,1.0,informative,2,1002,crude,8,10,0.08,0.1091888947221335,28844
A_size,heterogeneous,1000,1.0,informative,2,1002,crude,9,8,0.08,0.07733158808149285,28844
A_size,heterogeneous,1000,1.0,informative,2,1002,crude,9,10,0.1,0.11803242391385751,28844
A_size,heterogeneous,1000,1.0,informative,2,1002,crude,10,11,0.05,0.04295506813962458,28844
A_size,heterogeneous,1000,1.0,informative,2,1002,oracle,0,1,0.6,0.3053899497918827,28844
A_size,heterogeneous,1000,1.0,informative,2,1002,oracle,0,2,0.08,0.06714247123083947,28844
A_size,heterogeneous,1000,1.0,informative,2,1002,oracle,1,0,0.85,0.4454765082716097,28844
A_size,heterogeneous,1000,1.0,informative,2,1002,oracle,1,2,0.05,0.03261455917578538,28844
A_size,heterogeneous,1000,1.0,informative,2,1002,oracle,1,3,0.1,0.07290313227528496,28844
A_size,heterogeneous,1000,1.0,informative,2,1002,oracle,2,0,0.04,0.04030511210173205,28844
A_size,heterogeneous,1000,1.0,informative,2,1002,oracle,2,3,0.45,0.2801205291070377,28844
A_size,heterogeneous,1000,1.0,informative,2,1002,oracle,2,4,0.07,0.06327902599971931,28844
A_size,heterogeneous,1000,1.0,informative,2,1002,oracle,3,1,0.06,0.06341919317509825,28844
A_size,heterogeneous,1000,1.0,informative,2,1002,oracle,3,2,0.6,0.38930593830258337,28844
A_size,heterogeneous,1000,1.0,informative,2,1002,oracle,3,4,0.05,0.04332598345625525,28844
A_size,heterogeneous,1000,1.0,informative,2,1002,oracle,3,5,0.08,0.0696983212122367,28844
A_size,heterogeneous,1000,1.0,informative,2,1002,oracle,4,5,0.3,0.18994315200086231,28844
A_size,heterogeneous,1000,1.0,informative,2,1002,oracle,4,7,0.06,0.06885439260031258,28844
A_size,heterogeneous,1000,1.0,informative,2,1002,oracle,5,4,0.4,0.2617345959575146,28844
A_size,heterogeneous,1000,1.0,informative,2,1002,oracle,5,6,0.08,0.0775856123731204,28844
A_size,heterogeneous,1000,1.0,informative,2,1002,oracle,5,7,0.04,0.048607853534966994,28844
A_size,heterogeneous,1000,1.0,informative,2,1002,oracle,6,7,0.5,0.36248462719330055,28844
A_size,heterogeneous,1000,1.0,informative,2,1002,oracle,6,8,0.1,0.10545007336532379,28844
A_size,heterogeneous,1000,1.0,informative,2,1002,oracle,7,6,0.15,0.10705632151409047,28844
A_size,heterogeneous,1000,1.0,informative,2,1002,oracle,7,8,0.12,0.14564639089707657,28844
A_size,heterogeneous,1000,1.0,informative,2,1002,oracle,8,9,0.35,0.3057243808155663,28844
A_size,heterogeneous,1000,1.0,informative,2,1002,oracle,8,10,0.08,0.12228975232622652,28844
A_size,heterogeneous,1000,1.0,informative,2,1002,oracle,9,8,0.08,0.09155576213728996,28844
A_size,heterogeneous,1000,1.0,informative,2,1002,oracle,9,10,0.1,0.1338122677391161,28844
A_size,heterogeneous,1000,1.0,informative,2,1002,oracle,10,11,0.05,0.04045470336351454,28844
A_size,heterogeneous,1000,1.0,informative,2,1002,panel,0,1,0.6,0.3467886439620668,28844
A_size,heterogeneous,1000,1.0,informative,2,1002,panel,0,2,0.08,0.06267945626096036,28844
A_size,heterogeneous,1000,1.0,informative,2,1002,panel,1,0,0.85,0.4579679003487978,28844
A_size,heterogeneous,1000,1.0,informative,2,1002,panel,1,2,0.05,0.03105109414125163,28844
A_size,heterogeneous,1000,1.0,informative,2,1002,panel,1,3,0.1,0.08209924017498758,28844
A_size,heterogeneous,1000,1.0,informative,2,1002,panel,2,0,0.04,0.03845493627889291,28844
A_size,heterogeneous,1000,1.0,informative,2,1002,panel,2,3,0.45,0.31772703826653687,28844
A_size,heterogeneous,1000,1.0,informative,2,1002,panel,2,4,0.07,0.06182003731529352,28844
A_size,heterogeneous,1000,1.0,informative,2,1002,panel,3,1,0.06,0.07112175434385856,28844
A_size,heterogeneous,1000,1.0,informative,2,1002,panel,3,2,0.6,0.4084621429143845,28844
A_size,heterogeneous,1000,1.0,informative,2,1002,panel,3,4,0.05,0.0390752924948475,28844
A_size,heterogeneous,1000,1.0,informative,2,1002,panel,3,5,0.08,0.07405226302446993,28844
A_size,heterogeneous,1000,1.0,informative,2,1002,panel,4,5,0.3,0.19564400478913987,28844
A_size,heterogeneous,1000,1.0,informative,2,1002,panel,4,7,0.06,0.06475088040620561,28844
A_size,heterogeneous,1000,1.0,informative,2,1002,panel,5,4,0.4,0.2547902997762196,28844
A_size,heterogeneous,1000,1.0,informative,2,1002,panel,5,6,0.08,0.0799638652192429,28844
A_size,heterogeneous,1000,1.0,informative,2,1002,panel,5,7,0.04,0.05232646829530219,28844
A_size,heterogeneous,1000,1.0,informative,2,1002,panel,6,7,0.5,0.3787827030828763,28844
A_size,heterogeneous,1000,1.0,informative,2,1002,panel,6,8,0.1,0.1092842734967802,28844
A_size,heterogeneous,1000,1.0,informative,2,1002,panel,7,6,0.15,0.12137036265869873,28844
A_size,heterogeneous,1000,1.0,informative,2,1002,panel,7,8,0.12,0.15476419392033225,28844
A_size,heterogeneous,1000,1.0,informative,2,1002,panel,8,9,0.35,0.2938668934256853,28844
A_size,heterogeneous,1000,1.0,informative,2,1002,panel,8,10,0.08,0.11434156091557106,28844
A_size,heterogeneous,1000,1.0,informative,2,1002,panel,9,8,0.08,0.10091522753232024,28844
A_size,heterogeneous,1000,1.0,informative,2,1002,panel,9,10,0.1,0.1249568407745087,28844
A_size,heterogeneous,1000,1.0,informative,2,1002,panel,10,11,0.05,0.040239959340487144,28844
A_size,heterogeneous,1000,1.0,informative,3,1003,crude,0,1,0.6,0.2757865010343979,28370
A_size,heterogeneous,1000,1.0,informative,3,1003,crude,0,2,0.08,0.05011538840382781,28370
A_size,heterogeneous,1000,1.0,informative,3,1003,crude,1,0,0.85,0.31340454199989476,28370
A_size,heterogeneous,1000,1.0,informative,3,1003,crude,1,2,0.05,0.04217588475490925,28370
A_size,heterogeneous,1000,1.0,informative,3,1003,crude,1,3,0.1,0.05726319312251906,28370
A_size,heterogeneous,1000,1.0,informative,3,1003,crude,2,0,0.04,0.028727222618374227,28370
A_size,heterogeneous,1000,1.0,informative,3,1003,crude,2,3,0.45,0.24304142310465815,28370
A_size,heterogeneous,1000,1.0,informative,3,1003,crude,2,4,0.07,0.060190371200403145,28370
A_size,heterogeneous,1000,1.0,informative,3,1003,crude,3,1,0.06,0.0437240246025582,28370
A_size,heterogeneous,1000,1.0,informative,3,1003,crude,3,2,0.6,0.28705772673853425,28370
A_size,heterogeneous,1000,1.0,informative,3,1003,crude,3,4,0.05,0.05006083976234924,28370
A_size,heterogeneous,1000,1.0,informative,3,1003,crude,3,5,0.08,0.07223969282161789,28370
A_size,heterogeneous,1000,1.0,informative,3,1003,crude,4,5,0.3,0.17754121997234285,28370
A_size,heterogeneous,1000,1.0,informative,3,1003,crude,4,7,0.06,0.05590398275945743,28370
A_size,heterogeneous,1000,1.0,informative,3,1003,crude,5,4,0.4,0.21926594405210134,28370
A_size,heterogeneous,1000,1.0,informative,3,1003,crude,5,6,0.08,0.07136891512284083,28370
A_size,heterogeneous,1000,1.0,informative,3,1003,crude,5,7,0.04,0.03525452433778884,28370
A_size,heterogeneous,1000,1.0,informative,3,1003,crude,6,7,0.5,0.23061818852707447,28370
A_size,heterogeneous,1000,1.0,informative,3,1003,crude,6,8,0.1,0.12279669778714354,28370
A_size,heterogeneous,1000,1.0,informative,3,1003,crude,7,6,0.15,0.09509984586647612,28370
A_size,heterogeneous,1000,1.0,informative,3,1003,crude,7,8,0.12,0.16507897773048685,28370
A_size,heterogeneous,1000,1.0,informative,3,1003,crude,8,9,0.35,0.18989029495116982,28370
A_size,heterogeneous,1000,1.0,informative,3,1003,crude,8,10,0.08,0.11122145847139947,28370
A_size,heterogeneous,1000,1.0,informative,3,1003,crude,9,8,0.08,0.039948737779681096,28370
A_size,heterogeneous,1000,1.0,informative,3,1003,crude,9,10,0.1,0.14781032978482006,28370
A_size,heterogeneous,1000,1.0,informative,3,1003,crude,10,11,0.05,0.05294960443530803,28370
A_size,heterogeneous,1000,1.0,informative,3,1003,oracle,0,1,0.6,0.3197960791342736,28370
A_size,heterogeneous,1000,1.0,informative,3,1003,oracle,0,2,0.08,0.05669747079847821,28370
A_size,heterogeneous,1000,1.0,informative,3,1003,oracle,1,0,0.85,0.4321552600322759,28370
A_size,heterogeneous,1000,1.0,informative,3,1003,oracle,1,2,0.05,0.042802519238644185,28370
A_size,heterogeneous,1000,1.0,informative,3,1003,oracle,1,3,0.1,0.06946022858902784,28370
A_size,heterogeneous,1000,1.0,informative,3,1003,oracle,2,0,0.04,0.03480192480773967,28370
A_size,heterogeneous,1000,1.0,informative,3,1003,oracle,2,3,0.45,0.27502008872457695,28370
A_size,heterogeneous,1000,1.0,informative,3,1003,oracle,2,4,0.07,0.07172591820131713,28370
A_size,heterogeneous,1000,1.0,informative,3,1003,oracle,3,1,0.06,0.053729049645427567,28370
A_size,heterogeneous,1000,1.0,informative,3,1003,oracle,3,2,0.6,0.38349109184423924,28370
A_size,heterogeneous,1000,1.0,informative,3,1003,oracle,3,4,0.05,0.042983239716342055,28370
A_size,heterogeneous,1000,1.0,informative,3,1003,oracle,3,5,0.08,0.09066777127665902,28370
A_size,heterogeneous,1000,1.0,informative,3,1003,oracle,4,5,0.3,0.19930639059738134,28370
A_size,heterogeneous,1000,1.0,informative,3,1003,oracle,4,7,0.06,0.06287976266734285,28370
A_size,heterogeneous,1000,1.0,informative,3,1003,oracle,5,4,0.4,0.283989636785327,28370
A_size,heterogeneous,1000,1.0,informative,3,1003,oracle,5,6,0.08,0.08394662219440484,28370
A_size,heterogeneous,1000,1.0,informative,3,1003,oracle,5,7,0.04,0.03036367185755069,28370
A_size,heterogeneous,1000,1.0,informative,3,1003,oracle,6,7,0.5,0.32740935972314006,28370
A_size,heterogeneous,1000,1.0,informative,3,1003,oracle,6,8,0.1,0.11761307096850662,28370
A_size,heterogeneous,1000,1.0,informative,3,1003,oracle,7,6,0.15,0.1119588238634602,28370
A_size,heterogeneous,1000,1.0,informative,3,1003,oracle,7,8,0.12,0.17247710703289817,28370
A_size,heterogeneous,1000,1.0,informative,3,1003,oracle,8,9,0.35,0.2562866834948116,28370
A_size,heterogeneous,1000,1.0,informative,3,1003,oracle,8,10,0.08,0.11230540063255788,28370
A_size,heterogeneous,1000,1.0,informative,3,1003,oracle,9,8,0.08,0.05374556253360267,28370
A_size,heterogeneous,1000,1.0,informative,3,1003,oracle,9,10,0.1,0.15765365009856785,28370
A_size,heterogeneous,1000,1.0,informative,3,1003,oracle,10,11,0.05,0.04978478851531429,28370
A_size,heterogeneous,1000,1.0,informative,3,1003,panel,0,1,0.6,0.36722971270733246,28370
A_size,heterogeneous,1000,1.0,informative,3,1003,panel,0,2,0.08,0.05582044575937779,28370
A_size,heterogeneous,1000,1.0,informative,3,1003,panel,1,0,0.85,0.44440778211313936,28370
A_size,heterogeneous,1000,1.0,informative,3,1003,panel,1,2,0.05,0.038563124893974614,28370
A_size,heterogeneous,1000,1.0,informative,3,1003,panel,1,3,0.1,0.07436503446851839,28370
A_size,heterogeneous,1000,1.0,informative,3,1003,panel,2,0,0.04,0.033989880376770254,28370
A_size,heterogeneous,1000,1.0,informative,3,1003,panel,2,3,0.45,0.3244472302988613,28370
A_size,heterogeneous,1000,1.0,informative,3,1003,panel,2,4,0.07,0.06564391977660414,28370
A_size,heterogeneous,1000,1.0,informative,3,1003,panel,3,1,0.06,0.059879919118492504,28370
A_size,heterogeneous,1000,1.0,informative,3,1003,panel,3,2,0.6,0.4151366645091498,28370
A_size,heterogeneous,1000,1.0,informative,3,1003,panel,3,4,0.05,0.04790151449151345,28370
A_size,heterogeneous,1000,1.0,informative,3,1003,panel,3,5,0.08,0.09079259438372514,28370
A_size,heterogeneous,1000,1.0,informative,3,1003,panel,4,5,0.3,0.21601217086355595,28370
A_size,heterogeneous,1000,1.0,informative,3,1003,panel,4,7,0.06,0.06116359020803082,28370
A_size,heterogeneous,1000,1.0,informative,3,1003,panel,5,4,0.4,0.2827104675691843,28370
A_size,heterogeneous,1000,1.0,informative,3,1003,panel,5,6,0.08,0.09097559792514277,28370
A_size,heterogeneous,1000,1.0,informative,3,1003,panel,5,7,0.04,0.027518728168109668,28370
A_size,heterogeneous,1000,1.0,informative,3,1003,panel,6,7,0.5,0.32274539934127444,28370
A_size,heterogeneous,1000,1.0,informative,3,1003,panel,6,8,0.1,0.13735716640017342,28370
A_size,heterogeneous,1000,1.0,informative,3,1003,panel,7,6,0.15,0.12351617611168754,28370
A_size,heterogeneous,1000,1.0,informative,3,1003,panel,7,8,0.12,0.1714298125773331,28370
A_size,heterogeneous,1000,1.0,informative,3,1003,panel,8,9,0.35,0.23026732003768732,28370
A_size,heterogeneous,1000,1.0,informative,3,1003,panel,8,10,0.08,0.1035690472387661,28370
A_size,heterogeneous,1000,1.0,informative,3,1003,panel,9,8,0.08,0.0503953459657705,28370
A_size,heterogeneous,1000,1.0,informative,3,1003,panel,9,10,0.1,0.1600874787661454,28370
A_size,heterogeneous,1000,1.0,informative,3,1003,panel,10,11,0.05,0.05140383119897918,28370
A_size,heterogeneous,1000,1.0,informative,4,1004,crude,0,1,0.6,0.2671425319023386,28466
A_size,heterogeneous,1000,1.0,informative,4,1004,crude,0,2,0.08,0.05214668834298649,28466
A_size,heterogeneous,1000,1.0,informative,4,1004,crude,1,0,0.85,0.32928658685991474,28466
A_size,heterogeneous,1000,1.0,informative,4,1004,crude,1,2,0.05,0.039838741236799105,28466
A_size,heterogeneous,1000,1.0,informative,4,1004,crude,1,3,0.1,0.05817161331037038,28466
A_size,heterogeneous,1000,1.0,informative,4,1004,crude,2,0,0.04,0.034988992780952854,28466
A_size,heterogeneous,1000,1.0,informative,4,1004,crude,2,3,0.45,0.24492294946666998,28466
A_size,heterogeneous,1000,1.0,informative,4,1004,crude,2,4,0.07,0.05134748291230744,28466
A_size,heterogeneous,1000,1.0,informative,4,1004,crude,3,1,0.06,0.04658707841677593,28466
A_size,heterogeneous,1000,1.0,informative,4,1004,crude,3,2,0.6,0.27295249790341797,28466
A_size,heterogeneous,1000,1.0,informative,4,1004,crude,3,4,0.05,0.04419799747232588,28466
A_size,heterogeneous,1000,1.0,informative,4,1004,crude,3,5,0.08,0.06390791526403877,28466
A_size,heterogeneous,1000,1.0,informative,4,1004,crude,4,5,0.3,0.17685341250878409,28466
A_size,heterogeneous,1000,1.0,informative,4,1004,crude,4,7,0.06,0.05144826545710083,28466
A_size,heterogeneous,1000,1.0,informative,4,1004,crude,5,4,0.4,0.20100006047035673,28466
A_size,heterogeneous,1000,1.0,informative,4,1004,crude,5,6,0.08,0.07494917509064149,28466
A_size,heterogeneous,1000,1.0,informative,4,1004,crude,5,7,0.04,0.041733063402743555,28466
A_size,heterogeneous,1000,1.0,informative,4,1004,crude,6,7,0.5,0.2841608117699412,28466
A_size,heterogeneous,1000,1.0,informative,4,1004,crude,6,8,0.1,0.12593490521622394,28466
A_size,heterogeneous,1000,1.0,informative,4,1004,crude,7,6,0.15,0.0916732540064831,28466
A_size,heterogeneous,1000,1.0,informative,4,1004,crude,7,8,0.12,0.16243857288868058,28466
A_size,heterogeneous,1000,1.0,informative,4,1004,crude,8,9,0.35,0.2032999197383057,28466
A_size,heterogeneous,1000,1.0,informative,4,1004,crude,8,10,0.08,0.12810679873920633,28466
A_size,heterogeneous,1000,1.0,informative,4,1004,crude,9,8,0.08,0.04914159864991648,28466
A_size,heterogeneous,1000,1.0,informative,4,1004,crude,9,10,0.1,0.11875886340396483,28466
A_size,heterogeneous,1000,1.0,informative,4,1004,crude,10,11,0.05,0.029565785054377368,28466
A_size,heterogeneous,1000,1.0,informative,4,1004,oracle,0,1,0.6,0.30458903537615806,28466
A_size,heterogeneous,1000,1.0,informative,4,1004,oracle,0,2,0.08,0.0635454237536527,28466
A_size,heterogeneous,1000,1.0,informative,4,1004,oracle,1,0,0.85,0.4496701479213179,28466
A_size,heterogeneous,1000,1.0,informative,4,1004,oracle,1,2,0.05,0.033251618848867875,28466
A_size,heterogeneous,1000,1.0,informative,4,1004,oracle,1,3,0.1,0.071529645198146,28466
A_size,heterogeneous,1000,1.0,informative,4,1004,oracle,2,0,0.04,0.044313950736703904,28466
A_size,heterogeneous,1000,1.0,informative,4,1004,oracle,2,3,0.45,0.28302400612026923,28466
A_size,heterogeneous,1000,1.0,informative,4,1004,oracle,2,4,0.07,0.06145425243674975,28466
A_size,heterogeneous,1000,1.0,informative,4,1004,oracle,3,1,0.06,0.06154835437999824,28466
A_size,heterogeneous,1000,1.0,informative,4,1004,oracle,3,2,0.6,0.3821127001091557,28466
A_size,heterogeneous,1000,1.0,informative,4,1004,oracle,3,4,0.05,0.04744352316791531,28466
A_size,heterogeneous,1000,1.0,informative,4,1004,oracle,3,5,0.08,0.07372979951770622,28466
A_size,heterogeneous,1000,1.0,informative,4,1004,oracle,4,5,0.3,0.20246988502604954,28466
A_size,heterogeneous,1000,1.0,informative,4,1004,oracle,4,7,0.06,0.06003467521121236,28466
A_size,heterogeneous,1000,1.0,informative,4,1004,oracle,5,4,0.4,0.25278954026995054,28466
A_size,heterogeneous,1000,1.0,informative,4,1004,oracle,5,6,0.08,0.08896077898001743,28466
A_size,heterogeneous,1000,1.0,informative,4,1004,oracle,5,7,0.04,0.04227839001030532,28466
A_size,heterogeneous,1000,1.0,informative,4,1004,oracle,6,7,0.5,0.3736925515744787,28466
A_size,heterogeneous,1000,1.0,informative,4,1004,oracle,6,8,0.1,0.1167789223670246,28466
A_size,heterogeneous,1000,1.0,informative,4,1004,oracle,7,6,0.15,0.11124796280737148,28466
A_size,heterogeneous,1000,1.0,informative,4,1004,oracle,7,8,0.12,0.16826254374614938,28466
A_size,heterogeneous,1000,1.0,informative,4,1004,oracle,8,9,0.35,0.28811892133142264,28466
A_size,heterogeneous,1000,1.0,informative,4,1004,oracle,8,10,0.08,0.12434606078514031,28466
A_size,heterogeneous,1000,1.0,informative,4,1004,oracle,9,8,0.08,0.06875328511247308,28466
A_size,heterogeneous,1000,1.0,informative,4,1004,oracle,9,10,0.1,0.14438189873619348,28466
A_size,heterogeneous,1000,1.0,informative,4,1004,oracle,10,11,0.05,0.03761768841063628,28466
A_size,heterogeneous,1000,1.0,informative,4,1004,panel,0,1,0.6,0.35804727046377427,28466
A_size,heterogeneous,1000,1.0,informative,4,1004,panel,0,2,0.08,0.05743020989034771,28466
A_size,heterogeneous,1000,1.0,informative,4,1004,panel,1,0,0.85,0.4673003435975037,28466
A_size,heterogeneous,1000,1.0,informative,4,1004,panel,1,2,0.05,0.03667815804771525,28466
A_size,heterogeneous,1000,1.0,informative,4,1004,panel,1,3,0.1,0.07699688578605676,28466
A_size,heterogeneous,1000,1.0,informative,4,1004,panel,2,0,0.04,0.04185266854756023,28466
A_size,heterogeneous,1000,1.0,informative,4,1004,panel,2,3,0.45,0.32499497657064247,28466
A_size,heterogeneous,1000,1.0,informative,4,1004,panel,2,4,0.07,0.05482572465862894,28466
A_size,heterogeneous,1000,1.0,informative,4,1004,panel,3,1,0.06,0.06561628667469259,28466
A_size,heterogeneous,1000,1.0,informative,4,1004,panel,3,2,0.6,0.3930311210255017,28466
A_size,heterogeneous,1000,1.0,informative,4,1004,panel,3,4,0.05,0.047252139825920685,28466
A_size,heterogeneous,1000,1.0,informative,4,1004,panel,3,5,0.08,0.0818689920893923,28466
A_size,heterogeneous,1000,1.0,informative,4,1004,panel,4,5,0.3,0.211287761886844,28466
A_size,heterogeneous,1000,1.0,informative,4,1004,panel,4,7,0.06,0.05453783262375142,28466
A_size,heterogeneous,1000,1.0,informative,4,1004,panel,5,4,0.4,0.26041961829796434,28466
A_size,heterogeneous,1000,1.0,informative,4,1004,panel,5,6,0.08,0.09578859814357718,28466
A_size,heterogeneous,1000,1.0,informative,4,1004,panel,5,7,0.04,0.03819549795676062,28466
A_size,heterogeneous,1000,1.0,informative,4,1004,panel,6,7,0.5,0.4122783276520053,28466
A_size,heterogeneous,1000,1.0,informative,4,1004,panel,6,8,0.1,0.1277094248493214,28466
A_size,heterogeneous,1000,1.0,informative,4,1004,panel,7,6,0.15,0.12099584260610445,28466
A_size,heterogeneous,1000,1.0,informative,4,1004,panel,7,8,0.12,0.16760936294462042,28466
A_size,heterogeneous,1000,1.0,informative,4,1004,panel,8,9,0.35,0.2482276360751695,28466
A_size,heterogeneous,1000,1.0,informative,4,1004,panel,8,10,0.08,0.13067606534035694,28466
A_size,heterogeneous,1000,1.0,informative,4,1004,panel,9,8,0.08,0.06084197242484381,28466
A_size,heterogeneous,1000,1.0,informative,4,1004,panel,9,10,0.1,0.13344814448401743,28466
A_size,heterogeneous,1000,1.0,informative,4,1004,panel,10,11,0.05,0.03238697743362175,28466
A_size,heterogeneous,2000,1.0,informative,0,1000,crude,0,1,0.6,0.2830336097984453,56776
A_size,heterogeneous,2000,1.0,informative,0,1000,crude,0,2,0.08,0.0544999992977588,56776
A_size,heterogeneous,2000,1.0,informative,0,1000,crude,1,0,0.85,0.3277424005771315,56776
A_size,heterogeneous,2000,1.0,informative,0,1000,crude,1,2,0.05,0.0372828656741181,56776
A_size,heterogeneous,2000,1.0,informative,0,1000,crude,1,3,0.1,0.0615600805316834,56776
A_size,heterogeneous,2000,1.0,informative,0,1000,crude,2,0,0.04,0.0309482586827695,56776
A_size,heterogeneous,2000,1.0,informative,0,1000,crude,2,3,0.45,0.2388398224431124,56776
A_size,heterogeneous,2000,1.0,informative,0,1000,crude,2,4,0.07,0.0571869997399001,56776
A_size,heterogeneous,2000,1.0,informative,0,1000,crude,3,1,0.06,0.0465823814073429,56776
A_size,heterogeneous,2000,1.0,informative,0,1000,crude,3,2,0.6,0.2797948199370081,56776
A_size,heterogeneous,2000,1.0,informative,0,1000,crude,3,4,0.05,0.0534946057452067,56776
A_size,heterogeneous,2000,1.0,informative,0,1000,crude,3,5,0.08,0.063712676505527,56776
A_size,heterogeneous,2000,1.0,informative,0,1000,crude,4,5,0.3,0.1635892184686772,56776
A_size,heterogeneous,2000,1.0,informative,0,1000,crude,4,7,0.06,0.0634066738250686,56776
A_size,heterogeneous,2000,1.0,informative,0,1000,crude,5,4,0.4,0.2114617273984997,56776
A_size,heterogeneous,2000,1.0,informative,0,1000,crude,5,6,0.08,0.0698898929537414,56776
A_size,heterogeneous,2000,1.0,informative,0,1000,crude,5,7,0.04,0.0371850071484649,56776
A_size,heterogeneous,2000,1.0,informative,0,1000,crude,6,7,0.5,0.2768668896297475,56776
A_size,heterogeneous,2000,1.0,informative,0,1000,crude,6,8,0.1,0.1252073195140896,56776
A_size,heterogeneous,2000,1.0,informative,0,1000,crude,7,6,0.15,0.0801344247118224,56776
A_size,heterogeneous,2000,1.0,informative,0,1000,crude,7,8,0.12,0.1547694281198923,56776
A_size,heterogeneous,2000,1.0,informative,0,1000,crude,8,9,0.35,0.2016738085804643,56776
A_size,heterogeneous,2000,1.0,informative,0,1000,crude,8,10,0.08,0.1344492057203095,56776
A_size,heterogeneous,2000,1.0,informative,0,1000,crude,9,8,0.08,0.0731071870422315,56776
A_size,heterogeneous,2000,1.0,informative,0,1000,crude,9,10,0.1,0.1211490528128408,56776
A_size,heterogeneous,2000,1.0,informative,0,1000,crude,10,11,0.05,0.0454014718623042,56776
A_size,heterogeneous,2000,1.0,informative,0,1000,oracle,0,1,0.6,0.3278529186722948,56776
A_size,heterogeneous,2000,1.0,informative,0,1000,oracle,0,2,0.08,0.0654018048831476,56776
A_size,heterogeneous,2000,1.0,informative,0,1000,oracle,1,0,0.85,0.4531409290080089,56776
A_size,heterogeneous,2000,1.0,informative,0,1000,oracle,1,2,0.05,0.0355292887733742,56776
A_size,heterogeneous,2000,1.0,informative,0,1000,oracle,1,3,0.1,0.0720085585299938,56776
A_size,heterogeneous,2000,1.0,informative,0,1000,oracle,2,0,0.04,0.0366421116920003,56776
A_size,heterogeneous,2000,1.0,informative,0,1000,oracle,2,3,0.45,0.2788526805035278,56776
A_size,heterogeneous,2000,1.0,informative,0,1000,oracle,2,4,0.07,0.0662456256578536,56776
A_size,heterogeneous,2000,1.0,informative,0,1000,oracle,3,1,0.06,0.0576768391088989,56776
A_size,heterogeneous,2000,1.0,informative,0,1000,oracle,3,2,0.6,0.378282732479594,56776
A_size,heterogeneous,2000,1.0,informative,0,1000,oracle,3,4,0.05,0.0531658014132308,56776
A_size,heterogeneous,2000,1.0,informative,0,1000,oracle,3,5,0.08,0.0766876408263572,56776
A_size,heterogeneous,2000,1.0,informative,0,1000,oracle,4,5,0.3,0.1888856554484539,56776
A_size,heterogeneous,2000,1.0,informative,0,1000,oracle,4,7,0.06,0.0692387602027308,56776
A_size,heterogeneous,2000,1.0,informative,0,1000,oracle,5,4,0.4,0.2676518934702268,56776
A_size,heterogeneous,2000,1.0,informative,0,1000,oracle,5,6,0.08,0.0848878622271256,56776
A_size,heterogeneous,2000,1.0,informative,0,1000,oracle,5,7,0.04,0.035717843669337,56776
A_size,heterogeneous,2000,1.0,informative,0,1000,oracle,6,7,0.5,0.3673007206254262,56776
A_size,heterogeneous,2000,1.0,informative,0,1000,oracle,6,8,0.1,0.1435642410566386,56776
A_size,heterogeneous,2000,1.0,informative,0,1000,oracle,7,6,0.15,0.0929981643175011,56776
A_size,heterogeneous,2000,1.0,informative,0,1000,oracle,7,8,0.12,0.1645866792957214,56776
A_size,heterogeneous,2000,1.0,informative,0,1000,oracle,8,9,0.35,0.2692477124327104,56776
A_size,heterogeneous,2000,1.0,informative,0,1000,oracle,8,10,0.08,0.1448669757110779,56776
A_size,heterogeneous,2000,1.0,informative,0,1000,oracle,9,8,0.08,0.0773659425183907,56776
A_size,heterogeneous,2000,1.0,informative,0,1000,oracle,9,10,0.1,0.1344693762819648,56776
A_size,heterogeneous,2000,1.0,informative,0,1000,oracle,10,11,0.05,0.0453835264653547,56776
A_size,heterogeneous,2000,1.0,informative,0,1000,panel,0,1,0.6,0.38199889553853,56776
A_size,heterogeneous,2000,1.0,informative,0,1000,panel,0,2,0.08,0.0599379029495247,56776
A_size,heterogeneous,2000,1.0,informative,0,1000,panel,1,0,0.85,0.4716475121036722,56776
A_size,heterogeneous,2000,1.0,informative,0,1000,panel,1,2,0.05,0.0328637630598871,56776
A_size,heterogeneous,2000,1.0,informative,0,1000,panel,1,3,0.1,0.0824997116702384,56776
A_size,heterogeneous,2000,1.0,informative,0,1000,panel,2,0,0.04,0.0355257637609002,56776
A_size,heterogeneous,2000,1.0,informative,0,1000,panel,2,3,0.45,0.3166503033021522,56776
A_size,heterogeneous,2000,1.0,informative,0,1000,panel,2,4,0.07,0.0610370769892457,56776
A_size,heterogeneous,2000,1.0,informative,0,1000,panel,3,1,0.06,0.0619243568623884,56776
A_size,heterogeneous,2000,1.0,informative,0,1000,panel,3,2,0.6,0.4008968731720441,56776
A_size,heterogeneous,2000,1.0,informative,0,1000,panel,3,4,0.05,0.0550012266367686,56776
A_size,heterogeneous,2000,1.0,informative,0,1000,panel,3,5,0.08,0.0810814967671069,56776
A_size,heterogeneous,2000,1.0,informative,0,1000,panel,4,5,0.3,0.1969857535336643,56776
A_size,heterogeneous,2000,1.0,informative,0,1000,panel,4,7,0.06,0.0710281718029933,56776
A_size,heterogeneous,2000,1.0,informative,0,1000,panel,5,4,0.4,0.2726138254161987,56776
A_size,heterogeneous,2000,1.0,informative,0,1000,panel,5,6,0.08,0.0912728019875352,56776
A_size,heterogeneous,2000,1.0,informative,0,1000,panel,5,7,0.04,0.0256961185220666,56776
A_size,heterogeneous,2000,1.0,informative,0,1000,panel,6,7,0.5,0.3943766736387695,56776
A_size,heterogeneous,2000,1.0,informative,0,1000,panel,6,8,0.1,0.1426503574609565,56776
A_size,heterogeneous,2000,1.0,informative,0,1000,panel,7,6,0.15,0.1032193738001933,56776
A_size,heterogeneous,2000,1.0,informative,0,1000,panel,7,8,0.12,0.1696844961161922,56776
A_size,heterogeneous,2000,1.0,informative,0,1000,panel,8,9,0.35,0.2576920561003081,56776
A_size,heterogeneous,2000,1.0,informative,0,1000,panel,8,10,0.08,0.1444354756645391,56776
A_size,heterogeneous,2000,1.0,informative,0,1000,panel,9,8,0.08,0.0954661777165564,56776
A_size,heterogeneous,2000,1.0,informative,0,1000,panel,9,10,0.1,0.130564529664488,56776
A_size,heterogeneous,2000,1.0,informative,0,1000,panel,10,11,0.05,0.0459743777520047,56776
A_size,heterogeneous,2000,1.0,informative,1,1001,crude,0,1,0.6,0.266659241111397,57217
A_size,heterogeneous,2000,1.0,informative,1,1001,crude,0,2,0.08,0.0483762340069348,57217
A_size,heterogeneous,2000,1.0,informative,1,1001,crude,1,0,0.85,0.3316452483553688,57217
A_size,heterogeneous,2000,1.0,informative,1,1001,crude,1,2,0.05,0.0371456896603816,57217
A_size,heterogeneous,2000,1.0,informative,1,1001,crude,1,3,0.1,0.060250664090284,57217
A_size,heterogeneous,2000,1.0,informative,1,1001,crude,2,0,0.04,0.0314451749980545,57217
A_size,heterogeneous,2000,1.0,informative,1,1001,crude,2,3,0.45,0.2400239616757973,57217
A_size,heterogeneous,2000,1.0,informative,1,1001,crude,2,4,0.07,0.0567822944209473,57217
A_size,heterogeneous,2000,1.0,informative,1,1001,crude,3,1,0.06,0.0508362519105342,57217
A_size,heterogeneous,2000,1.0,informative,1,1001,crude,3,2,0.6,0.2692547993633526,57217
A_size,heterogeneous,2000,1.0,informative,1,1001,crude,3,4,0.05,0.0425605829948658,57217
A_size,heterogeneous,2000,1.0,informative,1,1001,crude,3,5,0.08,0.069456506970788,57217
A_size,heterogeneous,2000,1.0,informative,1,1001,crude,4,5,0.3,0.1773713085304899,57217
A_size,heterogeneous,2000,1.0,informative,1,1001,crude,4,7,0.06,0.0520111355841286,57217
A_size,heterogeneous,2000,1.0,informative,1,1001,crude,5,4,0.4,0.1923880930585443,57217
A_size,heterogeneous,2000,1.0,informative,1,1001,crude,5,6,0.08,0.0678019711219539,57217
A_size,heterogeneous,2000,1.0,informative,1,1001,crude,5,7,0.04,0.0449188058682944,57217
A_size,heterogeneous,2000,1.0,informative,1,1001,crude,6,7,0.5,0.2768908256690893,57217
A_size,heterogeneous,2000,1.0,informative,1,1001,crude,6,8,0.1,0.1086722057733522,57217
A_size,heterogeneous,2000,1.0,informative,1,1001,crude,7,6,0.15,0.1103754845464869,57217
A_size,heterogeneous,2000,1.0,informative,1,1001,crude,7,8,0.12,0.1413713397958428,57217
A_size,heterogeneous,2000,1.0,informative,1,1001,crude,8,9,0.35,0.2174480299208485,57217
A_size,heterogeneous,2000,1.0,informative,1,1001,crude,8,10,0.08,0.115693503098913,57217
A_size,heterogeneous,2000,1.0,informative,1,1001,crude,9,8,0.08,0.0641948608079399,57217
A_size,heterogeneous,2000,1.0,informative,1,1001,crude,9,10,0.1,0.1346021275005193,57217
A_size,heterogeneous,2000,1.0,informative,1,1001,crude,10,11,0.05,0.0402915025221181,57217
A_size,heterogeneous,2000,1.0,informative,1,1001,oracle,0,1,0.6,0.3108968655349238,57217
A_size,heterogeneous,2000,1.0,informative,1,1001,oracle,0,2,0.08,0.0578192341391169,57217
A_size,heterogeneous,2000,1.0,informative,1,1001,oracle,1,0,0.85,0.46281040389425,57217
A_size,heterogeneous,2000,1.0,informative,1,1001,oracle,1,2,0.05,0.0363525063869638,57217
A_size,heterogeneous,2000,1.0,informative,1,1001,oracle,1,3,0.1,0.0734867871048302,57217
A_size,heterogeneous,2000,1.0,informative,1,1001,oracle,2,0,0.04,0.0419104921113347,57217
A_size,heterogeneous,2000,1.0,informative,1,1001,oracle,2,3,0.45,0.2743041708686857,57217
A_size,heterogeneous,2000,1.0,informative,1,1001,oracle,2,4,0.07,0.0639135004697854,57217
A_size,heterogeneous,2000,1.0,informative,1,1001,oracle,3,1,0.06,0.063995824910253,57217
A_size,heterogeneous,2000,1.0,informative,1,1001,oracle,3,2,0.6,0.3601333676322081,57217
A_size,heterogeneous,2000,1.0,informative,1,1001,oracle,3,4,0.05,0.0451735234660609,57217
A_size,heterogeneous,2000,1.0,informative,1,1001,oracle,3,5,0.08,0.0793673710896765,57217
A_size,heterogeneous,2000,1.0,informative,1,1001,oracle,4,5,0.3,0.1980541461817488,57217
A_size,heterogeneous,2000,1.0,informative,1,1001,oracle,4,7,0.06,0.0650968666519856,57217
A_size,heterogeneous,2000,1.0,informative,1,1001,oracle,5,4,0.4,0.245740802967045,57217
A_size,heterogeneous,2000,1.0,informative,1,1001,oracle,5,6,0.08,0.0795815411743811,57217
A_size,heterogeneous,2000,1.0,informative,1,1001,oracle,5,7,0.04,0.0397907705871905,57217
A_size,heterogeneous,2000,1.0,informative,1,1001,oracle,6,7,0.5,0.3720080179489659,57217
A_size,heterogeneous,2000,1.0,informative,1,1001,oracle,6,8,0.1,0.1080521213959652,57217
A_size,heterogeneous,2000,1.0,informative,1,1001,oracle,7,6,0.15,0.1222827109973146,57217
A_size,heterogeneous,2000,1.0,informative,1,1001,oracle,7,8,0.12,0.1571267092922484,57217
A_size,heterogeneous,2000,1.0,informative,1,1001,oracle,8,9,0.35,0.2777368340268937,57217
A_size,heterogeneous,2000,1.0,informative,1,1001,oracle,8,10,0.08,0.121509864886766,57217
A_size,heterogeneous,2000,1.0,informative,1,1001,oracle,9,8,0.08,0.0715366367004055,57217
A_size,heterogeneous,2000,1.0,informative,1,1001,oracle,9,10,0.1,0.1449075461367189,57217
A_size,heterogeneous,2000,1.0,informative,1,1001,oracle,10,11,0.05,0.0446594772779905,57217
A_size,heterogeneous,2000,1.0,informative,1,1001,panel,0,1,0.6,0.356467085770173,57217
A_size,heterogeneous,2000,1.0,informative,1,1001,panel,0,2,0.08,0.0532197791328982,57217
A_size,heterogeneous,2000,1.0,informative,1,1001,panel,1,0,0.85,0.4718910901979835,57217
A_size,heterogeneous,2000,1.0,informative,1,1001,panel,1,2,0.05,0.0341178691852761,57217
A_size,heterogeneous,2000,1.0,informative,1,1001,panel,1,3,0.1,0.0784700620929527,57217
A_size,heterogeneous,2000,1.0,informative,1,1001,panel,2,0,0.04,0.0371510156162118,57217
A_size,heterogeneous,2000,1.0,informative,1,1001,panel,2,3,0.45,0.3152711513997951,57217
A_size,heterogeneous,2000,1.0,informative,1,1001,panel,2,4,0.07,0.0619978193475649,57217
A_size,heterogeneous,2000,1.0,informative,1,1001,panel,3,1,0.06,0.0708281213994296,57217
A_size,heterogeneous,2000,1.0,informative,1,1001,panel,3,2,0.6,0.3820503837063829,57217
A_size,heterogeneous,2000,1.0,informative,1,1001,panel,3,4,0.05,0.0410721612560659,57217
A_size,heterogeneous,2000,1.0,informative,1,1001,panel,3,5,0.08,0.0833899137912336,57217
A_size,heterogeneous,2000,1.0,informative,1,1001,panel,4,5,0.3,0.2095219903200049,57217
A_size,heterogeneous,2000,1.0,informative,1,1001,panel,4,7,0.06,0.0597587413021525,57217
A_size,heterogeneous,2000,1.0,informative,1,1001,panel,5,4,0.4,0.2456403031807131,57217
A_size,heterogeneous,2000,1.0,informative,1,1001,panel,5,6,0.08,0.0834106239510158,57217
A_size,heterogeneous,2000,1.0,informative,1,1001,panel,5,7,0.04,0.0418763830219312,57217
A_size,heterogeneous,2000,1.0,informative,1,1001,panel,6,7,0.5,0.3881050090378871,57217
A_size,heterogeneous,2000,1.0,informative,1,1001,panel,6,8,0.1,0.1141260602900652,57217
A_size,heterogeneous,2000,1.0,informative,1,1001,panel,7,6,0.15,0.1449846559587357,57217
A_size,heterogeneous,2000,1.0,informative,1,1001,panel,7,8,0.12,0.1599863855662876,57217
A_size,heterogeneous,2000,1.0,informative,1,1001,panel,8,9,0.35,0.2643029867368139,57217
A_size,heterogeneous,2000,1.0,informative,1,1001,panel,8,10,0.08,0.1145364923380169,57217
A_size,heterogeneous,2000,1.0,informative,1,1001,panel,9,8,0.08,0.0824998317442381,57217
A_size,heterogeneous,2000,1.0,informative,1,1001,panel,9,10,0.1,0.1473652946899206,57217
A_size,heterogeneous,2000,1.0,informative,1,1001,panel,10,11,0.05,0.0439632167026685,57217
A_size,heterogeneous,2000,1.0,informative,2,1002,crude,0,1,0.6,0.257439457749973,57172
A_size,heterogeneous,2000,1.0,informative,2,1002,crude,0,2,0.08,0.050973869338181,57172
A_size,heterogeneous,2000,1.0,informative,2,1002,crude,1,0,0.85,0.3215193570395991,57172
A_size,heterogeneous,2000,1.0,informative,2,1002,crude,1,2,0.05,0.0377846469643924,57172
A_size,heterogeneous,2000,1.0,informative,2,1002,crude,1,3,0.1,0.0610501934748749,57172
A_size,heterogeneous,2000,1.0,informative,2,1002,crude,2,0,0.04,0.0314190263349234,57172
A_size,heterogeneous,2000,1.0,informative,2,1002,crude,2,3,0.45,0.2424081082920732,57172
A_size,heterogeneous,2000,1.0,informative,2,1002,crude,2,4,0.07,0.0577926615795671,57172
A_size,heterogeneous,2000,1.0,informative,2,1002,crude,3,1,0.06,0.0483748798061409,57172
A_size,heterogeneous,2000,1.0,informative,2,1002,crude,3,2,0.6,0.2871680763014225,57172
A_size,heterogeneous,2000,1.0,informative,2,1002,crude,3,4,0.05,0.0431368354959218,57172
A_size,heterogeneous,2000,1.0,informative,2,1002,crude,3,5,0.08,0.0647052532438827,57172
A_size,heterogeneous,2000,1.0,informative,2,1002,crude,4,5,0.3,0.1688010857953343,57172
A_size,heterogeneous,2000,1.0,informative,2,1002,crude,4,7,0.06,0.0600110324025238,57172
A_size,heterogeneous,2000,1.0,informative,2,1002,crude,5,4,0.4,0.2105532688618027,57172
A_size,heterogeneous,2000,1.0,informative,2,1002,crude,5,6,0.08,0.066020940236328,57172
A_size,heterogeneous,2000,1.0,informative,2,1002,crude,5,7,0.04,0.0450548308369535,57172
A_size,heterogeneous,2000,1.0,informative,2,1002,crude,6,7,0.5,0.2897471844374557,57172
A_size,heterogeneous,2000,1.0,informative,2,1002,crude,6,8,0.1,0.1217281070713571,57172
A_size,heterogeneous,2000,1.0,informative,2,1002,crude,7,6,0.15,0.1004410435226377,57172
A_size,heterogeneous,2000,1.0,informative,2,1002,crude,7,8,0.12,0.1403107707224634,57172
A_size,heterogeneous,2000,1.0,informative,2,1002,crude,8,9,0.35,0.242788984342012,57172
A_size,heterogeneous,2000,1.0,informative,2,1002,crude,8,10,0.08,0.1155441551989093,57172
A_size,heterogeneous,2000,1.0,informative,2,1002,crude,9,8,0.08,0.0619283601118658,57172
A_size,heterogeneous,2000,1.0,informative,2,1002,crude,9,10,0.1,0.1315977652377148,57172
A_size,heterogeneous,2000,1.0,informative,2,1002,crude,10,11,0.05,0.0540707768933064,57172
A_size,heterogeneous,2000,1.0,informative,2,1002,oracle,0,1,0.6,0.3026560492248102,57172
A_size,heterogeneous,2000,1.0,informative,2,1002,oracle,0,2,0.08,0.0626504644566018,57172
A_size,heterogeneous,2000,1.0,informative,2,1002,oracle,1,0,0.85,0.4464798362358714,57172
A_size,heterogeneous,2000,1.0,informative,2,1002,oracle,1,2,0.05,0.0339484881888018,57172
A_size,heterogeneous,2000,1.0,informative,2,1002,oracle,1,3,0.1,0.0722835787840219,57172
A_size,heterogeneous,2000,1.0,informative,2,1002,oracle,2,0,0.04,0.0397419265644967,57172
A_size,heterogeneous,2000,1.0,informative,2,1002,oracle,2,3,0.45,0.2853428272382117,57172
A_size,heterogeneous,2000,1.0,informative,2,1002,oracle,2,4,0.07,0.0645543463243412,57172
A_size,heterogeneous,2000,1.0,informative,2,1002,oracle,3,1,0.06,0.0574928042180797,57172
A_size,heterogeneous,2000,1.0,informative,2,1002,oracle,3,2,0.6,0.3978237717159084,57172
A_size,heterogeneous,2000,1.0,informative,2,1002,oracle,3,4,0.05,0.0452673228613616,57172
A_size,heterogeneous,2000,1.0,informative,2,1002,oracle,3,5,0.08,0.0779787459509587,57172
A_size,heterogeneous,2000,1.0,informative,2,1002,oracle,4,5,0.3,0.1931377865861904,57172
A_size,heterogeneous,2000,1.0,informative,2,1002,oracle,4,7,0.06,0.0667418039273379,57172
A_size,heterogeneous,2000,1.0,informative,2,1002,oracle,5,4,0.4,0.265976962354155,57172
A_size,heterogeneous,2000,1.0,informative,2,1002,oracle,5,6,0.08,0.0797004138064715,57172
A_size,heterogeneous,2000,1.0,informative,2,1002,oracle,5,7,0.04,0.0449473263908589,57172
A_size,heterogeneous,2000,1.0,informative,2,1002,oracle,6,7,0.5,0.3912466815857178,57172
A_size,heterogeneous,2000,1.0,informative,2,1002,oracle,6,8,0.1,0.1280115870626081,57172
A_size,heterogeneous,2000,1.0,informative,2,1002,oracle,7,6,0.15,0.1106808842953228,57172
A_size,heterogeneous,2000,1.0,informative,2,1002,oracle,7,8,0.12,0.1486660398522974,57172
A_size,heterogeneous,2000,1.0,informative,2,1002,oracle,8,9,0.35,0.3015267184673911,57172
A_size,heterogeneous,2000,1.0,informative,2,1002,oracle,8,10,0.08,0.1314347234345038,57172
A_size,heterogeneous,2000,1.0,informative,2,1002,oracle,9,8,0.08,0.0708160469828545,57172
A_size,heterogeneous,2000,1.0,informative,2,1002,oracle,9,10,0.1,0.1365738048955052,57172
A_size,heterogeneous,2000,1.0,informative,2,1002,oracle,10,11,0.05,0.0558686587153215,57172
A_size,heterogeneous,2000,1.0,informative,2,1002,panel,0,1,0.6,0.3414377150333703,57172
A_size,heterogeneous,2000,1.0,informative,2,1002,panel,0,2,0.08,0.057008574882151,57172
A_size,heterogeneous,2000,1.0,informative,2,1002,panel,1,0,0.85,0.4534884044634852,57172
A_size,heterogeneous,2000,1.0,informative,2,1002,panel,1,2,0.05,0.0329664098351944,57172
A_size,heterogeneous,2000,1.0,informative,2,1002,panel,1,3,0.1,0.080441201790825,57172
A_size,heterogeneous,2000,1.0,informative,2,1002,panel,2,0,0.04,0.0361723403700059,57172
A_size,heterogeneous,2000,1.0,informative,2,1002,panel,2,3,0.45,0.3220221154406262,57172
A_size,heterogeneous,2000,1.0,informative,2,1002,panel,2,4,0.07,0.0627446383344048,57172
A_size,heterogeneous,2000,1.0,informative,2,1002,panel,3,1,0.06,0.0654995376213276,57172
A_size,heterogeneous,2000,1.0,informative,2,1002,panel,3,2,0.6,0.412510032966274,57172
A_size,heterogeneous,2000,1.0,informative,2,1002,panel,3,4,0.05,0.0424222463735855,57172
A_size,heterogeneous,2000,1.0,informative,2,1002,panel,3,5,0.08,0.080735487857345,57172
A_size,heterogeneous,2000,1.0,informative,2,1002,panel,4,5,0.3,0.204925421833958,57172
A_size,heterogeneous,2000,1.0,informative,2,1002,panel,4,7,0.06,0.0663464434578463,57172
A_size,heterogeneous,2000,1.0,informative,2,1002,panel,5,4,0.4,0.2704695325204774,57172
A_size,heterogeneous,2000,1.0,informative,2,1002,panel,5,6,0.08,0.08451061605833,57172
A_size,heterogeneous,2000,1.0,informative,2,1002,panel,5,7,0.04,0.0399632784686068,57172
A_size,heterogeneous,2000,1.0,informative,2,1002,panel,6,7,0.5,0.4231697414045722,57172
A_size,heterogeneous,2000,1.0,informative,2,1002,panel,6,8,0.1,0.1426144743470799,57172
A_size,heterogeneous,2000,1.0,informative,2,1002,panel,7,6,0.15,0.1327643981519065,57172
A_size,heterogeneous,2000,1.0,informative,2,1002,panel,7,8,0.12,0.1524544548356041,57172
A_size,heterogeneous,2000,1.0,informative,2,1002,panel,8,9,0.35,0.294926477570472,57172
A_size,heterogeneous,2000,1.0,informative,2,1002,panel,8,10,0.08,0.1164664752790623,57172
A_size,heterogeneous,2000,1.0,informative,2,1002,panel,9,8,0.08,0.0806099321746612,57172
A_size,heterogeneous,2000,1.0,informative,2,1002,panel,9,10,0.1,0.1440093019228527,57172
A_size,heterogeneous,2000,1.0,informative,2,1002,panel,10,11,0.05,0.0545872288073226,57172
A_size,heterogeneous,2000,1.0,informative,3,1003,crude,0,1,0.6,0.272648721639954,57021
A_size,heterogeneous,2000,1.0,informative,3,1003,crude,0,2,0.08,0.0505756481962815,57021
A_size,heterogeneous,2000,1.0,informative,3,1003,crude,1,0,0.85,0.3194365007392265,57021
A_size,heterogeneous,2000,1.0,informative,3,1003,crude,1,2,0.05,0.0385978494605626,57021
A_size,heterogeneous,2000,1.0,informative,3,1003,crude,1,3,0.1,0.0572854960319662,57021
A_size,heterogeneous,2000,1.0,informative,3,1003,crude,2,0,0.04,0.0306617469707146,57021
A_size,heterogeneous,2000,1.0,informative,3,1003,crude,2,3,0.45,0.2412654250688352,57021
A_size,heterogeneous,2000,1.0,informative,3,1003,crude,2,4,0.07,0.055728284640204,57021
A_size,heterogeneous,2000,1.0,informative,3,1003,crude,3,1,0.06,0.0480520548518464,57021
A_size,heterogeneous,2000,1.0,informative,3,1003,crude,3,2,0.6,0.2794926481572588,57021
A_size,heterogeneous,2000,1.0,informative,3,1003,crude,3,4,0.05,0.0434901509102154,57021
A_size,heterogeneous,2000,1.0,informative,3,1003,crude,3,5,0.08,0.0705574476305593,57021
A_size,heterogeneous,2000,1.0,informative,3,1003,crude,4,5,0.3,0.1782565392580573,57021
A_size,heterogeneous,2000,1.0,informative,3,1003,crude,4,7,0.06,0.0546854806876413,57021
A_size,heterogeneous,2000,1.0,informative,3,1003,crude,5,4,0.4,0.2228967569661676,57021
A_size,heterogeneous,2000,1.0,informative,3,1003,crude,5,6,0.08,0.0654337070639317,57021
A_size,heterogeneous,2000,1.0,informative,3,1003,crude,5,7,0.04,0.0388380712895595,57021
A_size,heterogeneous,2000,1.0,informative,3,1003,crude,6,7,0.5,0.2469955860801366,57021
A_size,heterogeneous,2000,1.0,informative,3,1003,crude,6,8,0.1,0.1211676460015764,57021
A_size,heterogeneous,2000,1.0,informative,3,1003,crude,7,6,0.15,0.0975859651703592,57021
A_size,heterogeneous,2000,1.0,informative,3,1003,crude,7,8,0.12,0.1451692043856583,57021
A_size,heterogeneous,2000,1.0,informative,3,1003,crude,8,9,0.35,0.1788183284516371,57021
A_size,heterogeneous,2000,1.0,informative,3,1003,crude,8,10,0.08,0.1094261412913003,57021
A_size,heterogeneous,2000,1.0,informative,3,1003,crude,9,8,0.08,0.0624232763913007,57021
A_size,heterogeneous,2000,1.0,informative,3,1003,crude,9,10,0.1,0.1368510290116977,57021
A_size,heterogeneous,2000,1.0,informative,3,1003,crude,10,11,0.05,0.0569430322923936,57021
A_size,heterogeneous,2000,1.0,informative,3,1003,oracle,0,1,0.6,0.3178944416275247,57021
A_size,heterogeneous,2000,1.0,informative,3,1003,oracle,0,2,0.08,0.0585928611949713,57021
A_size,heterogeneous,2000,1.0,informative,3,1003,oracle,1,0,0.85,0.4405857450801805,57021
A_size,heterogeneous,2000,1.0,informative,3,1003,oracle,1,2,0.05,0.0387684899225299,57021
A_size,heterogeneous,2000,1.0,informative,3,1003,oracle,1,3,0.1,0.0700888463131453,57021
A_size,heterogeneous,2000,1.0,informative,3,1003,oracle,2,0,0.04,0.0363210345905265,57021
A_size,heterogeneous,2000,1.0,informative,3,1003,oracle,2,3,0.45,0.2781153505788893,57021
A_size,heterogeneous,2000,1.0,informative,3,1003,oracle,2,4,0.07,0.0655854110320365,57021
A_size,heterogeneous,2000,1.0,informative,3,1003,oracle,3,1,0.06,0.056931516038818,57021
A_size,heterogeneous,2000,1.0,informative,3,1003,oracle,3,2,0.6,0.3778182428030655,57021
A_size,heterogeneous,2000,1.0,informative,3,1003,oracle,3,4,0.05,0.0381699937078439,57021
A_size,heterogeneous,2000,1.0,informative,3,1003,oracle,3,5,0.08,0.0853972740582271,57021
A_size,heterogeneous,2000,1.0,informative,3,1003,oracle,4,5,0.3,0.1989769101307001,57021
A_size,heterogeneous,2000,1.0,informative,3,1003,oracle,4,7,0.06,0.0626151115795909,57021
A_size,heterogeneous,2000,1.0,informative,3,1003,oracle,5,4,0.4,0.2828323762716473,57021
A_size,heterogeneous,2000,1.0,informative,3,1003,oracle,5,6,0.08,0.0762989666221188,57021
A_size,heterogeneous,2000,1.0,informative,3,1003,oracle,5,7,0.04,0.0368339838865401,57021
A_size,heterogeneous,2000,1.0,informative,3,1003,oracle,6,7,0.5,0.3348602722949781,57021
A_size,heterogeneous,2000,1.0,informative,3,1003,oracle,6,8,0.1,0.1197085031392675,57021
A_size,heterogeneous,2000,1.0,informative,3,1003,oracle,7,6,0.15,0.1147856580954299,57021
A_size,heterogeneous,2000,1.0,informative,3,1003,oracle,7,8,0.12,0.1507426112337573,57021
A_size,heterogeneous,2000,1.0,informative,3,1003,oracle,8,9,0.35,0.2320546808186323,57021
A_size,heterogeneous,2000,1.0,informative,3,1003,oracle,8,10,0.08,0.1091209510992377,57021
A_size,heterogeneous,2000,1.0,informative,3,1003,oracle,9,8,0.08,0.0783158961702586,57021
A_size,heterogeneous,2000,1.0,informative,3,1003,oracle,9,10,0.1,0.150281854813199,57021
A_size,heterogeneous,2000,1.0,informative,3,1003,oracle,10,11,0.05,0.0533818280283799,57021
A_size,heterogeneous,2000,1.0,informative,3,1003,panel,0,1,0.6,0.3656450402365828,57021
A_size,heterogeneous,2000,1.0,informative,3,1003,panel,0,2,0.08,0.0570449793426721,57021
A_size,heterogeneous,2000,1.0,informative,3,1003,panel,1,0,0.85,0.4544994949351875,57021
A_size,heterogeneous,2000,1.0,informative,3,1003,panel,1,2,0.05,0.0346136911436654,57021
A_size,heterogeneous,2000,1.0,informative,3,1003,panel,1,3,0.1,0.0769221523634993,57021
A_size,heterogeneous,2000,1.0,informative,3,1003,panel,2,0,0.04,0.0352346035056984,57021
A_size,heterogeneous,2000,1.0,informative,3,1003,panel,2,3,0.45,0.3187124215936061,57021
A_size,heterogeneous,2000,1.0,informative,3,1003,panel,2,4,0.07,0.0598908300335744,57021
A_size,heterogeneous,2000,1.0,informative,3,1003,panel,3,1,0.06,0.0636836388421519,57021
A_size,heterogeneous,2000,1.0,informative,3,1003,panel,3,2,0.6,0.3992112689254684,57021
A_size,heterogeneous,2000,1.0,informative,3,1003,panel,3,4,0.05,0.0427049238084985,57021
A_size,heterogeneous,2000,1.0,informative,3,1003,panel,3,5,0.08,0.0870802515966407,57021
A_size,heterogeneous,2000,1.0,informative,3,1003,panel,4,5,0.3,0.2150129913383559,57021
A_size,heterogeneous,2000,1.0,informative,3,1003,panel,4,7,0.06,0.0599204622194505,57021
A_size,heterogeneous,2000,1.0,informative,3,1003,panel,5,4,0.4,0.2881525370922272,57021
A_size,heterogeneous,2000,1.0,informative,3,1003,panel,5,6,0.08,0.0822590815269944,57021
A_size,heterogeneous,2000,1.0,informative,3,1003,panel,5,7,0.04,0.0333238951221889,57021
A_size,heterogeneous,2000,1.0,informative,3,1003,panel,6,7,0.5,0.3448077600447636,57021
A_size,heterogeneous,2000,1.0,informative,3,1003,panel,6,8,0.1,0.1339932683239416,57021
A_size,heterogeneous,2000,1.0,informative,3,1003,panel,7,6,0.15,0.1254999477127889,57021
A_size,heterogeneous,2000,1.0,informative,3,1003,panel,7,8,0.12,0.1512915291505113,57021
A_size,heterogeneous,2000,1.0,informative,3,1003,panel,8,9,0.35,0.213905715421819,57021
A_size,heterogeneous,2000,1.0,informative,3,1003,panel,8,10,0.08,0.1012968208370596,57021
A_size,heterogeneous,2000,1.0,informative,3,1003,panel,9,8,0.08,0.0783991818532151,57021
A_size,heterogeneous,2000,1.0,informative,3,1003,panel,9,10,0.1,0.1480344270429617,57021
A_size,heterogeneous,2000,1.0,informative,3,1003,panel,10,11,0.05,0.0543737006274088,57021
A_size,heterogeneous,2000,1.0,informative,4,1004,crude,0,1,0.6,0.2716288404054762,57145
A_size,heterogeneous,2000,1.0,informative,4,1004,crude,0,2,0.08,0.0478732822170571,57145
A_size,heterogeneous,2000,1.0,informative,4,1004,crude,1,0,0.85,0.3225462521016622,57145
A_size,heterogeneous,2000,1.0,informative,4,1004,crude,1,2,0.05,0.0370421481286849,57145
A_size,heterogeneous,2000,1.0,informative,4,1004,crude,1,3,0.1,0.0585335831278747,57145
A_size,heterogeneous,2000,1.0,informative,4,1004,crude,2,0,0.04,0.0329658015258697,57145
A_size,heterogeneous,2000,1.0,informative,4,1004,crude,2,3,0.45,0.2379859918374429,57145
A_size,heterogeneous,2000,1.0,informative,4,1004,crude,2,4,0.07,0.0512550475778933,57145
A_size,heterogeneous,2000,1.0,informative,4,1004,crude,3,1,0.06,0.044723816603386,57145
A_size,heterogeneous,2000,1.0,informative,4,1004,crude,3,2,0.6,0.2736391410601908,57145
A_size,heterogeneous,2000,1.0,informative,4,1004,crude,3,4,0.05,0.0438411096967402,57145
A_size,heterogeneous,2000,1.0,informative,4,1004,crude,3,5,0.08,0.067085724905079,57145
A_size,heterogeneous,2000,1.0,informative,4,1004,crude,4,5,0.3,0.1771178109734087,57145
A_size,heterogeneous,2000,1.0,informative,4,1004,crude,4,7,0.06,0.0506956167365749,57145
A_size,heterogeneous,2000,1.0,informative,4,1004,crude,5,4,0.4,0.2055992485621877,57145
A_size,heterogeneous,2000,1.0,informative,4,1004,crude,5,6,0.08,0.0738806334669052,57145
A_size,heterogeneous,2000,1.0,informative,4,1004,crude,5,7,0.04,0.0417953297898492,57145
A_size,heterogeneous,2000,1.0,informative,4,1004,crude,6,7,0.5,0.2469252095549085,57145
A_size,heterogeneous,2000,1.0,informative,4,1004,crude,6,8,0.1,0.114317226645791,57145
A_size,heterogeneous,2000,1.0,informative,4,1004,crude,7,6,0.15,0.0928275982638145,57145
A_size,heterogeneous,2000,1.0,informative,4,1004,crude,7,8,0.12,0.1684649005528486,57145
A_size,heterogeneous,2000,1.0,informative,4,1004,crude,8,9,0.35,0.2148088659352092,57145
A_size,heterogeneous,2000,1.0,informative,4,1004,crude,8,10,0.08,0.1260212013486561,57145
A_size,heterogeneous,2000,1.0,informative,4,1004,crude,9,8,0.08,0.0505899567261293,57145
A_size,heterogeneous,2000,1.0,informative,4,1004,crude,9,10,0.1,0.1439867999128297,57145
A_size,heterogeneous,2000,1.0,informative,4,1004,crude,10,11,0.05,0.0430859678158592,57145
A_size,heterogeneous,2000,1.0,informative,4,1004,oracle,0,1,0.6,0.3120855190301435,57145
A_size,heterogeneous,2000,1.0,informative,4,1004,oracle,0,2,0.08,0.0587213542385664,57145
A_size,heterogeneous,2000,1.0,informative,4,1004,oracle,1,0,0.85,0.4384551018663505,57145
A_size,heterogeneous,2000,1.0,informative,4,1004,oracle,1,2,0.05,0.0361238074336269,57145
A_size,heterogeneous,2000,1.0,informative,4,1004,oracle,1,3,0.1,0.0711008273296784,57145
A_size,heterogeneous,2000,1.0,informative,4,1004,oracle,2,0,0.04,0.0415465613414088,57145
A_size,heterogeneous,2000,1.0,informative,4,1004,oracle,2,3,0.45,0.2796083578276815,57145
A_size,heterogeneous,2000,1.0,informative,4,1004,oracle,2,4,0.07,0.0600347811383357,57145
A_size,heterogeneous,2000,1.0,informative,4,1004,oracle,3,1,0.06,0.0559939963265463,57145
A_size,heterogeneous,2000,1.0,informative,4,1004,oracle,3,2,0.6,0.3745587098905696,57145
A_size,heterogeneous,2000,1.0,informative,4,1004,oracle,3,4,0.05,0.0487179403067126,57145
A_size,heterogeneous,2000,1.0,informative,4,1004,oracle,3,5,0.08,0.0794039156947069,57145
A_size,heterogeneous,2000,1.0,informative,4,1004,oracle,4,5,0.3,0.201314871801666,57145
A_size,heterogeneous,2000,1.0,informative,4,1004,oracle,4,7,0.06,0.0589214258931705,57145
A_size,heterogeneous,2000,1.0,informative,4,1004,oracle,5,4,0.4,0.2634665028997414,57145
A_size,heterogeneous,2000,1.0,informative,4,1004,oracle,5,6,0.08,0.0881158872574386,57145
A_size,heterogeneous,2000,1.0,informative,4,1004,oracle,5,7,0.04,0.0405333081384217,57145
A_size,heterogeneous,2000,1.0,informative,4,1004,oracle,6,7,0.5,0.3359126263081774,57145
A_size,heterogeneous,2000,1.0,informative,4,1004,oracle,6,8,0.1,0.115124984603272,57145
A_size,heterogeneous,2000,1.0,informative,4,1004,oracle,7,6,0.15,0.110758381568207,57145
A_size,heterogeneous,2000,1.0,informative,4,1004,oracle,7,8,0.12,0.1809053565614048,57145
A_size,heterogeneous,2000,1.0,informative,4,1004,oracle,8,9,0.35,0.2960318232644011,57145
A_size,heterogeneous,2000,1.0,informative,4,1004,oracle,8,10,0.08,0.1341394199166817,57145
A_size,heterogeneous,2000,1.0,informative,4,1004,oracle,9,8,0.08,0.0600236589294027,57145
A_size,heterogeneous,2000,1.0,informative,4,1004,oracle,9,10,0.1,0.1646363216349333,57145
A_size,heterogeneous,2000,1.0,informative,4,1004,oracle,10,11,0.05,0.0473486910898152,57145
A_size,heterogeneous,2000,1.0,informative,4,1004,panel,0,1,0.6,0.3645933822252307,57145
A_size,heterogeneous,2000,1.0,informative,4,1004,panel,0,2,0.08,0.0532094315001503,57145
A_size,heterogeneous,2000,1.0,informative,4,1004,panel,1,0,0.85,0.4572856981325954,57145
A_size,heterogeneous,2000,1.0,informative,4,1004,panel,1,2,0.05,0.0339550030577667,57145
A_size,heterogeneous,2000,1.0,informative,4,1004,panel,1,3,0.1,0.0785321402425897,57145
A_size,heterogeneous,2000,1.0,informative,4,1004,panel,2,0,0.04,0.0383359869004799,57145
A_size,heterogeneous,2000,1.0,informative,4,1004,panel,2,3,0.45,0.3172046846351884,57145
A_size,heterogeneous,2000,1.0,informative,4,1004,panel,2,4,0.07,0.0562230800814433,57145
A_size,heterogeneous,2000,1.0,informative,4,1004,panel,3,1,0.06,0.0601920036281047,57145
A_size,heterogeneous,2000,1.0,informative,4,1004,panel,3,2,0.6,0.3896440677329549,57145
A_size,heterogeneous,2000,1.0,informative,4,1004,panel,3,4,0.05,0.0446209120040251,57145
A_size,heterogeneous,2000,1.0,informative,4,1004,panel,3,5,0.08,0.0854819365594448,57145
A_size,heterogeneous,2000,1.0,informative,4,1004,panel,4,5,0.3,0.2129734026766317,57145
A_size,heterogeneous,2000,1.0,informative,4,1004,panel,4,7,0.06,0.0550325137986106,57145
A_size,heterogeneous,2000,1.0,informative,4,1004,panel,5,4,0.4,0.2665293663096509,57145
A_size,heterogeneous,2000,1.0,informative,4,1004,panel,5,6,0.08,0.0920605016530834,57145
A_size,heterogeneous,2000,1.0,informative,4,1004,panel,5,7,0.04,0.0380234980733651,57145
A_size,heterogeneous,2000,1.0,informative,4,1004,panel,6,7,0.5,0.3473531289827593,57145
A_size,heterogeneous,2000,1.0,informative,4,1004,panel,6,8,0.1,0.1244936128054101,57145
A_size,heterogeneous,2000,1.0,informative,4,1004,panel,7,6,0.15,0.1196978688799742,57145
A_size,heterogeneous,2000,1.0,informative,4,1004,panel,7,8,0.12,0.1830739729125016,57145
A_size,heterogeneous,2000,1.0,informative,4,1004,panel,8,9,0.35,0.271818683465522,57145
A_size,heterogeneous,2000,1.0,informative,4,1004,panel,8,10,0.08,0.1340356423366877,57145
A_size,heterogeneous,2000,1.0,informative,4,1004,panel,9,8,0.08,0.0659534812903017,57145
A_size,heterogeneous,2000,1.0,informative,4,1004,panel,9,10,0.1,0.1613223718720101,57145
A_size,heterogeneous,2000,1.0,informative,4,1004,panel,10,11,0.05,0.0473976399277104,57145
A_size,heterogeneous,4000,1.0,informative,0,1000,crude,0,1,0.6,0.2721331023481967,113113
A_size,heterogeneous,4000,1.0,informative,0,1000,crude,0,2,0.08,0.0513807405954894,113113
A_size,heterogeneous,4000,1.0,informative,0,1000,crude,1,0,0.85,0.3197812509286492,113113
A_size,heterogeneous,4000,1.0,informative,0,1000,crude,1,2,0.05,0.036371611851571,113113
A_size,heterogeneous,4000,1.0,informative,0,1000,crude,1,3,0.1,0.0583815358458628,113113
A_size,heterogeneous,4000,1.0,informative,0,1000,crude,2,0,0.04,0.0339447221209358,113113
A_size,heterogeneous,4000,1.0,informative,0,1000,crude,2,3,0.45,0.2334846426967075,113113
A_size,heterogeneous,4000,1.0,informative,0,1000,crude,2,4,0.07,0.0553895296770676,113113
A_size,heterogeneous,4000,1.0,informative,0,1000,crude,3,1,0.06,0.0491778652432079,113113
A_size,heterogeneous,4000,1.0,informative,0,1000,crude,3,2,0.6,0.269567557629436,113113
A_size,heterogeneous,4000,1.0,informative,0,1000,crude,3,4,0.05,0.0493296487779091,113113
A_size,heterogeneous,4000,1.0,informative,0,1000,crude,3,5,0.08,0.0631419504357237,113113
A_size,heterogeneous,4000,1.0,informative,0,1000,crude,4,5,0.3,0.1748504757608653,113113
A_size,heterogeneous,4000,1.0,informative,0,1000,crude,4,7,0.06,0.0590733940373107,113113
A_size,heterogeneous,4000,1.0,informative,0,1000,crude,5,4,0.4,0.2022523083766727,113113
A_size,heterogeneous,4000,1.0,informative,0,1000,crude,5,6,0.08,0.0726774778452439,113113
A_size,heterogeneous,4000,1.0,informative,0,1000,crude,5,7,0.04,0.0377833982681696,113113
A_size,heterogeneous,4000,1.0,informative,0,1000,crude,6,7,0.5,0.2764081658591659,113113
A_size,heterogeneous,4000,1.0,informative,0,1000,crude,6,8,0.1,0.1183448452065636,113113
A_size,heterogeneous,4000,1.0,informative,0,1000,crude,7,6,0.15,0.0944423768423367,113113
A_size,heterogeneous,4000,1.0,informative,0,1000,crude,7,8,0.12,0.1459564005745204,113113
A_size,heterogeneous,4000,1.0,informative,0,1000,crude,8,9,0.35,0.1953205139374537,113113
A_size,heterogeneous,4000,1.0,informative,0,1000,crude,8,10,0.08,0.1264665198156175,113113
A_size,heterogeneous,4000,1.0,informative,0,1000,crude,9,8,0.08,0.0690103581097005,113113
A_size,heterogeneous,4000,1.0,informative,0,1000,crude,9,10,0.1,0.138020716219401,113113
A_size,heterogeneous,4000,1.0,informative,0,1000,crude,10,11,0.05,0.0527459623342591,113113
A_size,heterogeneous,4000,1.0,informative,0,1000,oracle,0,1,0.6,0.3154197664481636,113113
A_size,heterogeneous,4000,1.0,informative,0,1000,oracle,0,2,0.08,0.0610951264314408,113113
A_size,heterogeneous,4000,1.0,informative,0,1000,oracle,1,0,0.85,0.4377256180817289,113113
A_size,heterogeneous,4000,1.0,informative,0,1000,oracle,1,2,0.05,0.0351958812676802,113113
A_size,heterogeneous,4000,1.0,informative,0,1000,oracle,1,3,0.1,0.0693729343934013,113113
A_size,heterogeneous,4000,1.0,informative,0,1000,oracle,2,0,0.04,0.0396257548683923,113113
A_size,heterogeneous,4000,1.0,informative,0,1000,oracle,2,3,0.45,0.2734600890783975,113113
A_size,heterogeneous,4000,1.0,informative,0,1000,oracle,2,4,0.07,0.0644183394651939,113113
A_size,heterogeneous,4000,1.0,informative,0,1000,oracle,3,1,0.06,0.0606099975194153,113113
A_size,heterogeneous,4000,1.0,informative,0,1000,oracle,3,2,0.6,0.3664223710624172,113113
A_size,heterogeneous,4000,1.0,informative,0,1000,oracle,3,4,0.05,0.0498854403175885,113113
A_size,heterogeneous,4000,1.0,informative,0,1000,oracle,3,5,0.08,0.074259433958104,113113
A_size,heterogeneous,4000,1.0,informative,0,1000,oracle,4,5,0.3,0.2005672216602792,113113
A_size,heterogeneous,4000,1.0,informative,0,1000,oracle,4,7,0.06,0.064033740760304,113113
A_size,heterogeneous,4000,1.0,informative,0,1000,oracle,5,4,0.4,0.2553118135906952,113113
A_size,heterogeneous,4000,1.0,informative,0,1000,oracle,5,6,0.08,0.0863284549551271,113113
A_size,heterogeneous,4000,1.0,informative,0,1000,oracle,5,7,0.04,0.0399498701122131,113113
A_size,heterogeneous,4000,1.0,informative,0,1000,oracle,6,7,0.5,0.3611544805319284,113113
A_size,heterogeneous,4000,1.0,informative,0,1000,oracle,6,8,0.1,0.1272151716294499,113113
A_size,heterogeneous,4000,1.0,informative,0,1000,oracle,7,6,0.15,0.1031898175719201,113113
A_size,heterogeneous,4000,1.0,informative,0,1000,oracle,7,8,0.12,0.1609061562138415,113113
A_size,heterogeneous,4000,1.0,informative,0,1000,oracle,8,9,0.35,0.2545360278619951,113113
A_size,heterogeneous,4000,1.0,informative,0,1000,oracle,8,10,0.08,0.1368315063073153,113113
A_size,heterogeneous,4000,1.0,informative,0,1000,oracle,9,8,0.08,0.0762567258088733,113113
A_size,heterogeneous,4000,1.0,informative,0,1000,oracle,9,10,0.1,0.1443794008648002,113113
A_size,heterogeneous,4000,1.0,informative,0,1000,oracle,10,11,0.05,0.0492019873815424,113113
A_size,heterogeneous,4000,1.0,informative,0,1000,panel,0,1,0.6,0.3622065920401063,113113
A_size,heterogeneous,4000,1.0,informative,0,1000,panel,0,2,0.08,0.0567146495816643,113113
A_size,heterogeneous,4000,1.0,informative,0,1000,panel,1,0,0.85,0.452720852838209,113113
A_size,heterogeneous,4000,1.0,informative,0,1000,panel,1,2,0.05,0.032389716949703,113113
A_size,heterogeneous,4000,1.0,informative,0,1000,panel,1,3,0.1,0.0774207048994711,113113
A_size,heterogeneous,4000,1.0,informative,0,1000,panel,2,0,0.04,0.0386192885616376,113113
A_size,heterogeneous,4000,1.0,informative,0,1000,panel,2,3,0.45,0.3074468584629151,113113
A_size,heterogeneous,4000,1.0,informative,0,1000,panel,2,4,0.07,0.0596087476421669,113113
A_size,heterogeneous,4000,1.0,informative,0,1000,panel,3,1,0.06,0.0643697773015995,113113
A_size,heterogeneous,4000,1.0,informative,0,1000,panel,3,2,0.6,0.3825791555118337,113113
A_size,heterogeneous,4000,1.0,informative,0,1000,panel,3,4,0.05,0.0501930332415688,113113
A_size,heterogeneous,4000,1.0,informative,0,1000,panel,3,5,0.08,0.0795800304518782,113113
A_size,heterogeneous,4000,1.0,informative,0,1000,panel,4,5,0.3,0.2088454415382402,113113
A_size,heterogeneous,4000,1.0,informative,0,1000,panel,4,7,0.06,0.06578882572428,113113
A_size,heterogeneous,4000,1.0,informative,0,1000,panel,5,4,0.4,0.2606544984118585,113113
A_size,heterogeneous,4000,1.0,informative,0,1000,panel,5,6,0.08,0.0916989290183468,113113
A_size,heterogeneous,4000,1.0,informative,0,1000,panel,5,7,0.04,0.0305401135970463,113113
A_size,heterogeneous,4000,1.0,informative,0,1000,panel,6,7,0.5,0.3886566364666518,113113
A_size,heterogeneous,4000,1.0,informative,0,1000,panel,6,8,0.1,0.1336276539448661,113113
A_size,heterogeneous,4000,1.0,informative,0,1000,panel,7,6,0.15,0.1216264904068796,113113
A_size,heterogeneous,4000,1.0,informative,0,1000,panel,7,8,0.12,0.1610883863980198,113113
A_size,heterogeneous,4000,1.0,informative,0,1000,panel,8,9,0.35,0.2506617357661389,113113
A_size,heterogeneous,4000,1.0,informative,0,1000,panel,8,10,0.08,0.129129060867814,113113
A_size,heterogeneous,4000,1.0,informative,0,1000,panel,9,8,0.08,0.0895986842820757,113113
A_size,heterogeneous,4000,1.0,informative,0,1000,panel,9,10,0.1,0.150922691825411,113113
A_size,heterogeneous,4000,1.0,informative,0,1000,panel,10,11,0.05,0.050814765350592,113113
A_size,heterogeneous,4000,1.0,informative,1,1001,crude,0,1,0.6,0.2711734797042688,113859
A_size,heterogeneous,4000,1.0,informative,1,1001,crude,0,2,0.08,0.0469112473024196,113859
A_size,heterogeneous,4000,1.0,informative,1,1001,crude,1,0,0.85,0.3350583087903909,113859
A_size,heterogeneous,4000,1.0,informative,1,1001,crude,1,2,0.05,0.0396324593885432,113859
A_size,heterogeneous,4000,1.0,informative,1,1001,crude,1,3,0.1,0.0589610413722175,113859
A_size,heterogeneous,4000,1.0,informative,1,1001,crude,2,0,0.04,0.0334772535869832,113859
A_size,heterogeneous,4000,1.0,informative,1,1001,crude,2,3,0.45,0.2400893944116977,113859
A_size,heterogeneous,4000,1.0,informative,1,1001,crude,2,4,0.07,0.0536537801596094,113859
A_size,heterogeneous,4000,1.0,informative,1,1001,crude,3,1,0.06,0.0498506562398517,113859
A_size,heterogeneous,4000,1.0,informative,1,1001,crude,3,2,0.6,0.2726860747012249,113859
A_size,heterogeneous,4000,1.0,informative,1,1001,crude,3,4,0.05,0.0435820108444212,113859
A_size,heterogeneous,4000,1.0,informative,1,1001,crude,3,5,0.08,0.0665670439609996,113859
A_size,heterogeneous,4000,1.0,informative,1,1001,crude,4,5,0.3,0.1781521476915852,113859
A_size,heterogeneous,4000,1.0,informative,1,1001,crude,4,7,0.06,0.0539555904366019,113859
A_size,heterogeneous,4000,1.0,informative,1,1001,crude,5,4,0.4,0.2036361407796151,113859
A_size,heterogeneous,4000,1.0,informative,1,1001,crude,5,6,0.08,0.0703312919802071,113859
A_size,heterogeneous,4000,1.0,informative,1,1001,crude,5,7,0.04,0.0383035036322974,113859
A_size,heterogeneous,4000,1.0,informative,1,1001,crude,6,7,0.5,0.2629173416487413,113859
A_size,heterogeneous,4000,1.0,informative,1,1001,crude,6,8,0.1,0.1113532270512316,113859
A_size,heterogeneous,4000,1.0,informative,1,1001,crude,7,6,0.15,0.097987706568047,113859
A_size,heterogeneous,4000,1.0,informative,1,1001,crude,7,8,0.12,0.1459650898669248,113859
A_size,heterogeneous,4000,1.0,informative,1,1001,crude,8,9,0.35,0.2260573888705129,113859
A_size,heterogeneous,4000,1.0,informative,1,1001,crude,8,10,0.08,0.1101305227830704,113859
A_size,heterogeneous,4000,1.0,informative,1,1001,crude,9,8,0.08,0.062199787192389,113859
A_size,heterogeneous,4000,1.0,informative,1,1001,crude,9,10,0.1,0.1286165091096858,113859
A_size,heterogeneous,4000,1.0,informative,1,1001,crude,10,11,0.05,0.0452825977370094,113859
A_size,heterogeneous,4000,1.0,informative,1,1001,oracle,0,1,0.6,0.3157518653516807,113859
A_size,heterogeneous,4000,1.0,informative,1,1001,oracle,0,2,0.08,0.0566352874924461,113859
A_size,heterogeneous,4000,1.0,informative,1,1001,oracle,1,0,0.85,0.4657038421088923,113859
A_size,heterogeneous,4000,1.0,informative,1,1001,oracle,1,2,0.05,0.0379332703472155,113859
A_size,heterogeneous,4000,1.0,informative,1,1001,oracle,1,3,0.1,0.0735321855961409,113859
A_size,heterogeneous,4000,1.0,informative,1,1001,oracle,2,0,0.04,0.0419481012074935,113859
A_size,heterogeneous,4000,1.0,informative,1,1001,oracle,2,3,0.45,0.2765235527359646,113859
A_size,heterogeneous,4000,1.0,informative,1,1001,oracle,2,4,0.07,0.0611482271333114,113859
A_size,heterogeneous,4000,1.0,informative,1,1001,oracle,3,1,0.06,0.0629656022213118,113859
A_size,heterogeneous,4000,1.0,informative,1,1001,oracle,3,2,0.6,0.3668223341529457,113859
A_size,heterogeneous,4000,1.0,informative,1,1001,oracle,3,4,0.05,0.0457931652518631,113859
A_size,heterogeneous,4000,1.0,informative,1,1001,oracle,3,5,0.08,0.0788660068226532,113859
A_size,heterogeneous,4000,1.0,informative,1,1001,oracle,4,5,0.3,0.1962604022218616,113859
A_size,heterogeneous,4000,1.0,informative,1,1001,oracle,4,7,0.06,0.0637051883850453,113859
A_size,heterogeneous,4000,1.0,informative,1,1001,oracle,5,4,0.4,0.2534896865171626,113859
A_size,heterogeneous,4000,1.0,informative,1,1001,oracle,5,6,0.08,0.0831588857263866,113859
A_size,heterogeneous,4000,1.0,informative,1,1001,oracle,5,7,0.04,0.0363402101163566,113859
A_size,heterogeneous,4000,1.0,informative,1,1001,oracle,6,7,0.5,0.346144476868921,113859
A_size,heterogeneous,4000,1.0,informative,1,1001,oracle,6,8,0.1,0.1148460793323798,113859
A_size,heterogeneous,4000,1.0,informative,1,1001,oracle,7,6,0.15,0.1057475488882347,113859
A_size,heterogeneous,4000,1.0,informative,1,1001,oracle,7,8,0.12,0.1587969837125651,113859
A_size,heterogeneous,4000,1.0,informative,1,1001,oracle,8,9,0.35,0.2861283337841993,113859
A_size,heterogeneous,4000,1.0,informative,1,1001,oracle,8,10,0.08,0.1193476472468852,113859
A_size,heterogeneous,4000,1.0,informative,1,1001,oracle,9,8,0.08,0.0651960090307254,113859
A_size,heterogeneous,4000,1.0,informative,1,1001,oracle,9,10,0.1,0.1386563008963315,113859
A_size,heterogeneous,4000,1.0,informative,1,1001,oracle,10,11,0.05,0.0479038886371378,113859
A_size,heterogeneous,4000,1.0,informative,1,1001,panel,0,1,0.6,0.3655503665576711,113859
A_size,heterogeneous,4000,1.0,informative,1,1001,panel,0,2,0.08,0.0518741284480069,113859
A_size,heterogeneous,4000,1.0,informative,1,1001,panel,1,0,0.85,0.4809782609199386,113859
A_size,heterogeneous,4000,1.0,informative,1,1001,panel,1,2,0.05,0.0370025374575143,113859
A_size,heterogeneous,4000,1.0,informative,1,1001,panel,1,3,0.1,0.078909957081357,113859
A_size,heterogeneous,4000,1.0,informative,1,1001,panel,2,0,0.04,0.0391800329811083,113859
A_size,heterogeneous,4000,1.0,informative,1,1001,panel,2,3,0.45,0.3165940410148622,113859
A_size,heterogeneous,4000,1.0,informative,1,1001,panel,2,4,0.07,0.0586190249493138,113859
A_size,heterogeneous,4000,1.0,informative,1,1001,panel,3,1,0.06,0.0686338791276054,113859
A_size,heterogeneous,4000,1.0,informative,1,1001,panel,3,2,0.6,0.3888022293178333,113859
A_size,heterogeneous,4000,1.0,informative,1,1001,panel,3,4,0.05,0.0423845380520505,113859
A_size,heterogeneous,4000,1.0,informative,1,1001,panel,3,5,0.08,0.0826900781938415,113859
A_size,heterogeneous,4000,1.0,informative,1,1001,panel,4,5,0.3,0.212097283013231,113859
A_size,heterogeneous,4000,1.0,informative,1,1001,panel,4,7,0.06,0.0603053937738063,113859
A_size,heterogeneous,4000,1.0,informative,1,1001,panel,5,4,0.4,0.2618034173316226,113859
A_size,heterogeneous,4000,1.0,informative,1,1001,panel,5,6,0.08,0.089056655065023,113859
A_size,heterogeneous,4000,1.0,informative,1,1001,panel,5,7,0.04,0.0341639872348176,113859
A_size,heterogeneous,4000,1.0,informative,1,1001,panel,6,7,0.5,0.362490419536252,113859
A_size,heterogeneous,4000,1.0,informative,1,1001,panel,6,8,0.1,0.1251226885440018,113859
A_size,heterogeneous,4000,1.0,informative,1,1001,panel,7,6,0.15,0.125606152955071,113859
A_size,heterogeneous,4000,1.0,informative,1,1001,panel,7,8,0.12,0.1606551050984247,113859
A_size,heterogeneous,4000,1.0,informative,1,1001,panel,8,9,0.35,0.277112563643497,113859
A_size,heterogeneous,4000,1.0,informative,1,1001,panel,8,10,0.08,0.1131505342620392,113859
A_size,heterogeneous,4000,1.0,informative,1,1001,panel,9,8,0.08,0.0801002010806354,113859
A_size,heterogeneous,4000,1.0,informative,1,1001,panel,9,10,0.1,0.1368477946522978,113859
A_size,heterogeneous,4000,1.0,informative,1,1001,panel,10,11,0.05,0.0485498204446263,113859
A_size,heterogeneous,4000,1.0,informative,2,1002,crude,0,1,0.6,0.2631136869377362,113739
A_size,heterogeneous,4000,1.0,informative,2,1002,crude,0,2,0.08,0.0494150911217494,113739
A_size,heterogeneous,4000,1.0,informative,2,1002,crude,1,0,0.85,0.3260807896466164,113739
A_size,heterogeneous,4000,1.0,informative,2,1002,crude,1,2,0.05,0.0372738933834889,113739
A_size,heterogeneous,4000,1.0,informative,2,1002,crude,1,3,0.1,0.0615677015416688,113739
A_size,heterogeneous,4000,1.0,informative,2,1002,crude,2,0,0.04,0.0326210242842498,113739
A_size,heterogeneous,4000,1.0,informative,2,1002,crude,2,3,0.45,0.2320980194719102,113739
A_size,heterogeneous,4000,1.0,informative,2,1002,crude,2,4,0.07,0.0603545780311382,113739
A_size,heterogeneous,4000,1.0,informative,2,1002,crude,3,1,0.06,0.0531922515086748,113739
A_size,heterogeneous,4000,1.0,informative,2,1002,crude,3,2,0.6,0.2896022582138965,113739
A_size,heterogeneous,4000,1.0,informative,2,1002,crude,3,4,0.05,0.0466430553769761,113739
A_size,heterogeneous,4000,1.0,informative,2,1002,crude,3,5,0.08,0.0642140693888507,113739
A_size,heterogeneous,4000,1.0,informative,2,1002,crude,4,5,0.3,0.1690444772781846,113739
A_size,heterogeneous,4000,1.0,informative,2,1002,crude,4,7,0.06,0.0591418470552301,113739
A_size,heterogeneous,4000,1.0,informative,2,1002,crude,5,4,0.4,0.2057582420087605,113739
A_size,heterogeneous,4000,1.0,informative,2,1002,crude,5,6,0.08,0.0650707635578414,113739
A_size,heterogeneous,4000,1.0,informative,2,1002,crude,5,7,0.04,0.0451007706038831,113739
A_size,heterogeneous,4000,1.0,informative,2,1002,crude,6,7,0.5,0.2795969057702684,113739
A_size,heterogeneous,4000,1.0,informative,2,1002,crude,6,8,0.1,0.1285606351290945,113739
A_size,heterogeneous,4000,1.0,informative,2,1002,crude,7,6,0.15,0.0914560721242908,113739
A_size,heterogeneous,4000,1.0,informative,2,1002,crude,7,8,0.12,0.1543809764491235,113739
A_size,heterogeneous,4000,1.0,informative,2,1002,crude,8,9,0.35,0.2132629310474465,113739
A_size,heterogeneous,4000,1.0,informative,2,1002,crude,8,10,0.08,0.1230363063735268,113739
A_size,heterogeneous,4000,1.0,informative,2,1002,crude,9,8,0.08,0.0603500176159619,113739
A_size,heterogeneous,4000,1.0,informative,2,1002,crude,9,10,0.1,0.1446319387692881,113739
A_size,heterogeneous,4000,1.0,informative,2,1002,crude,10,11,0.05,0.0473274973570973,113739
A_size,heterogeneous,4000,1.0,informative,2,1002,oracle,0,1,0.6,0.3056639818474904,113739
A_size,heterogeneous,4000,1.0,informative,2,1002,oracle,0,2,0.08,0.0603028788361263,113739
A_size,heterogeneous,4000,1.0,informative,2,1002,oracle,1,0,0.85,0.4467433598711964,113739
A_size,heterogeneous,4000,1.0,informative,2,1002,oracle,1,2,0.05,0.035322112661768,113739
A_size,heterogeneous,4000,1.0,informative,2,1002,oracle,1,3,0.1,0.0738031134477592,113739
A_size,heterogeneous,4000,1.0,informative,2,1002,oracle,2,0,0.04,0.0394767903237783,113739
A_size,heterogeneous,4000,1.0,informative,2,1002,oracle,2,3,0.45,0.2746576688484156,113739
A_size,heterogeneous,4000,1.0,informative,2,1002,oracle,2,4,0.07,0.0680344684303414,113739
A_size,heterogeneous,4000,1.0,informative,2,1002,oracle,3,1,0.06,0.0622717343212607,113739
A_size,heterogeneous,4000,1.0,informative,2,1002,oracle,3,2,0.6,0.3952975573215373,113739
A_size,heterogeneous,4000,1.0,informative,2,1002,oracle,3,4,0.05,0.0503292099308819,113739
A_size,heterogeneous,4000,1.0,informative,2,1002,oracle,3,5,0.08,0.0755791186419685,113739
A_size,heterogeneous,4000,1.0,informative,2,1002,oracle,4,5,0.3,0.1920226179483353,113739
A_size,heterogeneous,4000,1.0,informative,2,1002,oracle,4,7,0.06,0.0688081047648201,113739
A_size,heterogeneous,4000,1.0,informative,2,1002,oracle,5,4,0.4,0.2592092462026769,113739
A_size,heterogeneous,4000,1.0,informative,2,1002,oracle,5,6,0.08,0.0802203928319554,113739
A_size,heterogeneous,4000,1.0,informative,2,1002,oracle,5,7,0.04,0.0431242574183344,113739
A_size,heterogeneous,4000,1.0,informative,2,1002,oracle,6,7,0.5,0.3865188768382513,113739
A_size,heterogeneous,4000,1.0,informative,2,1002,oracle,6,8,0.1,0.1354226721769055,113739
A_size,heterogeneous,4000,1.0,informative,2,1002,oracle,7,6,0.15,0.1051797765610543,113739
A_size,heterogeneous,4000,1.0,informative,2,1002,oracle,7,8,0.12,0.1643223985250976,113739
A_size,heterogeneous,4000,1.0,informative,2,1002,oracle,8,9,0.35,0.2688860471213349,113739
A_size,heterogeneous,4000,1.0,informative,2,1002,oracle,8,10,0.08,0.1351581460264157,113739
A_size,heterogeneous,4000,1.0,informative,2,1002,oracle,9,8,0.08,0.0682083512392983,113739
A_size,heterogeneous,4000,1.0,informative,2,1002,oracle,9,10,0.1,0.1482394833600749,113739
A_size,heterogeneous,4000,1.0,informative,2,1002,oracle,10,11,0.05,0.0482901358131884,113739
A_size,heterogeneous,4000,1.0,informative,2,1002,panel,0,1,0.6,0.3513192206859227,113739
A_size,heterogeneous,4000,1.0,informative,2,1002,panel,0,2,0.08,0.0557280966364744,113739
A_size,heterogeneous,4000,1.0,informative,2,1002,panel,1,0,0.85,0.4614461369142801,113739
A_size,heterogeneous,4000,1.0,informative,2,1002,panel,1,2,0.05,0.0316915827534669,113739
A_size,heterogeneous,4000,1.0,informative,2,1002,panel,1,3,0.1,0.083144853754794,113739
A_size,heterogeneous,4000,1.0,informative,2,1002,panel,2,0,0.04,0.0367174730246625,113739
A_size,heterogeneous,4000,1.0,informative,2,1002,panel,2,3,0.45,0.3089987974216366,113739
A_size,heterogeneous,4000,1.0,informative,2,1002,panel,2,4,0.07,0.066337193862288,113739
A_size,heterogeneous,4000,1.0,informative,2,1002,panel,3,1,0.06,0.0697199273212337,113739
A_size,heterogeneous,4000,1.0,informative,2,1002,panel,3,2,0.6,0.4162300274908729,113739
A_size,heterogeneous,4000,1.0,informative,2,1002,panel,3,4,0.05,0.0462853538638745,113739
A_size,heterogeneous,4000,1.0,informative,2,1002,panel,3,5,0.08,0.0795121979968367,113739
A_size,heterogeneous,4000,1.0,informative,2,1002,panel,4,5,0.3,0.204732553033276,113739
A_size,heterogeneous,4000,1.0,informative,2,1002,panel,4,7,0.06,0.0668637377464661,113739
A_size,heterogeneous,4000,1.0,informative,2,1002,panel,5,4,0.4,0.2643691578021806,113739
A_size,heterogeneous,4000,1.0,informative,2,1002,panel,5,6,0.08,0.0844600291656414,113739
A_size,heterogeneous,4000,1.0,informative,2,1002,panel,5,7,0.04,0.0403095447595992,113739
A_size,heterogeneous,4000,1.0,informative,2,1002,panel,6,7,0.5,0.4025768567355959,113739
A_size,heterogeneous,4000,1.0,informative,2,1002,panel,6,8,0.1,0.1492198221015154,113739
A_size,heterogeneous,4000,1.0,informative,2,1002,panel,7,6,0.15,0.1205044146941288,113739
A_size,heterogeneous,4000,1.0,informative,2,1002,panel,7,8,0.12,0.1673602198777344,113739
A_size,heterogeneous,4000,1.0,informative,2,1002,panel,8,9,0.35,0.2630946111228738,113739
A_size,heterogeneous,4000,1.0,informative,2,1002,panel,8,10,0.08,0.1219906060540952,113739
A_size,heterogeneous,4000,1.0,informative,2,1002,panel,9,8,0.08,0.0784131325978185,113739
A_size,heterogeneous,4000,1.0,informative,2,1002,panel,9,10,0.1,0.1586376414176506,113739
A_size,heterogeneous,4000,1.0,informative,2,1002,panel,10,11,0.05,0.0479462510567575,113739
A_size,heterogeneous,4000,1.0,informative,3,1003,crude,0,1,0.6,0.2678796149621934,113279
A_size,heterogeneous,4000,1.0,informative,3,1003,crude,0,2,0.08,0.0480103876130871,113279
A_size,heterogeneous,4000,1.0,informative,3,1003,crude,1,0,0.85,0.3134295969774162,113279
A_size,heterogeneous,4000,1.0,informative,3,1003,crude,1,2,0.05,0.0388614188935975,113279
A_size,heterogeneous,4000,1.0,informative,3,1003,crude,1,3,0.1,0.0588172826497692,113279
A_size,heterogeneous,4000,1.0,informative,3,1003,crude,2,0,0.04,0.0300590143847299,113279
A_size,heterogeneous,4000,1.0,informative,3,1003,crude,2,3,0.45,0.2353484194440786,113279
A_size,heterogeneous,4000,1.0,informative,3,1003,crude,2,4,0.07,0.0553359128446164,113279
A_size,heterogeneous,4000,1.0,informative,3,1003,crude,3,1,0.06,0.0467347465287499,113279
A_size,heterogeneous,4000,1.0,informative,3,1003,crude,3,2,0.6,0.2695539573980802,113279
A_size,heterogeneous,4000,1.0,informative,3,1003,crude,3,4,0.05,0.0461317175412821,113279
A_size,heterogeneous,4000,1.0,informative,3,1003,crude,3,5,0.08,0.0672377321026531,113279
A_size,heterogeneous,4000,1.0,informative,3,1003,crude,4,5,0.3,0.1732127035932155,113279
A_size,heterogeneous,4000,1.0,informative,3,1003,crude,4,7,0.06,0.056719929840821,113279
A_size,heterogeneous,4000,1.0,informative,3,1003,crude,5,4,0.4,0.2068781863227533,113279
A_size,heterogeneous,4000,1.0,informative,3,1003,crude,5,6,0.08,0.0694691269806077,113279
A_size,heterogeneous,4000,1.0,informative,3,1003,crude,5,7,0.04,0.0417251674631952,113279
A_size,heterogeneous,4000,1.0,informative,3,1003,crude,6,7,0.5,0.2582405963075651,113279
A_size,heterogeneous,4000,1.0,informative,3,1003,crude,6,8,0.1,0.1126049111806243,113279
A_size,heterogeneous,4000,1.0,informative,3,1003,crude,7,6,0.15,0.1003320477269281,113279
A_size,heterogeneous,4000,1.0,informative,3,1003,crude,7,8,0.12,0.1524731118999774,113279
A_size,heterogeneous,4000,1.0,informative,3,1003,crude,8,9,0.35,0.1932075938312676,113279
A_size,heterogeneous,4000,1.0,informative,3,1003,crude,8,10,0.08,0.1114163791093643,113279
A_size,heterogeneous,4000,1.0,informative,3,1003,crude,9,8,0.08,0.0602779651957071,113279
A_size,heterogeneous,4000,1.0,informative,3,1003,crude,9,10,0.1,0.1369024972241485,113279
A_size,heterogeneous,4000,1.0,informative,3,1003,crude,10,11,0.05,0.0503309294562412,113279
A_size,heterogeneous,4000,1.0,informative,3,1003,oracle,0,1,0.6,0.3136407179895975,113279
A_size,heterogeneous,4000,1.0,informative,3,1003,oracle,0,2,0.08,0.0574479968304178,113279
A_size,heterogeneous,4000,1.0,informative,3,1003,oracle,1,0,0.85,0.4320039871882416,113279
A_size,heterogeneous,4000,1.0,informative,3,1003,oracle,1,2,0.05,0.0376070638427236,113279
A_size,heterogeneous,4000,1.0,informative,3,1003,oracle,1,3,0.1,0.072923342070662,113279
A_size,heterogeneous,4000,1.0,informative,3,1003,oracle,2,0,0.04,0.0366572883277371,113279
A_size,heterogeneous,4000,1.0,informative,3,1003,oracle,2,3,0.45,0.2745083143163302,113279
A_size,heterogeneous,4000,1.0,informative,3,1003,oracle,2,4,0.07,0.0668890174945777,113279
A_size,heterogeneous,4000,1.0,informative,3,1003,oracle,3,1,0.06,0.0569765033981235,113279
A_size,heterogeneous,4000,1.0,informative,3,1003,oracle,3,2,0.6,0.3697034697895188,113279
A_size,heterogeneous,4000,1.0,informative,3,1003,oracle,3,4,0.05,0.0455490126035846,113279
A_size,heterogeneous,4000,1.0,informative,3,1003,oracle,3,5,0.08,0.0793486332634883,113279
A_size,heterogeneous,4000,1.0,informative,3,1003,oracle,4,5,0.3,0.1933474309154901,113279
A_size,heterogeneous,4000,1.0,informative,3,1003,oracle,4,7,0.06,0.0648412296834457,113279
A_size,heterogeneous,4000,1.0,informative,3,1003,oracle,5,4,0.4,0.2586175424421494,113279
A_size,heterogeneous,4000,1.0,informative,3,1003,oracle,5,6,0.08,0.0829570732110663,113279
A_size,heterogeneous,4000,1.0,informative,3,1003,oracle,5,7,0.04,0.0394386085757528,113279
A_size,heterogeneous,4000,1.0,informative,3,1003,oracle,6,7,0.5,0.3460593454064321,113279
A_size,heterogeneous,4000,1.0,informative,3,1003,oracle,6,8,0.1,0.1137836849975797,113279
A_size,heterogeneous,4000,1.0,informative,3,1003,oracle,7,6,0.15,0.1141752104000006,113279
A_size,heterogeneous,4000,1.0,informative,3,1003,oracle,7,8,0.12,0.1618902237014934,113279
A_size,heterogeneous,4000,1.0,informative,3,1003,oracle,8,9,0.35,0.2537602613481536,113279
A_size,heterogeneous,4000,1.0,informative,3,1003,oracle,8,10,0.08,0.1113575614958652,113279
A_size,heterogeneous,4000,1.0,informative,3,1003,oracle,9,8,0.08,0.0735682857008238,113279
A_size,heterogeneous,4000,1.0,informative,3,1003,oracle,9,10,0.1,0.1507695731646514,113279
A_size,heterogeneous,4000,1.0,informative,3,1003,oracle,10,11,0.05,0.0469686489838988,113279
A_size,heterogeneous,4000,1.0,informative,3,1003,panel,0,1,0.6,0.358063418452851,113279
A_size,heterogeneous,4000,1.0,informative,3,1003,panel,0,2,0.08,0.0543036474503232,113279
A_size,heterogeneous,4000,1.0,informative,3,1003,panel,1,0,0.85,0.4438167157797527,113279
A_size,heterogeneous,4000,1.0,informative,3,1003,panel,1,2,0.05,0.0351012020685674,113279
A_size,heterogeneous,4000,1.0,informative,3,1003,panel,1,3,0.1,0.0799197629517766,113279
A_size,heterogeneous,4000,1.0,informative,3,1003,panel,2,0,0.04,0.0348961493032158,113279
A_size,heterogeneous,4000,1.0,informative,3,1003,panel,2,3,0.45,0.3116970678783253,113279
A_size,heterogeneous,4000,1.0,informative,3,1003,panel,2,4,0.07,0.060428778493005,113279
A_size,heterogeneous,4000,1.0,informative,3,1003,panel,3,1,0.06,0.0630715288044827,113279
A_size,heterogeneous,4000,1.0,informative,3,1003,panel,3,2,0.6,0.3830005108767621,113279
A_size,heterogeneous,4000,1.0,informative,3,1003,panel,3,4,0.05,0.0470502543998823,113279
A_size,heterogeneous,4000,1.0,informative,3,1003,panel,3,5,0.08,0.0839603306965317,113279
A_size,heterogeneous,4000,1.0,informative,3,1003,panel,4,5,0.3,0.208240275582174,113279
A_size,heterogeneous,4000,1.0,informative,3,1003,panel,4,7,0.06,0.0629698686006002,113279
A_size,heterogeneous,4000,1.0,informative,3,1003,panel,5,4,0.4,0.2659635089301659,113279
A_size,heterogeneous,4000,1.0,informative,3,1003,panel,5,6,0.08,0.0878594380912628,113279
A_size,heterogeneous,4000,1.0,informative,3,1003,panel,5,7,0.04,0.0363067903918222,113279
A_size,heterogeneous,4000,1.0,informative,3,1003,panel,6,7,0.5,0.3624907092121188,113279
A_size,heterogeneous,4000,1.0,informative,3,1003,panel,6,8,0.1,0.1218552736696431,113279
A_size,heterogeneous,4000,1.0,informative,3,1003,panel,7,6,0.15,0.1296530664039505,113279
A_size,heterogeneous,4000,1.0,informative,3,1003,panel,7,8,0.12,0.1626634918565277,113279
A_size,heterogeneous,4000,1.0,informative,3,1003,panel,8,9,0.35,0.2347442129546633,113279
A_size,heterogeneous,4000,1.0,informative,3,1003,panel,8,10,0.08,0.105006430914706,113279
A_size,heterogeneous,4000,1.0,informative,3,1003,panel,9,8,0.08,0.0779596414934282,113279
A_size,heterogeneous,4000,1.0,informative,3,1003,panel,9,10,0.1,0.1508718190180125,113279
A_size,heterogeneous,4000,1.0,informative,3,1003,panel,10,11,0.05,0.0492732646242902,113279
A_size,heterogeneous,4000,1.0,informative,4,1004,crude,0,1,0.6,0.2763899704162095,114157
A_size,heterogeneous,4000,1.0,informative,4,1004,crude,0,2,0.08,0.0497919364180226,114157
A_size,heterogeneous,4000,1.0,informative,4,1004,crude,1,0,0.85,0.327587600334892,114157
A_size,heterogeneous,4000,1.0,informative,4,1004,crude,1,2,0.05,0.0377985692694106,114157
A_size,heterogeneous,4000,1.0,informative,4,1004,crude,1,3,0.1,0.0601301377803037,114157
A_size,heterogeneous,4000,1.0,informative,4,1004,crude,2,0,0.04,0.0341106463700192,114157
A_size,heterogeneous,4000,1.0,informative,4,1004,crude,2,3,0.45,0.2374324663722979,114157
A_size,heterogeneous,4000,1.0,informative,4,1004,crude,2,4,0.07,0.0534586523438334,114157
A_size,heterogeneous,4000,1.0,informative,4,1004,crude,3,1,0.06,0.0481079547314897,114157
A_size,heterogeneous,4000,1.0,informative,4,1004,crude,3,2,0.6,0.2803791736694638,114157
A_size,heterogeneous,4000,1.0,informative,4,1004,crude,3,4,0.05,0.0434474966168767,114157
A_size,heterogeneous,4000,1.0,informative,4,1004,crude,3,5,0.08,0.0676518113411574,114157
A_size,heterogeneous,4000,1.0,informative,4,1004,crude,4,5,0.3,0.1743076151794524,114157
A_size,heterogeneous,4000,1.0,informative,4,1004,crude,4,7,0.06,0.0535350627973455,114157
A_size,heterogeneous,4000,1.0,informative,4,1004,crude,5,4,0.4,0.203255038219138,114157
A_size,heterogeneous,4000,1.0,informative,4,1004,crude,5,6,0.08,0.0753352887169139,114157
A_size,heterogeneous,4000,1.0,informative,4,1004,crude,5,7,0.04,0.0401358945585837,114157
A_size,heterogeneous,4000,1.0,informative,4,1004,crude,6,7,0.5,0.2440571876073962,114157
A_size,heterogeneous,4000,1.0,informative,4,1004,crude,6,8,0.1,0.1256059792898,114157
A_size,heterogeneous,4000,1.0,informative,4,1004,crude,7,6,0.15,0.0882495548064526,114157
A_size,heterogeneous,4000,1.0,informative,4,1004,crude,7,8,0.12,0.1569823811460935,114157
A_size,heterogeneous,4000,1.0,informative,4,1004,crude,8,9,0.35,0.2070189429873256,114157
A_size,heterogeneous,4000,1.0,informative,4,1004,crude,8,10,0.08,0.1124208829467596,114157
A_size,heterogeneous,4000,1.0,informative,4,1004,crude,9,8,0.08,0.0511969907637556,114157
A_size,heterogeneous,4000,1.0,informative,4,1004,crude,9,10,0.1,0.1464233935843411,114157
A_size,heterogeneous,4000,1.0,informative,4,1004,crude,10,11,0.05,0.0407536900101134,114157
A_size,heterogeneous,4000,1.0,informative,4,1004,oracle,0,1,0.6,0.3201903337068926,114157
A_size,heterogeneous,4000,1.0,informative,4,1004,oracle,0,2,0.08,0.0600913594395345,114157
A_size,heterogeneous,4000,1.0,informative,4,1004,oracle,1,0,0.85,0.4513787601334799,114157
A_size,heterogeneous,4000,1.0,informative,4,1004,oracle,1,2,0.05,0.0362170457877369,114157
A_size,heterogeneous,4000,1.0,informative,4,1004,oracle,1,3,0.1,0.0737684037887063,114157
A_size,heterogeneous,4000,1.0,informative,4,1004,oracle,2,0,0.04,0.0422947767143512,114157
A_size,heterogeneous,4000,1.0,informative,4,1004,oracle,2,3,0.45,0.2778488981234752,114157
A_size,heterogeneous,4000,1.0,informative,4,1004,oracle,2,4,0.07,0.0625674555774344,114157
A_size,heterogeneous,4000,1.0,informative,4,1004,oracle,3,1,0.06,0.0600268536970726,114157
A_size,heterogeneous,4000,1.0,informative,4,1004,oracle,3,2,0.6,0.3873430936679027,114157
A_size,heterogeneous,4000,1.0,informative,4,1004,oracle,3,4,0.05,0.0464358679543392,114157
A_size,heterogeneous,4000,1.0,informative,4,1004,oracle,3,5,0.08,0.0802515348618545,114157
A_size,heterogeneous,4000,1.0,informative,4,1004,oracle,4,5,0.3,0.1968808823647442,114157
A_size,heterogeneous,4000,1.0,informative,4,1004,oracle,4,7,0.06,0.0622190325574043,114157
A_size,heterogeneous,4000,1.0,informative,4,1004,oracle,5,4,0.4,0.256942082256855,114157
A_size,heterogeneous,4000,1.0,informative,4,1004,oracle,5,6,0.08,0.088393419979178,114157
A_size,heterogeneous,4000,1.0,informative,4,1004,oracle,5,7,0.04,0.0371831262884703,114157
A_size,heterogeneous,4000,1.0,informative,4,1004,oracle,6,7,0.5,0.3366503305318644,114157
A_size,heterogeneous,4000,1.0,informative,4,1004,oracle,6,8,0.1,0.1207014599711806,114157
A_size,heterogeneous,4000,1.0,informative,4,1004,oracle,7,6,0.15,0.1010999345730816,114157
A_size,heterogeneous,4000,1.0,informative,4,1004,oracle,7,8,0.12,0.1712880186471994,114157
A_size,heterogeneous,4000,1.0,informative,4,1004,oracle,8,9,0.35,0.2794508572395137,114157
A_size,heterogeneous,4000,1.0,informative,4,1004,oracle,8,10,0.08,0.1165585181750303,114157
A_size,heterogeneous,4000,1.0,informative,4,1004,oracle,9,8,0.08,0.066294689518219,114157
A_size,heterogeneous,4000,1.0,informative,4,1004,oracle,9,10,0.1,0.164840849612869,114157
A_size,heterogeneous,4000,1.0,informative,4,1004,oracle,10,11,0.05,0.0461369247144869,114157
A_size,heterogeneous,4000,1.0,informative,4,1004,panel,0,1,0.6,0.3725834258086569,114157
A_size,heterogeneous,4000,1.0,informative,4,1004,panel,0,2,0.08,0.0554559364837572,114157
A_size,heterogeneous,4000,1.0,informative,4,1004,panel,1,0,0.85,0.468644773372449,114157
A_size,heterogeneous,4000,1.0,informative,4,1004,panel,1,2,0.05,0.0344505092519351,114157
A_size,heterogeneous,4000,1.0,informative,4,1004,panel,1,3,0.1,0.0802462297120007,114157
A_size,heterogeneous,4000,1.0,informative,4,1004,panel,2,0,0.04,0.0397362385783166,114157
A_size,heterogeneous,4000,1.0,informative,4,1004,panel,2,3,0.45,0.3165351897137568,114157
A_size,heterogeneous,4000,1.0,informative,4,1004,panel,2,4,0.07,0.0590225304304907,114157
A_size,heterogeneous,4000,1.0,informative,4,1004,panel,3,1,0.06,0.0652257219022544,114157
A_size,heterogeneous,4000,1.0,informative,4,1004,panel,3,2,0.6,0.4016752000547107,114157
A_size,heterogeneous,4000,1.0,informative,4,1004,panel,3,4,0.05,0.0438493090398946,114157
A_size,heterogeneous,4000,1.0,informative,4,1004,panel,3,5,0.08,0.0852137127813241,114157
A_size,heterogeneous,4000,1.0,informative,4,1004,panel,4,5,0.3,0.2089821333575461,114157
A_size,heterogeneous,4000,1.0,informative,4,1004,panel,4,7,0.06,0.0588728222982914,114157
A_size,heterogeneous,4000,1.0,informative,4,1004,panel,5,4,0.4,0.2618105349063411,114157
A_size,heterogeneous,4000,1.0,informative,4,1004,panel,5,6,0.08,0.0934336074591209,114157
A_size,heterogeneous,4000,1.0,informative,4,1004,panel,5,7,0.04,0.0359075145806044,114157
A_size,heterogeneous,4000,1.0,informative,4,1004,panel,6,7,0.5,0.3398602632501107,114157
A_size,heterogeneous,4000,1.0,informative,4,1004,panel,6,8,0.1,0.136042524336102,114157
A_size,heterogeneous,4000,1.0,informative,4,1004,panel,7,6,0.15,0.112429366486737,114157
A_size,heterogeneous,4000,1.0,informative,4,1004,panel,7,8,0.12,0.1706978697741343,114157
A_size,heterogeneous,4000,1.0,informative,4,1004,panel,8,9,0.35,0.2587497431245031,114157
A_size,heterogeneous,4000,1.0,informative,4,1004,panel,8,10,0.08,0.1125620746036534,114157
A_size,heterogeneous,4000,1.0,informative,4,1004,panel,9,8,0.08,0.0656094916351217,114157
A_size,heterogeneous,4000,1.0,informative,4,1004,panel,9,10,0.1,0.161754814438109,114157
A_size,heterogeneous,4000,1.0,informative,4,1004,panel,10,11,0.05,0.0443698387736039,114157
A_size,homogeneous,250,1.0,informative,0,1000,crude,0,1,0.6,0.49106147479385703,7826
A_size,homogeneous,250,1.0,informative,0,1000,crude,0,2,0.08,0.06812413523151774,7826
A_size,homogeneous,250,1.0,informative,0,1000,crude,1,0,0.85,0.521722893749759,7826
A_size,homogeneous,250,1.0,informative,0,1000,crude,1,2,0.05,0.056443704879359895,7826
A_size,homogeneous,250,1.0,informative,0,1000,crude,1,3,0.1,0.08237729901311984,7826
A_size,homogeneous,250,1.0,informative,0,1000,crude,2,0,0.04,0.033505416220334976,7826
A_size,homogeneous,250,1.0,informative,0,1000,crude,2,3,0.45,0.37135169644204596,7826
A_size,homogeneous,250,1.0,informative,0,1000,crude,2,4,0.07,0.04886206532132183,7826
A_size,homogeneous,250,1.0,informative,0,1000,crude,3,1,0.06,0.03541453330993612,7826
A_size,homogeneous,250,1.0,informative,0,1000,crude,3,2,0.6,0.43028657971572387,7826
A_size,homogeneous,250,1.0,informative,0,1000,crude,3,4,0.05,0.05312179996490418,7826
A_size,homogeneous,250,1.0,informative,0,1000,crude,3,5,0.08,0.05489252663040099,7826
A_size,homogeneous,250,1.0,informative,0,1000,crude,4,5,0.3,0.25067602181009935,7826
A_size,homogeneous,250,1.0,informative,0,1000,crude,4,7,0.06,0.047135662220702444,7826
A_size,homogeneous,250,1.0,informative,0,1000,crude,5,4,0.4,0.35878950240098095,7826
A_size,homogeneous,250,1.0,informative,0,1000,crude,5,6,0.08,0.05171740575149275,7826
A_size,homogeneous,250,1.0,informative,0,1000,crude,5,7,0.04,0.04525273003255616,7826
A_size,homogeneous,250,1.0,informative,0,1000,crude,6,7,0.5,0.3454617837014421,7826
A_size,homogeneous,250,1.0,informative,0,1000,crude,6,8,0.1,0.1480550501577609,7826
A_size,homogeneous,250,1.0,informative,0,1000,crude,7,6,0.15,0.14514588613014942,7826
A_size,homogeneous,250,1.0,informative,0,1000,crude,7,8,0.12,0.06967002534247171,7826
A_size,homogeneous,250,1.0,informative,0,1000,crude,8,9,0.35,0.3033359369667925,7826
A_size,homogeneous,250,1.0,informative,0,1000,crude,8,10,0.08,0.012638997373616356,7826
A_size,homogeneous,250,1.0,informative,0,1000,crude,9,8,0.08,0.10423181154888475,7826
A_size,homogeneous,250,1.0,informative,0,1000,crude,9,10,0.1,0.14592453616843865,7826
A_size,homogeneous,250,1.0,informative,0,1000,crude,10,11,0.05,0.025189614825599706,7826
A_size,homogeneous,250,1.0,informative,0,1000,oracle,0,1,0.6,0.583927781138077,7826
A_size,homogeneous,250,1.0,informative,0,1000,oracle,0,2,0.08,0.08377550607334296,7826
A_size,homogeneous,250,1.0,informative,0,1000,oracle,1,0,0.85,0.8489547156343102,7826
A_size,homogeneous,250,1.0,informative,0,1000,oracle,1,2,0.05,0.04487075664029124,7826
A_size,homogeneous,250,1.0,informative,0,1000,oracle,1,3,0.1,0.11127947646792227,7826
A_size,homogeneous,250,1.0,informative,0,1000,oracle,2,0,0.04,0.04029780209130508,7826
A_size,homogeneous,250,1.0,informative,0,1000,oracle,2,3,0.45,0.4231269219587034,7826
A_size,homogeneous,250,1.0,informative,0,1000,oracle,2,4,0.07,0.057928090506251056,7826
A_size,homogeneous,250,1.0,informative,0,1000,oracle,3,1,0.06,0.05280644660395218,7826
A_size,homogeneous,250,1.0,informative,0,1000,oracle,3,2,0.6,0.6219425933354368,7826
A_size,homogeneous,250,1.0,informative,0,1000,oracle,3,4,0.05,0.05085065228528728,7826
A_size,homogeneous,250,1.0,informative,0,1000,oracle,3,5,0.08,0.06454121251594155,7826
A_size,homogeneous,250,1.0,informative,0,1000,oracle,4,5,0.3,0.2769525614105502,7826
A_size,homogeneous,250,1.0,informative,0,1000,oracle,4,7,0.06,0.05577516861740247,7826
A_size,homogeneous,250,1.0,informative,0,1000,oracle,5,4,0.4,0.46181811899676567,7826
A_size,homogeneous,250,1.0,informative,0,1000,oracle,5,6,0.08,0.05858886584287326,7826
A_size,homogeneous,250,1.0,informative,0,1000,oracle,5,7,0.04,0.04824965422354269,7826
A_size,homogeneous,250,1.0,informative,0,1000,oracle,6,7,0.5,0.5043666971091196,7826
A_size,homogeneous,250,1.0,informative,0,1000,oracle,6,8,0.1,0.16812223236970653,7826
A_size,homogeneous,250,1.0,informative,0,1000,oracle,7,6,0.15,0.14435701598541997,7826
A_size,homogeneous,250,1.0,informative,0,1000,oracle,7,8,0.12,0.08661420959125199,7826
A_size,homogeneous,250,1.0,informative,0,1000,oracle,8,9,0.35,0.37393173860668893,7826
A_size,homogeneous,250,1.0,informative,0,1000,oracle,8,10,0.08,0.0,7826
A_size,homogeneous,250,1.0,informative,0,1000,oracle,9,8,0.08,0.09354500348174534,7826
A_size,homogeneous,250,1.0,informative,0,1000,oracle,9,10,0.1,0.12472667130899379,7826
A_size,homogeneous,250,1.0,informative,0,1000,oracle,10,11,0.05,0.04336121531413342,7826
A_size,homogeneous,250,1.0,informative,0,1000,panel,0,1,0.6,0.8563673132828615,7826
A_size,homogeneous,250,1.0,informative,0,1000,panel,0,2,0.08,0.07544255642094166,7826
A_size,homogeneous,250,1.0,informative,0,1000,panel,1,0,0.85,1.0363856156752909,7826
A_size,homogeneous,250,1.0,informative,0,1000,panel,1,2,0.05,0.04407632528332226,7826
A_size,homogeneous,250,1.0,informative,0,1000,panel,1,3,0.1,0.12030130515883183,7826
A_size,homogeneous,250,1.0,informative,0,1000,panel,2,0,0.04,0.03968001292603449,7826
A_size,homogeneous,250,1.0,informative,0,1000,panel,2,3,0.45,0.5625665144666924,7826
A_size,homogeneous,250,1.0,informative,0,1000,panel,2,4,0.07,0.04896703072012038,7826
A_size,homogeneous,250,1.0,informative,0,1000,panel,3,1,0.06,0.053275033175152677,7826
A_size,homogeneous,250,1.0,informative,0,1000,panel,3,2,0.6,0.7140577110278901,7826
A_size,homogeneous,250,1.0,informative,0,1000,panel,3,4,0.05,0.05483779206487528,7826
A_size,homogeneous,250,1.0,informative,0,1000,panel,3,5,0.08,0.07214102390939162,7826
A_size,homogeneous,250,1.0,informative,0,1000,panel,4,5,0.3,0.33332374756062605,7826
A_size,homogeneous,250,1.0,informative,0,1000,panel,4,7,0.06,0.0490441385229998,7826
A_size,homogeneous,250,1.0,informative,0,1000,panel,5,4,0.4,0.5062312825738183,7826
A_size,homogeneous,250,1.0,informative,0,1000,panel,5,6,0.08,0.07401027174221386,7826
A_size,homogeneous,250,1.0,informative,0,1000,panel,5,7,0.04,0.037187957467483386,7826
A_size,homogeneous,250,1.0,informative,0,1000,panel,6,7,0.5,0.5751879174109622,7826
A_size,homogeneous,250,1.0,informative,0,1000,panel,6,8,0.1,0.19274393462484915,7826
A_size,homogeneous,250,1.0,informative,0,1000,panel,7,6,0.15,0.19841506984665655,7826
A_size,homogeneous,250,1.0,informative,0,1000,panel,7,8,0.12,0.07095629881794797,7826
A_size,homogeneous,250,1.0,informative,0,1000,panel,8,9,0.35,0.3786070761088469,7826
A_size,homogeneous,250,1.0,informative,0,1000,panel,8,10,0.08,0.0008040541264503197,7826
A_size,homogeneous,250,1.0,informative,0,1000,panel,9,8,0.08,0.12963570137860927,7826
A_size,homogeneous,250,1.0,informative,0,1000,panel,9,10,0.1,0.14394404388885443,7826
A_size,homogeneous,250,1.0,informative,0,1000,panel,10,11,0.05,0.021878537520106378,7826
A_size,homogeneous,250,1.0,informative,1,1001,crude,0,1,0.6,0.4656655110982347,7261
A_size,homogeneous,250,1.0,informative,1,1001,crude,0,2,0.08,0.07280763691438197,7261
A_size,homogeneous,250,1.0,informative,1,1001,crude,1,0,0.85,0.513220806687626,7261
A_size,homogeneous,250,1.0,informative,1,1001,crude,1,2,0.05,0.06308694301475802,7261
A_size,homogeneous,250,1.0,informative,1,1001,crude,1,3,0.1,0.08525262569561895,7261
A_size,homogeneous,250,1.0,informative,1,1001,crude,2,0,0.04,0.03763920984497718,7261
A_size,homogeneous,250,1.0,informative,1,1001,crude,2,3,0.45,0.39766643444910676,7261
A_size,homogeneous,250,1.0,informative,1,1001,crude,2,4,0.07,0.044185159383234085,7261
A_size,homogeneous,250,1.0,informative,1,1001,crude,3,1,0.06,0.03526773126953996,7261
A_size,homogeneous,250,1.0,informative,1,1001,crude,3,2,0.6,0.4232127752344796,7261
A_size,homogeneous,250,1.0,informative,1,1001,crude,3,4,0.05,0.024130552973895766,7261
A_size,homogeneous,250,1.0,informative,1,1001,crude,3,5,0.08,0.06496687339125783,7261
A_size,homogeneous,250,1.0,informative,1,1001,crude,4,5,0.3,0.23850216580264613,7261
A_size,homogeneous,250,1.0,informative,1,1001,crude,4,7,0.06,0.05581965582615122,7261
A_size,homogeneous,250,1.0,informative,1,1001,crude,5,4,0.4,0.3040036071081459,7261
A_size,homogeneous,250,1.0,informative,1,1001,crude,5,6,0.08,0.06922854419294411,7261
A_size,homogeneous,250,1.0,informative,1,1001,crude,5,7,0.04,0.024079493632328388,7261
A_size,homogeneous,250,1.0,informative,1,1001,crude,6,7,0.5,0.326696902144669,7261
A_size,homogeneous,250,1.0,informative,1,1001,crude,6,8,0.1,0.08647859174417709,7261
A_size,homogeneous,250,1.0,informative,1,1001,crude,7,6,0.15,0.15650725880666347,7261
A_size,homogeneous,250,1.0,informative,1,1001,crude,7,8,0.12,0.07825362940333173,7261
A_size,homogeneous,250,1.0,informative,1,1001,crude,8,9,0.35,0.3706326308869628,7261
A_size,homogeneous,250,1.0,informative,1,1001,crude,8,10,0.08,0.09753490286499021,7261
A_size,homogeneous,250,1.0,informative,1,1001,crude,9,8,0.08,0.06985923364420694,7261
A_size,homogeneous,250,1.0,informative,1,1001,crude,9,10,0.1,0.10478885046631042,7261
A_size,homogeneous,250,1.0,informative,1,1001,crude,10,11,0.05,0.030545356800312777,7261
A_size,homogeneous,250,1.0,informative,1,1001,oracle,0,1,0.6,0.6039903566643613,7261
A_size,homogeneous,250,1.0,informative,1,1001,oracle,0,2,0.08,0.09790711260997638,7261
A_size,homogeneous,250,1.0,informative,1,1001,oracle,1,0,0.85,0.8535516027859388,7261
A_size,homogeneous,250,1.0,informative,1,1001,oracle,1,2,0.05,0.052616194692283895,7261
A_size,homogeneous,250,1.0,informative,1,1001,oracle,1,3,0.1,0.10912988528769993,7261
A_size,homogeneous,250,1.0,informative,1,1001,oracle,2,0,0.04,0.03915450693927422,7261
A_size,homogeneous,250,1.0,informative,1,1001,oracle,2,3,0.45,0.44810157941613826,7261
A_size,homogeneous,250,1.0,informative,1,1001,oracle,2,4,0.07,0.04785550848133516,7261
A_size,homogeneous,250,1.0,informative,1,1001,oracle,3,1,0.06,0.046983829026997104,7261
A_size,homogeneous,250,1.0,informative,1,1001,oracle,3,2,0.6,0.5862764752499203,7261
A_size,homogeneous,250,1.0,informative,1,1001,oracle,3,4,0.05,0.03676995315156295,7261
A_size,homogeneous,250,1.0,informative,1,1001,oracle,3,5,0.08,0.0735399063031259,7261
A_size,homogeneous,250,1.0,informative,1,1001,oracle,4,5,0.3,0.28512210104976476,7261
A_size,homogeneous,250,1.0,informative,1,1001,oracle,4,7,0.06,0.05791542677573346,7261
A_size,homogeneous,250,1.0,informative,1,1001,oracle,5,4,0.4,0.40250489832900677,7261
A_size,homogeneous,250,1.0,informative,1,1001,oracle,5,6,0.08,0.08115018111471911,7261
A_size,homogeneous,250,1.0,informative,1,1001,oracle,5,7,0.04,0.02272205071212135,7261
A_size,homogeneous,250,1.0,informative,1,1001,oracle,6,7,0.5,0.4834818825654874,7261
A_size,homogeneous,250,1.0,informative,1,1001,oracle,6,8,0.1,0.0822947885217851,7261
A_size,homogeneous,250,1.0,informative,1,1001,oracle,7,6,0.15,0.1837252508203975,7261
A_size,homogeneous,250,1.0,informative,1,1001,oracle,7,8,0.12,0.08514096989237932,7261
A_size,homogeneous,250,1.0,informative,1,1001,oracle,8,9,0.35,0.5185870017885792,7261
A_size,homogeneous,250,1.0,informative,1,1001,oracle,8,10,0.08,0.11273630473664766,7261
A_size,homogeneous,250,1.0,informative,1,1001,oracle,9,8,0.08,0.07151123932568555,7261
A_size,homogeneous,250,1.0,informative,1,1001,oracle,9,10,0.1,0.10011573505595978,7261
A_size,homogeneous,250,1.0,informative,1,1001,oracle,10,11,0.05,0.023478122932827663,7261
A_size,homogeneous,250,1.0,informative,1,1001,panel,0,1,0.6,0.7909798937012482,7261
A_size,homogeneous,250,1.0,informative,1,1001,panel,0,2,0.08,0.08013002096394793,7261
A_size,homogeneous,250,1.0,informative,1,1001,panel,1,0,0.85,0.9327958563311523,7261
A_size,homogeneous,250,1.0,informative,1,1001,panel,1,2,0.05,0.056939074645709145,7261
A_size,homogeneous,250,1.0,informative,1,1001,panel,1,3,0.1,0.12239448479688503,7261
A_size,homogeneous,250,1.0,informative,1,1001,panel,2,0,0.04,0.04336386655966415,7261
A_size,homogeneous,250,1.0,informative,1,1001,panel,2,3,0.45,0.6007465423991248,7261
A_size,homogeneous,250,1.0,informative,1,1001,panel,2,4,0.07,0.0497118214990863,7261
A_size,homogeneous,250,1.0,informative,1,1001,panel,3,1,0.06,0.04767088567625552,7261
A_size,homogeneous,250,1.0,informative,1,1001,panel,3,2,0.6,0.7080495163910682,7261
A_size,homogeneous,250,1.0,informative,1,1001,panel,3,4,0.05,0.014648130686555209,7261
A_size,homogeneous,250,1.0,informative,1,1001,panel,3,5,0.08,0.08850275713865634,7261
A_size,homogeneous,250,1.0,informative,1,1001,panel,4,5,0.3,0.3091948217284643,7261
A_size,homogeneous,250,1.0,informative,1,1001,panel,4,7,0.06,0.060090992679380305,7261
A_size,homogeneous,250,1.0,informative,1,1001,panel,5,4,0.4,0.4245458045519735,7261
A_size,homogeneous,250,1.0,informative,1,1001,panel,5,6,0.08,0.08583131986375069,7261
A_size,homogeneous,250,1.0,informative,1,1001,panel,5,7,0.04,0.014124438589435679,7261
A_size,homogeneous,250,1.0,informative,1,1001,panel,6,7,0.5,0.47464450279567894,7261
A_size,homogeneous,250,1.0,informative,1,1001,panel,6,8,0.1,0.10229697920446325,7261
A_size,homogeneous,250,1.0,informative,1,1001,panel,7,6,0.15,0.21064053898732832,7261
A_size,homogeneous,250,1.0,informative,1,1001,panel,7,8,0.12,0.0717159256159274,7261
A_size,homogeneous,250,1.0,informative,1,1001,panel,8,9,0.35,0.4763630682857234,7261
A_size,homogeneous,250,1.0,informative,1,1001,panel,8,10,0.08,0.09353422247495191,7261
A_size,homogeneous,250,1.0,informative,1,1001,panel,9,8,0.08,0.09220163464906524,7261
A_size,homogeneous,250,1.0,informative,1,1001,panel,9,10,0.1,0.10286441509029597,7261
A_size,homogeneous,250,1.0,informative,1,1001,panel,10,11,0.05,0.027740247341286887,7261
A_size,homogeneous,250,1.0,informative,2,1002,crude,0,1,0.6,0.5029659272019691,7348
A_size,homogeneous,250,1.0,informative,2,1002,crude,0,2,0.08,0.0576315124918923,7348
A_size,homogeneous,250,1.0,informative,2,1002,crude,1,0,0.85,0.5590014505223195,7348
A_size,homogeneous,250,1.0,informative,2,1002,crude,1,2,0.05,0.051866113965988406,7348
A_size,homogeneous,250,1.0,informative,2,1002,crude,1,3,0.1,0.07923989633692674,7348
A_size,homogeneous,250,1.0,informative,2,1002,crude,2,0,0.04,0.027868432433769397,7348
A_size,homogeneous,250,1.0,informative,2,1002,crude,2,3,0.45,0.3675149527203339,7348
A_size,homogeneous,250,1.0,informative,2,1002,crude,2,4,0.07,0.06270397297598114,7348
A_size,homogeneous,250,1.0,informative,2,1002,crude,3,1,0.06,0.04578615814669844,7348
A_size,homogeneous,250,1.0,informative,2,1002,crude,3,2,0.6,0.4186163030555286,7348
A_size,homogeneous,250,1.0,informative,2,1002,crude,3,4,0.05,0.0501467446368602,7348
A_size,homogeneous,250,1.0,informative,2,1002,crude,3,5,0.08,0.054507331127021955,7348
A_size,homogeneous,250,1.0,informative,2,1002,crude,4,5,0.3,0.2955824776455191,7348
A_size,homogeneous,250,1.0,informative,2,1002,crude,4,7,0.06,0.04504113945074577,7348
A_size,homogeneous,250,1.0,informative,2,1002,crude,5,4,0.4,0.32149792312341624,7348
A_size,homogeneous,250,1.0,informative,2,1002,crude,5,6,0.08,0.07144398291631472,7348
A_size,homogeneous,250,1.0,informative,2,1002,crude,5,7,0.04,0.04286638974978883,7348
A_size,homogeneous,250,1.0,informative,2,1002,crude,6,7,0.5,0.45521053487237845,7348
A_size,homogeneous,250,1.0,informative,2,1002,crude,6,8,0.1,0.07803609169240773,7348
A_size,homogeneous,250,1.0,informative,2,1002,crude,7,6,0.15,0.17814556216418123,7348
A_size,homogeneous,250,1.0,informative,2,1002,crude,7,8,0.12,0.07470620348820503,7348
A_size,homogeneous,250,1.0,informative,2,1002,crude,8,9,0.35,0.35542475924415373,7348
A_size,homogeneous,250,1.0,informative,2,1002,crude,8,10,0.08,0.07108495184883075,7348
A_size,homogeneous,250,1.0,informative,2,1002,crude,9,8,0.08,0.043491812666265575,7348
A_size,homogeneous,250,1.0,informative,2,1002,crude,9,10,0.1,0.11597816711004154,7348
A_size,homogeneous,250,1.0,informative,2,1002,crude,10,11,0.05,0.05144403403537292,7348
A_size,homogeneous,250,1.0,informative,2,1002,oracle,0,1,0.6,0.6196412445976126,7348
A_size,homogeneous,250,1.0,informative,2,1002,oracle,0,2,0.08,0.07817366351138712,7348
A_size,homogeneous,250,1.0,informative,2,1002,oracle,1,0,0.85,0.9469308600950621,7348
A_size,homogeneous,250,1.0,informative,2,1002,oracle,1,2,0.05,0.04631727033073673,7348
A_size,homogeneous,250,1.0,informative,2,1002,oracle,1,3,0.1,0.10292726740163718,7348
A_size,homogeneous,250,1.0,informative,2,1002,oracle,2,0,0.04,0.040007498108583346,7348
A_size,homogeneous,250,1.0,informative,2,1002,oracle,2,3,0.45,0.42161748006737837,7348
A_size,homogeneous,250,1.0,informative,2,1002,oracle,2,4,0.07,0.06924374672639426,7348
A_size,homogeneous,250,1.0,informative,2,1002,oracle,3,1,0.06,0.06348821253684903,7348
A_size,homogeneous,250,1.0,informative,2,1002,oracle,3,2,0.6,0.6177891450701078,7348
A_size,homogeneous,250,1.0,informative,2,1002,oracle,3,4,0.05,0.06348821253684903,7348
A_size,homogeneous,250,1.0,informative,2,1002,oracle,3,5,0.08,0.04883708656680695,7348
A_size,homogeneous,250,1.0,informative,2,1002,oracle,4,5,0.3,0.31677496631604607,7348
A_size,homogeneous,250,1.0,informative,2,1002,oracle,4,7,0.06,0.05360807122271549,7348
A_size,homogeneous,250,1.0,informative,2,1002,oracle,5,4,0.4,0.40776653930903783,7348
A_size,homogeneous,250,1.0,informative,2,1002,oracle,5,6,0.08,0.08765075144026047,7348
A_size,homogeneous,250,1.0,informative,2,1002,oracle,5,7,0.04,0.045730826838396764,7348
A_size,homogeneous,250,1.0,informative,2,1002,oracle,6,7,0.5,0.5782386910649314,7348
A_size,homogeneous,250,1.0,informative,2,1002,oracle,6,8,0.1,0.09637311517748856,7348
A_size,homogeneous,250,1.0,informative,2,1002,oracle,7,6,0.15,0.17359211624604237,7348
A_size,homogeneous,250,1.0,informative,2,1002,oracle,7,8,0.12,0.0991954949977385,7348
A_size,homogeneous,250,1.0,informative,2,1002,oracle,8,9,0.35,0.47514688901138574,7348
A_size,homogeneous,250,1.0,informative,2,1002,oracle,8,10,0.08,0.07919114816856429,7348
A_size,homogeneous,250,1.0,informative,2,1002,oracle,9,8,0.08,0.05091585672379495,7348
A_size,homogeneous,250,1.0,informative,2,1002,oracle,9,10,0.1,0.15274757017138485,7348
A_size,homogeneous,250,1.0,informative,2,1002,oracle,10,11,0.05,0.059817554822737054,7348
A_size,homogeneous,250,1.0,informative,2,1002,panel,0,1,0.6,0.9339176605939749,7348
A_size,homogeneous,250,1.0,informative,2,1002,panel,0,2,0.08,0.05821941815002453,7348
A_size,homogeneous,250,1.0,informative,2,1002,panel,1,0,0.85,1.1330352443740814,7348
A_size,homogeneous,250,1.0,informative,2,1002,panel,1,2,0.05,0.04479614889734349,7348
A_size,homogeneous,250,1.0,informative,2,1002,panel,1,3,0.1,0.1250146419021409,7348
A_size,homogeneous,250,1.0,informative,2,1002,panel,2,0,0.04,0.033564841291656246,7348
A_size,homogeneous,250,1.0,informative,2,1002,panel,2,3,0.45,0.5561287520671437,7348
A_size,homogeneous,250,1.0,informative,2,1002,panel,2,4,0.07,0.0625801863318972,7348
A_size,homogeneous,250,1.0,informative,2,1002,panel,3,1,0.06,0.07659865141426532,7348
A_size,homogeneous,250,1.0,informative,2,1002,panel,3,2,0.6,0.7114478106862944,7348
A_size,homogeneous,250,1.0,informative,2,1002,panel,3,4,0.05,0.05744247723110639,7348
A_size,homogeneous,250,1.0,informative,2,1002,panel,3,5,0.08,0.06252016918951854,7348
A_size,homogeneous,250,1.0,informative,2,1002,panel,4,5,0.3,0.38752366275315936,7348
A_size,homogeneous,250,1.0,informative,2,1002,panel,4,7,0.06,0.04852864665771592,7348
A_size,homogeneous,250,1.0,informative,2,1002,panel,5,4,0.4,0.47339807599470307,7348
A_size,homogeneous,250,1.0,informative,2,1002,panel,5,6,0.08,0.09543576230696874,7348
A_size,homogeneous,250,1.0,informative,2,1002,panel,5,7,0.04,0.03648244170510415,7348
A_size,homogeneous,250,1.0,informative,2,1002,panel,6,7,0.5,0.719991545615629,7348
A_size,homogeneous,250,1.0,informative,2,1002,panel,6,8,0.1,0.08939488975795906,7348
A_size,homogeneous,250,1.0,informative,2,1002,panel,7,6,0.15,0.27133257292853014,7348
A_size,homogeneous,250,1.0,informative,2,1002,panel,7,8,0.12,0.0979120642390489,7348
A_size,homogeneous,250,1.0,informative,2,1002,panel,8,9,0.35,0.4647533112962829,7348
A_size,homogeneous,250,1.0,informative,2,1002,panel,8,10,0.08,0.07125188268121499,7348
A_size,homogeneous,250,1.0,informative,2,1002,panel,9,8,0.08,0.05777497546793316,7348
A_size,homogeneous,250,1.0,informative,2,1002,panel,9,10,0.1,0.1393078010787952,7348
A_size,homogeneous,250,1.0,informative,2,1002,panel,10,11,0.05,0.06375698858945318,7348
A_size,homogeneous,250,1.0,informative,3,1003,crude,0,1,0.6,0.53514234907833,7689
A_size,homogeneous,250,1.0,informative,3,1003,crude,0,2,0.08,0.05339288743638668,7689
A_size,homogeneous,250,1.0,informative,3,1003,crude,1,0,0.85,0.54862364536336,7689
A_size,homogeneous,250,1.0,informative,3,1003,crude,1,2,0.05,0.0486788366389552,7689
A_size,homogeneous,250,1.0,informative,3,1003,crude,1,3,0.1,0.07236043284169015,7689
A_size,homogeneous,250,1.0,informative,3,1003,crude,2,0,0.04,0.04885130675436262,7689
A_size,homogeneous,250,1.0,informative,3,1003,crude,2,3,0.45,0.38538253106219394,7689
A_size,homogeneous,250,1.0,informative,3,1003,crude,2,4,0.07,0.061516460357345516,7689
A_size,homogeneous,250,1.0,informative,3,1003,crude,3,1,0.06,0.03498957201411571,7689
A_size,homogeneous,250,1.0,informative,3,1003,crude,3,2,0.6,0.42424856067115296,7689
A_size,homogeneous,250,1.0,informative,3,1003,crude,3,4,0.05,0.0415501167667624,7689
A_size,homogeneous,250,1.0,informative,3,1003,crude,3,5,0.08,0.07653968878087812,7689
A_size,homogeneous,250,1.0,informative,3,1003,crude,4,5,0.3,0.2949571595794077,7689
A_size,homogeneous,250,1.0,informative,3,1003,crude,4,7,0.06,0.056182316110363374,7689
A_size,homogeneous,250,1.0,informative,3,1003,crude,5,4,0.4,0.2927997702938578,7689
A_size,homogeneous,250,1.0,informative,3,1003,crude,5,6,0.08,0.0377806155217881,7689
A_size,homogeneous,250,1.0,informative,3,1003,crude,5,7,0.04,0.05352253865586648,7689
A_size,homogeneous,250,1.0,informative,3,1003,crude,6,7,0.5,0.3448060712139473,7689
A_size,homogeneous,250,1.0,informative,3,1003,crude,6,8,0.1,0.1806127039692105,7689
A_size,homogeneous,250,1.0,informative,3,1003,crude,7,6,0.15,0.14866368500681001,7689
A_size,homogeneous,250,1.0,informative,3,1003,crude,7,8,0.12,0.09720317865829885,7689
A_size,homogeneous,250,1.0,informative,3,1003,crude,8,9,0.35,0.2045935805354213,7689
A_size,homogeneous,250,1.0,informative,3,1003,crude,8,10,0.08,0.11366310029745627,7689
A_size,homogeneous,250,1.0,informative,3,1003,crude,9,8,0.08,0.06541687722724022,7689
A_size,homogeneous,250,1.0,informative,3,1003,crude,9,10,0.1,0.06541687722724022,7689
A_size,homogeneous,250,1.0,informative,3,1003,crude,10,11,0.05,0.11367867018691613,7689
A_size,homogeneous,250,1.0,informative,3,1003,oracle,0,1,0.6,0.6425191699568435,7689
A_size,homogeneous,250,1.0,informative,3,1003,oracle,0,2,0.08,0.06949042603526595,7689
A_size,homogeneous,250,1.0,informative,3,1003,oracle,1,0,0.85,0.8902619629576286,7689
A_size,homogeneous,250,1.0,informative,3,1003,oracle,1,2,0.05,0.04903336112675407,7689
A_size,homogeneous,250,1.0,informative,3,1003,oracle,1,3,0.1,0.09653442971829707,7689
A_size,homogeneous,250,1.0,informative,3,1003,oracle,2,0,0.04,0.06058694236869956,7689
A_size,homogeneous,250,1.0,informative,3,1003,oracle,2,3,0.45,0.45522081022968863,7689
A_size,homogeneous,250,1.0,informative,3,1003,oracle,2,4,0.07,0.07204933687088597,7689
A_size,homogeneous,250,1.0,informative,3,1003,oracle,3,1,0.06,0.05209938238835707,7689
A_size,homogeneous,250,1.0,informative,3,1003,oracle,3,2,0.6,0.6109836661907329,7689
A_size,homogeneous,250,1.0,informative,3,1003,oracle,3,4,0.05,0.04973122864343175,7689
A_size,homogeneous,250,1.0,informative,3,1003,oracle,3,5,0.08,0.08051722732746093,7689
A_size,homogeneous,250,1.0,informative,3,1003,oracle,4,5,0.3,0.3023399682252429,7689
A_size,homogeneous,250,1.0,informative,3,1003,oracle,4,7,0.06,0.0693895009041541,7689
A_size,homogeneous,250,1.0,informative,3,1003,oracle,5,4,0.4,0.3565515389303932,7689
A_size,homogeneous,250,1.0,informative,3,1003,oracle,5,6,0.08,0.049521047073665725,7689
A_size,homogeneous,250,1.0,informative,3,1003,oracle,5,7,0.04,0.05282245021191011,7689
A_size,homogeneous,250,1.0,informative,3,1003,oracle,6,7,0.5,0.5618324774033198,7689
A_size,homogeneous,250,1.0,informative,3,1003,oracle,6,8,0.1,0.1580153842696837,7689
A_size,homogeneous,250,1.0,informative,3,1003,oracle,7,6,0.15,0.159058364952592,7689
A_size,homogeneous,250,1.0,informative,3,1003,oracle,7,8,0.12,0.139176069333518,7689
A_size,homogeneous,250,1.0,informative,3,1003,oracle,8,9,0.35,0.30697811512475953,7689
A_size,homogeneous,250,1.0,informative,3,1003,oracle,8,10,0.08,0.0909564785554843,7689
A_size,homogeneous,250,1.0,informative,3,1003,oracle,9,8,0.08,0.0974893118315347,7689
A_size,homogeneous,250,1.0,informative,3,1003,oracle,9,10,0.1,0.1253434009262589,7689
A_size,homogeneous,250,1.0,informative,3,1003,oracle,10,11,0.05,0.116411225003766,7689
A_size,homogeneous,250,1.0,informative,3,1003,panel,0,1,0.6,0.9662998952869417,7689
A_size,homogeneous,250,1.0,informative,3,1003,panel,0,2,0.08,0.05825274470567067,7689
A_size,homogeneous,250,1.0,informative,3,1003,panel,1,0,0.85,1.1151776084783704,7689
A_size,homogeneous,250,1.0,informative,3,1003,panel,1,2,0.05,0.045285381576956024,7689
A_size,homogeneous,250,1.0,informative,3,1003,panel,1,3,0.1,0.10483943425972572,7689
A_size,homogeneous,250,1.0,informative,3,1003,panel,2,0,0.04,0.0558522655519641,7689
A_size,homogeneous,250,1.0,informative,3,1003,panel,2,3,0.45,0.5794142551729445,7689
A_size,homogeneous,250,1.0,informative,3,1003,panel,2,4,0.07,0.06792446410469531,7689
A_size,homogeneous,250,1.0,informative,3,1003,panel,3,1,0.06,0.052679081849851046,7689
A_size,homogeneous,250,1.0,informative,3,1003,panel,3,2,0.6,0.7084661078336391,7689
A_size,homogeneous,250,1.0,informative,3,1003,panel,3,4,0.05,0.04175591950775496,7689
A_size,homogeneous,250,1.0,informative,3,1003,panel,3,5,0.08,0.0920930196839689,7689
A_size,homogeneous,250,1.0,informative,3,1003,panel,4,5,0.3,0.38258065886455755,7689
A_size,homogeneous,250,1.0,informative,3,1003,panel,4,7,0.06,0.06849577919281753,7689
A_size,homogeneous,250,1.0,informative,3,1003,panel,5,4,0.4,0.41663418507437705,7689
A_size,homogeneous,250,1.0,informative,3,1003,panel,5,6,0.08,0.05222620456790903,7689
A_size,homogeneous,250,1.0,informative,3,1003,panel,5,7,0.04,0.05423507526084074,7689
A_size,homogeneous,250,1.0,informative,3,1003,panel,6,7,0.5,0.5541885198720985,7689
A_size,homogeneous,250,1.0,informative,3,1003,panel,6,8,0.1,0.2540967566703851,7689
A_size,homogeneous,250,1.0,informative,3,1003,panel,7,6,0.15,0.20859357399205056,7689
A_size,homogeneous,250,1.0,informative,3,1003,panel,7,8,0.12,0.11189512815312248,7689
A_size,homogeneous,250,1.0,informative,3,1003,panel,8,9,0.35,0.24358084077312994,7689
A_size,homogeneous,250,1.0,informative,3,1003,panel,8,10,0.08,0.11248211576920387,7689
A_size,homogeneous,250,1.0,informative,3,1003,panel,9,8,0.08,0.07516382400488654,7689
A_size,homogeneous,250,1.0,informative,3,1003,panel,9,10,0.1,0.07916276092776063,7689
A_size,homogeneous,250,1.0,informative,3,1003,panel,10,11,0.05,0.1239838806286489,7689
A_size,homogeneous,250,1.0,informative,4,1004,crude,0,1,0.6,0.4770106291261907,7617
A_size,homogeneous,250,1.0,informative,4,1004,crude,0,2,0.08,0.06907530968220794,7617
A_size,homogeneous,250,1.0,informative,4,1004,crude,1,0,0.85,0.5223335625000092,7617
A_size,homogeneous,250,1.0,informative,4,1004,crude,1,2,0.05,0.038744522493132545,7617
A_size,homogeneous,250,1.0,informative,4,1004,crude,1,3,0.1,0.07748904498626509,7617
A_size,homogeneous,250,1.0,informative,4,1004,crude,2,0,0.04,0.028056267405406867,7617
A_size,homogeneous,250,1.0,informative,4,1004,crude,2,3,0.45,0.4040102506378589,7617
A_size,homogeneous,250,1.0,informative,4,1004,crude,2,4,0.07,0.06359420611892223,7617
A_size,homogeneous,250,1.0,informative,4,1004,crude,3,1,0.06,0.028551154114517776,7617
A_size,homogeneous,250,1.0,informative,4,1004,crude,3,2,0.6,0.4480334953355097,7617
A_size,homogeneous,250,1.0,informative,4,1004,crude,3,4,0.05,0.03074739673871145,7617
A_size,homogeneous,250,1.0,informative,4,1004,crude,3,5,0.08,0.08565346234355332,7617
A_size,homogeneous,250,1.0,informative,4,1004,crude,4,5,0.3,0.26589545388353986,7617
A_size,homogeneous,250,1.0,informative,4,1004,crude,4,7,0.06,0.07455012725706725,7617
A_size,homogeneous,250,1.0,informative,4,1004,crude,5,4,0.4,0.32888806599199955,7617
A_size,homogeneous,250,1.0,informative,4,1004,crude,5,6,0.08,0.08526727636829617,7617
A_size,homogeneous,250,1.0,informative,4,1004,crude,5,7,0.04,0.03958837831385179,7617
A_size,homogeneous,250,1.0,informative,4,1004,crude,6,7,0.5,0.4004397556589418,7617
A_size,homogeneous,250,1.0,informative,4,1004,crude,6,8,0.1,0.06370632476392256,7617
A_size,homogeneous,250,1.0,informative,4,1004,crude,7,6,0.15,0.11851338293859119,7617
A_size,homogeneous,250,1.0,informative,4,1004,crude,7,8,0.12,0.07777440755345047,7617
A_size,homogeneous,250,1.0,informative,4,1004,crude,8,9,0.35,0.29816843263697457,7617
A_size,homogeneous,250,1.0,informative,4,1004,crude,8,10,0.08,0.08131866344644761,7617
A_size,homogeneous,250,1.0,informative,4,1004,crude,9,8,0.08,0.13671642688883995,7617
A_size,homogeneous,250,1.0,informative,4,1004,crude,9,10,0.1,0.06835821344441997,7617
A_size,homogeneous,250,1.0,informative,4,1004,crude,10,11,0.05,0.055331769288654784,7617
A_size,homogeneous,250,1.0,informative,4,1004,oracle,0,1,0.6,0.5865259596732723,7617
A_size,homogeneous,250,1.0,informative,4,1004,oracle,0,2,0.08,0.07757657983654503,7617
A_size,homogeneous,250,1.0,informative,4,1004,oracle,1,0,0.85,0.8210963315752922,7617
A_size,homogeneous,250,1.0,informative,4,1004,oracle,1,2,0.05,0.04155345807567268,7617
A_size,homogeneous,250,1.0,informative,4,1004,oracle,1,3,0.1,0.10305257602766825,7617
A_size,homogeneous,250,1.0,informative,4,1004,oracle,2,0,0.04,0.04006778945962793,7617
A_size,homogeneous,250,1.0,informative,4,1004,oracle,2,3,0.45,0.48749143842547316,7617
A_size,homogeneous,250,1.0,informative,4,1004,oracle,2,4,0.07,0.08347456137422485,7617
A_size,homogeneous,250,1.0,informative,4,1004,oracle,3,1,0.06,0.04770663783433625,7617
A_size,homogeneous,250,1.0,informative,4,1004,oracle,3,2,0.6,0.6511956064386898,7617
A_size,homogeneous,250,1.0,informative,4,1004,oracle,3,4,0.05,0.03100931459231856,7617
A_size,homogeneous,250,1.0,informative,4,1004,oracle,3,5,0.08,0.10018393945210612,7617
A_size,homogeneous,250,1.0,informative,4,1004,oracle,4,5,0.3,0.30853232574926126,7617
A_size,homogeneous,250,1.0,informative,4,1004,oracle,4,7,0.06,0.07546833867248118,7617
A_size,homogeneous,250,1.0,informative,4,1004,oracle,5,4,0.4,0.4224271494629697,7617
A_size,homogeneous,250,1.0,informative,4,1004,oracle,5,6,0.08,0.09423374872635477,7617
A_size,homogeneous,250,1.0,informative,4,1004,oracle,5,7,0.04,0.04549215455755058,7617
A_size,homogeneous,250,1.0,informative,4,1004,oracle,6,7,0.5,0.5164791308215245,7617
A_size,homogeneous,250,1.0,informative,4,1004,oracle,6,8,0.1,0.07945832781869608,7617
A_size,homogeneous,250,1.0,informative,4,1004,oracle,7,6,0.15,0.13792514637386238,7617
A_size,homogeneous,250,1.0,informative,4,1004,oracle,7,8,0.12,0.08018903858945486,7617
A_size,homogeneous,250,1.0,informative,4,1004,oracle,8,9,0.35,0.3787510132606765,7617
A_size,homogeneous,250,1.0,informative,4,1004,oracle,8,10,0.08,0.1165387733109774,7617
A_size,homogeneous,250,1.0,informative,4,1004,oracle,9,8,0.08,0.1285388437212877,7617
A_size,homogeneous,250,1.0,informative,4,1004,oracle,9,10,0.1,0.05842674714603987,7617
A_size,homogeneous,250,1.0,informative,4,1004,oracle,10,11,0.05,0.04408056829439305,7617
A_size,homogeneous,250,1.0,informative,4,1004,panel,0,1,0.6,0.829895905338903,7617
A_size,homogeneous,250,1.0,informative,4,1004,panel,0,2,0.08,0.0825352442946518,7617
A_size,homogeneous,250,1.0,informative,4,1004,panel,1,0,0.85,0.9865911937732567,7617
A_size,homogeneous,250,1.0,informative,4,1004,panel,1,2,0.05,0.02033071950423782,7617
A_size,homogeneous,250,1.0,informative,4,1004,panel,1,3,0.1,0.12066526440359177,7617
A_size,homogeneous,250,1.0,informative,4,1004,panel,2,0,0.04,0.043503519206169926,7617
A_size,homogeneous,250,1.0,informative,4,1004,panel,2,3,0.45,0.6671582938505807,7617
A_size,homogeneous,250,1.0,informative,4,1004,panel,2,4,0.07,0.07281961145768606,7617
A_size,homogeneous,250,1.0,informative,4,1004,panel,3,1,0.06,0.05493265453691763,7617
A_size,homogeneous,250,1.0,informative,4,1004,panel,3,2,0.6,0.7971344083299092,7617
A_size,homogeneous,250,1.0,informative,4,1004,panel,3,4,0.05,0.020563425291960296,7617
A_size,homogeneous,250,1.0,informative,4,1004,panel,3,5,0.08,0.12256658503119328,7617
A_size,homogeneous,250,1.0,informative,4,1004,panel,4,5,0.3,0.3525646156892086,7617
A_size,homogeneous,250,1.0,informative,4,1004,panel,4,7,0.06,0.0782267469740037,7617
A_size,homogeneous,250,1.0,informative,4,1004,panel,5,4,0.4,0.47853989358032933,7617
A_size,homogeneous,250,1.0,informative,4,1004,panel,5,6,0.08,0.11325116339407863,7617
A_size,homogeneous,250,1.0,informative,4,1004,panel,5,7,0.04,0.024871125909781928,7617
A_size,homogeneous,250,1.0,informative,4,1004,panel,6,7,0.5,0.5908904166048085,7617
A_size,homogeneous,250,1.0,informative,4,1004,panel,6,8,0.1,0.066082635692841,7617
A_size,homogeneous,250,1.0,informative,4,1004,panel,7,6,0.15,0.16282097952676258,7617
A_size,homogeneous,250,1.0,informative,4,1004,panel,7,8,0.12,0.08695404550689638,7617
A_size,homogeneous,250,1.0,informative,4,1004,panel,8,9,0.35,0.40318363365232324,7617
A_size,homogeneous,250,1.0,informative,4,1004,panel,8,10,0.08,0.08171456559649865,7617
A_size,homogeneous,250,1.0,informative,4,1004,panel,9,8,0.08,0.1818892673281522,7617
A_size,homogeneous,250,1.0,informative,4,1004,panel,9,10,0.1,0.0651399505204777,7617
A_size,homogeneous,250,1.0,informative,4,1004,panel,10,11,0.05,0.0504963858669241,7617
A_size,homogeneous,500,1.0,informative,0,1000,crude,0,1,0.6,0.49246577184971646,14807
A_size,homogeneous,500,1.0,informative,0,1000,crude,0,2,0.08,0.0633373608303826,14807
A_size,homogeneous,500,1.0,informative,0,1000,crude,1,0,0.85,0.5490068490429034,14807
A_size,homogeneous,500,1.0,informative,0,1000,crude,1,2,0.05,0.04865644156953354,14807
A_size,homogeneous,500,1.0,informative,0,1000,crude,1,3,0.1,0.09163629828928817,14807
A_size,homogeneous,500,1.0,informative,0,1000,crude,2,0,0.04,0.036110875503977596,14807
A_size,homogeneous,500,1.0,informative,0,1000,crude,2,3,0.45,0.3762249354833015,14807
A_size,homogeneous,500,1.0,informative,0,1000,crude,2,4,0.07,0.06298408518135627,14807
A_size,homogeneous,500,1.0,informative,0,1000,crude,3,1,0.06,0.03698640143581207,14807
A_size,homogeneous,500,1.0,informative,0,1000,crude,3,2,0.6,0.4325354167910244,14807
A_size,homogeneous,500,1.0,informative,0,1000,crude,3,4,0.05,0.05239740203406709,14807
A_size,homogeneous,500,1.0,informative,0,1000,crude,3,5,0.08,0.05958920231325277,14807
A_size,homogeneous,500,1.0,informative,0,1000,crude,4,5,0.3,0.2671852905292022,14807
A_size,homogeneous,500,1.0,informative,0,1000,crude,4,7,0.06,0.043782463574112966,14807
A_size,homogeneous,500,1.0,informative,0,1000,crude,5,4,0.4,0.32231214204830794,14807
A_size,homogeneous,500,1.0,informative,0,1000,crude,5,6,0.08,0.06721201066410212,14807
A_size,homogeneous,500,1.0,informative,0,1000,crude,5,7,0.04,0.038188642422785295,14807
A_size,homogeneous,500,1.0,informative,0,1000,crude,6,7,0.5,0.34069293156803937,14807
A_size,homogeneous,500,1.0,informative,0,1000,crude,6,8,0.1,0.10094605379793758,14807
A_size,homogeneous,500,1.0,informative,0,1000,crude,7,6,0.15,0.13424260323256199,14807
A_size,homogeneous,500,1.0,informative,0,1000,crude,7,8,0.12,0.08754952384732304,14807
A_size,homogeneous,500,1.0,informative,0,1000,crude,8,9,0.35,0.3197983773294249,14807
A_size,homogeneous,500,1.0,informative,0,1000,crude,8,10,0.08,0.03402110397121542,14807
A_size,homogeneous,500,1.0,informative,0,1000,crude,9,8,0.08,0.06080293313349435,14807
A_size,homogeneous,500,1.0,informative,0,1000,crude,9,10,0.1,0.1140054996253019,14807
A_size,homogeneous,500,1.0,informative,0,1000,crude,10,11,0.05,0.0510144217770364,14807
A_size,homogeneous,500,1.0,informative,0,1000,oracle,0,1,0.6,0.5885479825289776,14807
A_size,homogeneous,500,1.0,informative,0,1000,oracle,0,2,0.08,0.07498630612521234,14807
A_size,homogeneous,500,1.0,informative,0,1000,oracle,1,0,0.85,0.8812945543517617,14807
A_size,homogeneous,500,1.0,informative,0,1000,oracle,1,2,0.05,0.04449070252903631,14807
A_size,homogeneous,500,1.0,informative,0,1000,oracle,1,3,0.1,0.12116616858971589,14807
A_size,homogeneous,500,1.0,informative,0,1000,oracle,2,0,0.04,0.04449430327939227,14807
A_size,homogeneous,500,1.0,informative,0,1000,oracle,2,3,0.45,0.420056388586805,14807
A_size,homogeneous,500,1.0,informative,0,1000,oracle,2,4,0.07,0.07315165115425509,14807
A_size,homogeneous,500,1.0,informative,0,1000,oracle,3,1,0.06,0.05596375911507199,14807
A_size,homogeneous,500,1.0,informative,0,1000,oracle,3,2,0.6,0.6133171151998705,14807
A_size,homogeneous,500,1.0,informative,0,1000,oracle,3,4,0.05,0.04911105391730807,14807
A_size,homogeneous,500,1.0,informative,0,1000,oracle,3,5,0.08,0.07081128704356048,14807
A_size,homogeneous,500,1.0,informative,0,1000,oracle,4,5,0.3,0.29371868127602313,14807
A_size,homogeneous,500,1.0,informative,0,1000,oracle,4,7,0.06,0.05367962106079043,14807
A_size,homogeneous,500,1.0,informative,0,1000,oracle,5,4,0.4,0.4159215931675861,14807
A_size,homogeneous,500,1.0,informative,0,1000,oracle,5,6,0.08,0.07444511006112436,14807
A_size,homogeneous,500,1.0,informative,0,1000,oracle,5,7,0.04,0.04207767090411377,14807
A_size,homogeneous,500,1.0,informative,0,1000,oracle,6,7,0.5,0.45895670820508655,14807
A_size,homogeneous,500,1.0,informative,0,1000,oracle,6,8,0.1,0.10960160195942366,14807
A_size,homogeneous,500,1.0,informative,0,1000,oracle,7,6,0.15,0.13515511468979735,14807
A_size,homogeneous,500,1.0,informative,0,1000,oracle,7,8,0.12,0.11102027278090497,14807
A_size,homogeneous,500,1.0,informative,0,1000,oracle,8,9,0.35,0.4253241081463506,14807
A_size,homogeneous,500,1.0,informative,0,1000,oracle,8,10,0.08,0.03730913229353952,14807
A_size,homogeneous,500,1.0,informative,0,1000,oracle,9,8,0.08,0.0678469867453944,14807
A_size,homogeneous,500,1.0,informative,0,1000,oracle,9,10,0.1,0.10485443406106407,14807
A_size,homogeneous,500,1.0,informative,0,1000,oracle,10,11,0.05,0.05306443430363578,14807
A_size,homogeneous,500,1.0,informative,0,1000,panel,0,1,0.6,0.867531824213093,14807
A_size,homogeneous,500,1.0,informative,0,1000,panel,0,2,0.08,0.07141531690425677,14807
A_size,homogeneous,500,1.0,informative,0,1000,panel,1,0,0.85,1.0839071218100063,14807
A_size,homogeneous,500,1.0,informative,0,1000,panel,1,2,0.05,0.03148954088621252,14807
A_size,homogeneous,500,1.0,informative,0,1000,panel,1,3,0.1,0.13488721192339756,14807
A_size,homogeneous,500,1.0,informative,0,1000,panel,2,0,0.04,0.04418273361517219,14807
A_size,homogeneous,500,1.0,informative,0,1000,panel,2,3,0.45,0.5746824877591804,14807
A_size,homogeneous,500,1.0,informative,0,1000,panel,2,4,0.07,0.06756381511106078,14807
A_size,homogeneous,500,1.0,informative,0,1000,panel,3,1,0.06,0.05837583992980215,14807
A_size,homogeneous,500,1.0,informative,0,1000,panel,3,2,0.6,0.7434621022675009,14807
A_size,homogeneous,500,1.0,informative,0,1000,panel,3,4,0.05,0.048847075860181596,14807
A_size,homogeneous,500,1.0,informative,0,1000,panel,3,5,0.08,0.07668882835958443,14807
A_size,homogeneous,500,1.0,informative,0,1000,panel,4,5,0.3,0.3482871900243921,14807
A_size,homogeneous,500,1.0,informative,0,1000,panel,4,7,0.06,0.0474174625925295,14807
A_size,homogeneous,500,1.0,informative,0,1000,panel,5,4,0.4,0.45785328654261875,14807
A_size,homogeneous,500,1.0,informative,0,1000,panel,5,6,0.08,0.08998876073199252,14807
A_size,homogeneous,500,1.0,informative,0,1000,panel,5,7,0.04,0.029116377059793922,14807
A_size,homogeneous,500,1.0,informative,0,1000,panel,6,7,0.5,0.4971150269549164,14807
A_size,homogeneous,500,1.0,informative,0,1000,panel,6,8,0.1,0.13557360119942402,14807
A_size,homogeneous,500,1.0,informative,0,1000,panel,7,6,0.15,0.17671528906016354,14807
A_size,homogeneous,500,1.0,informative,0,1000,panel,7,8,0.12,0.09664377781501729,14807
A_size,homogeneous,500,1.0,informative,0,1000,panel,8,9,0.35,0.40162700795556905,14807
A_size,homogeneous,500,1.0,informative,0,1000,panel,8,10,0.08,0.029878064689720426,14807
A_size,homogeneous,500,1.0,informative,0,1000,panel,9,8,0.08,0.07908131757597237,14807
A_size,homogeneous,500,1.0,informative,0,1000,panel,9,10,0.1,0.11599369713888198,14807
A_size,homogeneous,500,1.0,informative,0,1000,panel,10,11,0.05,0.04651874432116797,14807
A_size,homogeneous,500,1.0,informative,1,1001,crude,0,1,0.6,0.4760508644670362,14647
A_size,homogeneous,500,1.0,informative,1,1001,crude,0,2,0.08,0.06698919350284642,14647
A_size,homogeneous,500,1.0,informative,1,1001,crude,1,0,0.85,0.5131085405841205,14647
A_size,homogeneous,500,1.0,informative,1,1001,crude,1,2,0.05,0.05223260592772484,14647
A_size,homogeneous,500,1.0,informative,1,1001,crude,1,3,0.1,0.06989951675622001,14647
A_size,homogeneous,500,1.0,informative,1,1001,crude,2,0,0.04,0.03827999016703561,14647
A_size,homogeneous,500,1.0,informative,1,1001,crude,2,3,0.45,0.38945729126462314,14647
A_size,homogeneous,500,1.0,informative,1,1001,crude,2,4,0.07,0.04660172715986943,14647
A_size,homogeneous,500,1.0,informative,1,1001,crude,3,1,0.06,0.04311367341333586,14647
A_size,homogeneous,500,1.0,informative,1,1001,crude,3,2,0.6,0.42329788442184296,14647
A_size,homogeneous,500,1.0,informative,1,1001,crude,3,4,0.05,0.03037554263212299,14647
A_size,homogeneous,500,1.0,informative,1,1001,crude,3,5,0.08,0.06271079769212488,14647
A_size,homogeneous,500,1.0,informative,1,1001,crude,4,5,0.3,0.24664616387975952,14647
A_size,homogeneous,500,1.0,informative,1,1001,crude,4,7,0.06,0.053223645889842845,14647
A_size,homogeneous,500,1.0,informative,1,1001,crude,5,4,0.4,0.3185026219471103,14647
A_size,homogeneous,500,1.0,informative,1,1001,crude,5,6,0.08,0.06370052438942206,14647
A_size,homogeneous,500,1.0,informative,1,1001,crude,5,7,0.04,0.03352659178390635,14647
A_size,homogeneous,500,1.0,informative,1,1001,crude,6,7,0.5,0.3019532532443506,14647
A_size,homogeneous,500,1.0,informative,1,1001,crude,6,8,0.1,0.11529124214784295,14647
A_size,homogeneous,500,1.0,informative,1,1001,crude,7,6,0.15,0.14705657612498998,14647
A_size,homogeneous,500,1.0,informative,1,1001,crude,7,8,0.12,0.08650386830881764,14647
A_size,homogeneous,500,1.0,informative,1,1001,crude,8,9,0.35,0.3300619630958523,14647
A_size,homogeneous,500,1.0,informative,1,1001,crude,8,10,0.08,0.08855320961108232,14647
A_size,homogeneous,500,1.0,informative,1,1001,crude,9,8,0.08,0.0955233765603147,14647
A_size,homogeneous,500,1.0,informative,1,1001,crude,9,10,0.1,0.08756309518028847,14647
A_size,homogeneous,500,1.0,informative,1,1001,crude,10,11,0.05,0.030357858435234534,14647
A_size,homogeneous,500,1.0,informative,1,1001,oracle,0,1,0.6,0.6025828089591683,14647
A_size,homogeneous,500,1.0,informative,1,1001,oracle,0,2,0.08,0.09016518321622961,14647
A_size,homogeneous,500,1.0,informative,1,1001,oracle,1,0,0.85,0.8380921534017172,14647
A_size,homogeneous,500,1.0,informative,1,1001,oracle,1,2,0.05,0.04247985571624332,14647
A_size,homogeneous,500,1.0,informative,1,1001,oracle,1,3,0.1,0.09557967536154748,14647
A_size,homogeneous,500,1.0,informative,1,1001,oracle,2,0,0.04,0.04510122630878939,14647
A_size,homogeneous,500,1.0,informative,1,1001,oracle,2,3,0.45,0.45175162745361175,14647
A_size,homogeneous,500,1.0,informative,1,1001,oracle,2,4,0.07,0.05840978489171085,14647
A_size,homogeneous,500,1.0,informative,1,1001,oracle,3,1,0.06,0.05620577000156055,14647
A_size,homogeneous,500,1.0,informative,1,1001,oracle,3,2,0.6,0.6096164284784645,14647
A_size,homogeneous,500,1.0,informative,1,1001,oracle,3,4,0.05,0.0367499265394819,14647
A_size,homogeneous,500,1.0,informative,1,1001,oracle,3,5,0.08,0.069176332309613,14647
A_size,homogeneous,500,1.0,informative,1,1001,oracle,4,5,0.3,0.2840729209584719,14647
A_size,homogeneous,500,1.0,informative,1,1001,oracle,4,7,0.06,0.06070913230160892,14647
A_size,homogeneous,500,1.0,informative,1,1001,oracle,5,4,0.4,0.4168257833045138,14647
A_size,homogeneous,500,1.0,informative,1,1001,oracle,5,6,0.08,0.07545984008098956,14647
A_size,homogeneous,500,1.0,informative,1,1001,oracle,5,7,0.04,0.028746605745138883,14647
A_size,homogeneous,500,1.0,informative,1,1001,oracle,6,7,0.5,0.44214850418371837,14647
A_size,homogeneous,500,1.0,informative,1,1001,oracle,6,8,0.1,0.11635486952203115,14647
A_size,homogeneous,500,1.0,informative,1,1001,oracle,7,6,0.15,0.18256439871582109,14647
A_size,homogeneous,500,1.0,informative,1,1001,oracle,7,8,0.12,0.09128219935791054,14647
A_size,homogeneous,500,1.0,informative,1,1001,oracle,8,9,0.35,0.4392854604694493,14647
A_size,homogeneous,500,1.0,informative,1,1001,oracle,8,10,0.08,0.11897314554380918,14647
A_size,homogeneous,500,1.0,informative,1,1001,oracle,9,8,0.08,0.08694423344287289,14647
A_size,homogeneous,500,1.0,informative,1,1001,oracle,9,10,0.1,0.10032026935716103,14647
A_size,homogeneous,500,1.0,informative,1,1001,oracle,10,11,0.05,0.0426778178424297,14647
A_size,homogeneous,500,1.0,informative,1,1001,panel,0,1,0.6,0.8138281308362549,14647
A_size,homogeneous,500,1.0,informative,1,1001,panel,0,2,0.08,0.08111380497192625,14647
A_size,homogeneous,500,1.0,informative,1,1001,panel,1,0,0.85,0.9493104569737504,14647
A_size,homogeneous,500,1.0,informative,1,1001,panel,1,2,0.05,0.041072953823644676,14647
A_size,homogeneous,500,1.0,informative,1,1001,panel,1,3,0.1,0.1065075341009175,14647
A_size,homogeneous,500,1.0,informative,1,1001,panel,2,0,0.04,0.04522801131643544,14647
A_size,homogeneous,500,1.0,informative,1,1001,panel,2,3,0.45,0.5949649000353956,14647
A_size,homogeneous,500,1.0,informative,1,1001,panel,2,4,0.07,0.05106254467177487,14647
A_size,homogeneous,500,1.0,informative,1,1001,panel,3,1,0.06,0.058542643918581334,14647
A_size,homogeneous,500,1.0,informative,1,1001,panel,3,2,0.6,0.7084698752524471,14647
A_size,homogeneous,500,1.0,informative,1,1001,panel,3,4,0.05,0.024794842257833488,14647
A_size,homogeneous,500,1.0,informative,1,1001,panel,3,5,0.08,0.08127592437152059,14647
A_size,homogeneous,500,1.0,informative,1,1001,panel,4,5,0.3,0.326411967388369,14647
A_size,homogeneous,500,1.0,informative,1,1001,panel,4,7,0.06,0.057671973173259464,14647
A_size,homogeneous,500,1.0,informative,1,1001,panel,5,4,0.4,0.4520436188170958,14647
A_size,homogeneous,500,1.0,informative,1,1001,panel,5,6,0.08,0.08358397432573791,14647
A_size,homogeneous,500,1.0,informative,1,1001,panel,5,7,0.04,0.0261447527388147,14647
A_size,homogeneous,500,1.0,informative,1,1001,panel,6,7,0.5,0.4437011784316024,14647
A_size,homogeneous,500,1.0,informative,1,1001,panel,6,8,0.1,0.13691405148460856,14647
A_size,homogeneous,500,1.0,informative,1,1001,panel,7,6,0.15,0.20260807746746765,14647
A_size,homogeneous,500,1.0,informative,1,1001,panel,7,8,0.12,0.08085069368685173,14647
A_size,homogeneous,500,1.0,informative,1,1001,panel,8,9,0.35,0.4157496570557044,14647
A_size,homogeneous,500,1.0,informative,1,1001,panel,8,10,0.08,0.11286347401559216,14647
A_size,homogeneous,500,1.0,informative,1,1001,panel,9,8,0.08,0.12676499945195235,14647
A_size,homogeneous,500,1.0,informative,1,1001,panel,9,10,0.1,0.08500117575483508,14647
A_size,homogeneous,500,1.0,informative,1,1001,panel,10,11,0.05,0.046441503844770055,14647
A_size,homogeneous,500,1.0,informative,2,1002,crude,0,1,0.6,0.5037980055166552,14890
A_size,homogeneous,500,1.0,informative,2,1002,crude,0,2,0.08,0.06653935921918087,14890
A_size,homogeneous,500,1.0,informative,2,1002,crude,1,0,0.85,0.5323182665788069,14890
A_size,homogeneous,500,1.0,informative,2,1002,crude,1,2,0.05,0.049550902474091066,14890
A_size,homogeneous,500,1.0,informative,2,1002,crude,1,3,0.1,0.07715783385251322,14890
A_size,homogeneous,500,1.0,informative,2,1002,crude,2,0,0.04,0.025923343192844867,14890
A_size,homogeneous,500,1.0,informative,2,1002,crude,2,3,0.45,0.3860726468362967,14890
A_size,homogeneous,500,1.0,informative,2,1002,crude,2,4,0.07,0.060179189554818435,14890
A_size,homogeneous,500,1.0,informative,2,1002,crude,3,1,0.06,0.045978006588760514,14890
A_size,homogeneous,500,1.0,informative,2,1002,crude,3,2,0.6,0.40146649655551864,14890
A_size,homogeneous,500,1.0,informative,2,1002,crude,3,4,0.05,0.05382791015269523,14890
A_size,homogeneous,500,1.0,informative,2,1002,crude,3,5,0.08,0.07962045043419504,14890
A_size,homogeneous,500,1.0,informative,2,1002,crude,4,5,0.3,0.27816856597845463,14890
A_size,homogeneous,500,1.0,informative,2,1002,crude,4,7,0.06,0.05563371319569092,14890
A_size,homogeneous,500,1.0,informative,2,1002,crude,5,4,0.4,0.2665246873978973,14890
A_size,homogeneous,500,1.0,informative,2,1002,crude,5,6,0.08,0.07368623710412456,14890
A_size,homogeneous,500,1.0,informative,2,1002,crude,5,7,0.04,0.05957610659482411,14890
A_size,homogeneous,500,1.0,informative,2,1002,crude,6,7,0.5,0.3858740927135396,14890
A_size,homogeneous,500,1.0,informative,2,1002,crude,6,8,0.1,0.08146230846174725,14890
A_size,homogeneous,500,1.0,informative,2,1002,crude,7,6,0.15,0.17128616557232598,14890
A_size,homogeneous,500,1.0,informative,2,1002,crude,7,8,0.12,0.08675533061455472,14890
A_size,homogeneous,500,1.0,informative,2,1002,crude,8,9,0.35,0.27915269093888967,14890
A_size,homogeneous,500,1.0,informative,2,1002,crude,8,10,0.08,0.05583053818777793,14890
A_size,homogeneous,500,1.0,informative,2,1002,crude,9,8,0.08,0.06626581870515383,14890
A_size,homogeneous,500,1.0,informative,2,1002,crude,9,10,0.1,0.09036248005248249,14890
A_size,homogeneous,500,1.0,informative,2,1002,crude,10,11,0.05,0.035334440479135004,14890
A_size,homogeneous,500,1.0,informative,2,1002,oracle,0,1,0.6,0.6078176967156718,14890
A_size,homogeneous,500,1.0,informative,2,1002,oracle,0,2,0.08,0.08377545966462338,14890
A_size,homogeneous,500,1.0,informative,2,1002,oracle,1,0,0.85,0.8837766900636149,14890
A_size,homogeneous,500,1.0,informative,2,1002,oracle,1,2,0.05,0.045451372631843054,14890
A_size,homogeneous,500,1.0,informative,2,1002,oracle,1,3,0.1,0.1026864344645343,14890
A_size,homogeneous,500,1.0,informative,2,1002,oracle,2,0,0.04,0.035404741976790874,14890
A_size,homogeneous,500,1.0,informative,2,1002,oracle,2,3,0.45,0.45614481523586375,14890
A_size,homogeneous,500,1.0,informative,2,1002,oracle,2,4,0.07,0.0757496805084828,14890
A_size,homogeneous,500,1.0,informative,2,1002,oracle,3,1,0.06,0.06299641316836023,14890
A_size,homogeneous,500,1.0,informative,2,1002,oracle,3,2,0.6,0.607730103506534,14890
A_size,homogeneous,500,1.0,informative,2,1002,oracle,3,4,0.05,0.061761189380745325,14890
A_size,homogeneous,500,1.0,informative,2,1002,oracle,3,5,0.08,0.07905432240735402,14890
A_size,homogeneous,500,1.0,informative,2,1002,oracle,4,5,0.3,0.3148616753030453,14890
A_size,homogeneous,500,1.0,informative,2,1002,oracle,4,7,0.06,0.06224009860641593,14890
A_size,homogeneous,500,1.0,informative,2,1002,oracle,5,4,0.4,0.3491408065213456,14890
A_size,homogeneous,500,1.0,informative,2,1002,oracle,5,6,0.08,0.0889320922271352,14890
A_size,homogeneous,500,1.0,informative,2,1002,oracle,5,7,0.04,0.0592880614847568,14890
A_size,homogeneous,500,1.0,informative,2,1002,oracle,6,7,0.5,0.5481385877628079,14890
A_size,homogeneous,500,1.0,informative,2,1002,oracle,6,8,0.1,0.06909309929783293,14890
A_size,homogeneous,500,1.0,informative,2,1002,oracle,7,6,0.15,0.18117454694554921,14890
A_size,homogeneous,500,1.0,informative,2,1002,oracle,7,8,0.12,0.11178855024299844,14890
A_size,homogeneous,500,1.0,informative,2,1002,oracle,8,9,0.35,0.36582053258303265,14890
A_size,homogeneous,500,1.0,informative,2,1002,oracle,8,10,0.08,0.05776113672363674,14890
A_size,homogeneous,500,1.0,informative,2,1002,oracle,9,8,0.08,0.07456677292637627,14890
A_size,homogeneous,500,1.0,informative,2,1002,oracle,9,10,0.1,0.11185015938956441,14890
A_size,homogeneous,500,1.0,informative,2,1002,oracle,10,11,0.05,0.05724722239659171,14890
A_size,homogeneous,500,1.0,informative,2,1002,panel,0,1,0.6,0.9093293517372488,14890
A_size,homogeneous,500,1.0,informative,2,1002,panel,0,2,0.08,0.0733578405858044,14890
A_size,homogeneous,500,1.0,informative,2,1002,panel,1,0,0.85,1.0577720510989488,14890
A_size,homogeneous,500,1.0,informative,2,1002,panel,1,2,0.05,0.03877326169022179,14890
A_size,homogeneous,500,1.0,informative,2,1002,panel,1,3,0.1,0.11814686776099065,14890
A_size,homogeneous,500,1.0,informative,2,1002,panel,2,0,0.04,0.029696901084462938,14890
A_size,homogeneous,500,1.0,informative,2,1002,panel,2,3,0.45,0.5872121146970961,14890
A_size,homogeneous,500,1.0,informative,2,1002,panel,2,4,0.07,0.0602617980707902,14890
A_size,homogeneous,500,1.0,informative,2,1002,panel,3,1,0.06,0.0709221284337994,14890
A_size,homogeneous,500,1.0,informative,2,1002,panel,3,2,0.6,0.6810125630204763,14890
A_size,homogeneous,500,1.0,informative,2,1002,panel,3,4,0.05,0.061051847418575375,14890
A_size,homogeneous,500,1.0,informative,2,1002,panel,3,5,0.08,0.09292533388704884,14890
A_size,homogeneous,500,1.0,informative,2,1002,panel,4,5,0.3,0.35588891451516125,14890
A_size,homogeneous,500,1.0,informative,2,1002,panel,4,7,0.06,0.05623005433894908,14890
A_size,homogeneous,500,1.0,informative,2,1002,panel,5,4,0.4,0.37443705412330186,14890
A_size,homogeneous,500,1.0,informative,2,1002,panel,5,6,0.08,0.0914961437490493,14890
A_size,homogeneous,500,1.0,informative,2,1002,panel,5,7,0.04,0.055738873475423965,14890
A_size,homogeneous,500,1.0,informative,2,1002,panel,6,7,0.5,0.6083237221854277,14890
A_size,homogeneous,500,1.0,informative,2,1002,panel,6,8,0.1,0.07738475476993112,14890
A_size,homogeneous,500,1.0,informative,2,1002,panel,7,6,0.15,0.24742091836408134,14890
A_size,homogeneous,500,1.0,informative,2,1002,panel,7,8,0.12,0.1070019179745672,14890
A_size,homogeneous,500,1.0,informative,2,1002,panel,8,9,0.35,0.3660194206304216,14890
A_size,homogeneous,500,1.0,informative,2,1002,panel,8,10,0.08,0.049882629767334805,14890
A_size,homogeneous,500,1.0,informative,2,1002,panel,9,8,0.08,0.08573749115949166,14890
A_size,homogeneous,500,1.0,informative,2,1002,panel,9,10,0.1,0.11182410588198398,14890
A_size,homogeneous,500,1.0,informative,2,1002,panel,10,11,0.05,0.0461774465042438,14890
A_size,homogeneous,500,1.0,informative,3,1003,crude,0,1,0.6,0.514639907304808,15269
A_size,homogeneous,500,1.0,informative,3,1003,crude,0,2,0.08,0.06261778339830364,15269
A_size,homogeneous,500,1.0,informative,3,1003,crude,1,0,0.85,0.5078173333921024,15269
A_size,homogeneous,500,1.0,informative,3,1003,crude,1,2,0.05,0.04845838606225291,15269
A_size,homogeneous,500,1.0,informative,3,1003,crude,1,3,0.1,0.06903660480101784,15269
A_size,homogeneous,500,1.0,informative,3,1003,crude,2,0,0.04,0.04517371413483672,15269
A_size,homogeneous,500,1.0,informative,3,1003,crude,2,3,0.45,0.3807498762793381,15269
A_size,homogeneous,500,1.0,informative,3,1003,crude,2,4,0.07,0.061768139735388986,15269
A_size,homogeneous,500,1.0,informative,3,1003,crude,3,1,0.06,0.03936673101814965,15269
A_size,homogeneous,500,1.0,informative,3,1003,crude,3,2,0.6,0.41728734879238627,15269
A_size,homogeneous,500,1.0,informative,3,1003,crude,3,4,0.05,0.05061436845190669,15269
A_size,homogeneous,500,1.0,informative,3,1003,crude,3,5,0.08,0.07535917080617219,15269
A_size,homogeneous,500,1.0,informative,3,1003,crude,4,5,0.3,0.2612073558765293,15269
A_size,homogeneous,500,1.0,informative,3,1003,crude,4,7,0.06,0.054321883744233974,15269
A_size,homogeneous,500,1.0,informative,3,1003,crude,5,4,0.4,0.32388892018250426,15269
A_size,homogeneous,500,1.0,informative,3,1003,crude,5,6,0.08,0.04850510398868422,15269
A_size,homogeneous,500,1.0,informative,3,1003,crude,5,7,0.04,0.05319914631016978,15269
A_size,homogeneous,500,1.0,informative,3,1003,crude,6,7,0.5,0.34152732472926695,15269
A_size,homogeneous,500,1.0,informative,3,1003,crude,6,8,0.1,0.1307976988324852,15269
A_size,homogeneous,500,1.0,informative,3,1003,crude,7,6,0.15,0.12339358615891535,15269
A_size,homogeneous,500,1.0,informative,3,1003,crude,7,8,0.12,0.11026660890796691,15269
A_size,homogeneous,500,1.0,informative,3,1003,crude,8,9,0.35,0.1885884105087748,15269
A_size,homogeneous,500,1.0,informative,3,1003,crude,8,10,0.08,0.11000990613011864,15269
A_size,homogeneous,500,1.0,informative,3,1003,crude,9,8,0.08,0.057326136992269544,15269
A_size,homogeneous,500,1.0,informative,3,1003,crude,9,10,0.1,0.11465227398453909,15269
A_size,homogeneous,500,1.0,informative,3,1003,crude,10,11,0.05,0.07711177834219314,15269
A_size,homogeneous,500,1.0,informative,3,1003,oracle,0,1,0.6,0.6248124734672286,15269
A_size,homogeneous,500,1.0,informative,3,1003,oracle,0,2,0.08,0.08438725358576815,15269
A_size,homogeneous,500,1.0,informative,3,1003,oracle,1,0,0.85,0.8206073245408659,15269
A_size,homogeneous,500,1.0,informative,3,1003,oracle,1,2,0.05,0.046058409235221656,15269
A_size,homogeneous,500,1.0,informative,3,1003,oracle,1,3,0.1,0.08904625785476188,15269
A_size,homogeneous,500,1.0,informative,3,1003,oracle,2,0,0.04,0.05659089347333811,15269
A_size,homogeneous,500,1.0,informative,3,1003,oracle,2,3,0.45,0.44939827170003793,15269
A_size,homogeneous,500,1.0,informative,3,1003,oracle,2,4,0.07,0.07739636901500653,15269
A_size,homogeneous,500,1.0,informative,3,1003,oracle,3,1,0.06,0.05361298397034778,15269
A_size,homogeneous,500,1.0,informative,3,1003,oracle,3,2,0.6,0.6007091158495785,15269
A_size,homogeneous,500,1.0,informative,3,1003,oracle,3,4,0.05,0.05117603015351379,15269
A_size,homogeneous,500,1.0,informative,3,1003,oracle,3,5,0.08,0.08285642977235566,15269
A_size,homogeneous,500,1.0,informative,3,1003,oracle,4,5,0.3,0.2789557282773235,15269
A_size,homogeneous,500,1.0,informative,3,1003,oracle,4,7,0.06,0.06141189540433615,15269
A_size,homogeneous,500,1.0,informative,3,1003,oracle,5,4,0.4,0.39768383922704853,15269
A_size,homogeneous,500,1.0,informative,3,1003,oracle,5,6,0.08,0.062446222688544814,15269
A_size,homogeneous,500,1.0,informative,3,1003,oracle,5,7,0.04,0.04929964949095643,15269
A_size,homogeneous,500,1.0,informative,3,1003,oracle,6,7,0.5,0.5830067474477492,15269
A_size,homogeneous,500,1.0,informative,3,1003,oracle,6,8,0.1,0.11660134948954982,15269
A_size,homogeneous,500,1.0,informative,3,1003,oracle,7,6,0.15,0.13667802890451258,15269
A_size,homogeneous,500,1.0,informative,3,1003,oracle,7,8,0.12,0.13443740547984845,15269
A_size,homogeneous,500,1.0,informative,3,1003,oracle,8,9,0.35,0.28220588806131475,15269
A_size,homogeneous,500,1.0,informative,3,1003,oracle,8,10,0.08,0.08683258094194299,15269
A_size,homogeneous,500,1.0,informative,3,1003,oracle,9,8,0.08,0.09597961554524614,15269
A_size,homogeneous,500,1.0,informative,3,1003,oracle,9,10,0.1,0.15996602590874356,15269
A_size,homogeneous,500,1.0,informative,3,1003,oracle,10,11,0.05,0.07287455701017788,15269
A_size,homogeneous,500,1.0,informative,3,1003,panel,0,1,0.6,0.9101633372106523,15269
A_size,homogeneous,500,1.0,informative,3,1003,panel,0,2,0.08,0.07072325338666793,15269
A_size,homogeneous,500,1.0,informative,3,1003,panel,1,0,0.85,0.9805977059689561,15269
A_size,homogeneous,500,1.0,informative,3,1003,panel,1,2,0.05,0.04309796403177253,15269
A_size,homogeneous,500,1.0,informative,3,1003,panel,1,3,0.1,0.09930857771748754,15269
A_size,homogeneous,500,1.0,informative,3,1003,panel,2,0,0.04,0.05446842398293525,15269
A_size,homogeneous,500,1.0,informative,3,1003,panel,2,3,0.45,0.5833560666320894,15269
A_size,homogeneous,500,1.0,informative,3,1003,panel,2,4,0.07,0.06657737698502932,15269
A_size,homogeneous,500,1.0,informative,3,1003,panel,3,1,0.06,0.05743596046958916,15269
A_size,homogeneous,500,1.0,informative,3,1003,panel,3,2,0.6,0.704460457113163,15269
A_size,homogeneous,500,1.0,informative,3,1003,panel,3,4,0.05,0.048686474209140726,15269
A_size,homogeneous,500,1.0,informative,3,1003,panel,3,5,0.08,0.09636001574638642,15269
A_size,homogeneous,500,1.0,informative,3,1003,panel,4,5,0.3,0.3425077705546953,15269
A_size,homogeneous,500,1.0,informative,3,1003,panel,4,7,0.06,0.060781766921563715,15269
A_size,homogeneous,500,1.0,informative,3,1003,panel,5,4,0.4,0.4624283561014404,15269
A_size,homogeneous,500,1.0,informative,3,1003,panel,5,6,0.08,0.06038530795009974,15269
A_size,homogeneous,500,1.0,informative,3,1003,panel,5,7,0.04,0.05156263009202795,15269
A_size,homogeneous,500,1.0,informative,3,1003,panel,6,7,0.5,0.5312682326995102,15269
A_size,homogeneous,500,1.0,informative,3,1003,panel,6,8,0.1,0.16088740788165712,15269
A_size,homogeneous,500,1.0,informative,3,1003,panel,7,6,0.15,0.16627443673058903,15269
A_size,homogeneous,500,1.0,informative,3,1003,panel,7,8,0.12,0.12409157101155198,15269
A_size,homogeneous,500,1.0,informative,3,1003,panel,8,9,0.35,0.22794634273710326,15269
A_size,homogeneous,500,1.0,informative,3,1003,panel,8,10,0.08,0.0983839544714657,15269
A_size,homogeneous,500,1.0,informative,3,1003,panel,9,8,0.08,0.07083185981820259,15269
A_size,homogeneous,500,1.0,informative,3,1003,panel,9,10,0.1,0.13705210656394454,15269
A_size,homogeneous,500,1.0,informative,3,1003,panel,10,11,0.05,0.0783162161291093,15269
A_size,homogeneous,500,1.0,informative,4,1004,crude,0,1,0.6,0.4959533135184201,15246
A_size,homogeneous,500,1.0,informative,4,1004,crude,0,2,0.08,0.06269072783238457,15246
A_size,homogeneous,500,1.0,informative,4,1004,crude,1,0,0.85,0.5268351399476565,15246
A_size,homogeneous,500,1.0,informative,4,1004,crude,1,2,0.05,0.04789410363160514,15246
A_size,homogeneous,500,1.0,informative,4,1004,crude,1,3,0.1,0.08326205708263662,15246
A_size,homogeneous,500,1.0,informative,4,1004,crude,2,0,0.04,0.025111861718092203,15246
A_size,homogeneous,500,1.0,informative,4,1004,crude,2,3,0.45,0.3999296495844314,15246
A_size,homogeneous,500,1.0,informative,4,1004,crude,2,4,0.07,0.06324468877149148,15246
A_size,homogeneous,500,1.0,informative,4,1004,crude,3,1,0.06,0.04542259598798062,15246
A_size,homogeneous,500,1.0,informative,4,1004,crude,3,2,0.6,0.41091604277498744,15246
A_size,homogeneous,500,1.0,informative,4,1004,crude,3,4,0.05,0.04119723822165684,15246
A_size,homogeneous,500,1.0,informative,4,1004,crude,3,5,0.08,0.07711277923540896,15246
A_size,homogeneous,500,1.0,informative,4,1004,crude,4,5,0.3,0.2552388343024969,15246
A_size,homogeneous,500,1.0,informative,4,1004,crude,4,7,0.06,0.06524041953023463,15246
A_size,homogeneous,500,1.0,informative,4,1004,crude,5,4,0.4,0.3189532864434036,15246
A_size,homogeneous,500,1.0,informative,4,1004,crude,5,6,0.08,0.06834713280930077,15246
A_size,homogeneous,500,1.0,informative,4,1004,crude,5,7,0.04,0.03844526220523168,15246
A_size,homogeneous,500,1.0,informative,4,1004,crude,6,7,0.5,0.3574032181852372,15246
A_size,homogeneous,500,1.0,informative,4,1004,crude,6,8,0.1,0.0870597582758911,15246
A_size,homogeneous,500,1.0,informative,4,1004,crude,7,6,0.15,0.12406009226816839,15246
A_size,homogeneous,500,1.0,informative,4,1004,crude,7,8,0.12,0.09558728420662155,15246
A_size,homogeneous,500,1.0,informative,4,1004,crude,8,9,0.35,0.27020305483853724,15246
A_size,homogeneous,500,1.0,informative,4,1004,crude,8,10,0.08,0.04962913252136398,15246
A_size,homogeneous,500,1.0,informative,4,1004,crude,9,8,0.08,0.09395917661694343,15246
A_size,homogeneous,500,1.0,informative,4,1004,crude,9,10,0.1,0.09395917661694343,15246
A_size,homogeneous,500,1.0,informative,4,1004,crude,10,11,0.05,0.030867246147767688,15246
A_size,homogeneous,500,1.0,informative,4,1004,oracle,0,1,0.6,0.6175757071863444,15246
A_size,homogeneous,500,1.0,informative,4,1004,oracle,0,2,0.08,0.0788919067064392,15246
A_size,homogeneous,500,1.0,informative,4,1004,oracle,1,0,0.85,0.8732049603128377,15246
A_size,homogeneous,500,1.0,informative,4,1004,oracle,1,2,0.05,0.04582164643225782,15246
A_size,homogeneous,500,1.0,informative,4,1004,oracle,1,3,0.1,0.11152815829738223,15246
A_size,homogeneous,500,1.0,informative,4,1004,oracle,2,0,0.04,0.037095210823952764,15246
A_size,homogeneous,500,1.0,informative,4,1004,oracle,2,3,0.45,0.4880081068395564,15246
A_size,homogeneous,500,1.0,informative,4,1004,oracle,2,4,0.07,0.07666343570283572,15246
A_size,homogeneous,500,1.0,informative,4,1004,oracle,3,1,0.06,0.06908231322829353,15246
A_size,homogeneous,500,1.0,informative,4,1004,oracle,3,2,0.6,0.6240825923844143,15246
A_size,homogeneous,500,1.0,informative,4,1004,oracle,3,4,0.05,0.044493693265680576,15246
A_size,homogeneous,500,1.0,informative,4,1004,oracle,3,5,0.08,0.09718359318556546,15246
A_size,homogeneous,500,1.0,informative,4,1004,oracle,4,5,0.3,0.302100562946337,15246
A_size,homogeneous,500,1.0,informative,4,1004,oracle,4,7,0.06,0.07066080963829578,15246
A_size,homogeneous,500,1.0,informative,4,1004,oracle,5,4,0.4,0.42883212549666716,15246
A_size,homogeneous,500,1.0,informative,4,1004,oracle,5,6,0.08,0.07755474610046109,15246
A_size,homogeneous,500,1.0,informative,4,1004,oracle,5,7,0.04,0.03953771369827428,15246
A_size,homogeneous,500,1.0,informative,4,1004,oracle,6,7,0.5,0.4419603024868083,15246
A_size,homogeneous,500,1.0,informative,4,1004,oracle,6,8,0.1,0.10312407058025526,15246
A_size,homogeneous,500,1.0,informative,4,1004,oracle,7,6,0.15,0.1401145604080747,15246
A_size,homogeneous,500,1.0,informative,4,1004,oracle,7,8,0.12,0.09932171370698967,15246
A_size,homogeneous,500,1.0,informative,4,1004,oracle,8,9,0.35,0.3288360312964187,15246
A_size,homogeneous,500,1.0,informative,4,1004,oracle,8,10,0.08,0.05573492055871503,15246
A_size,homogeneous,500,1.0,informative,4,1004,oracle,9,8,0.08,0.09774319390304721,15246
A_size,homogeneous,500,1.0,informative,4,1004,oracle,9,10,0.1,0.09774319390304721,15246
A_size,homogeneous,500,1.0,informative,4,1004,oracle,10,11,0.05,0.025744727454654212,15246
A_size,homogeneous,500,1.0,informative,4,1004,panel,0,1,0.6,0.8759547971042428,15246
A_size,homogeneous,500,1.0,informative,4,1004,panel,0,2,0.08,0.0690091147511981,15246
A_size,homogeneous,500,1.0,informative,4,1004,panel,1,0,0.85,1.012638955332746,15246
A_size,homogeneous,500,1.0,informative,4,1004,panel,1,2,0.05,0.03997083672798371,15246
A_size,homogeneous,500,1.0,informative,4,1004,panel,1,3,0.1,0.12758768603931409,15246
A_size,homogeneous,500,1.0,informative,4,1004,panel,2,0,0.04,0.03345190057182993,15246
A_size,homogeneous,500,1.0,informative,4,1004,panel,2,3,0.45,0.6314575422383734,15246
A_size,homogeneous,500,1.0,informative,4,1004,panel,2,4,0.07,0.06993485005636829,15246
A_size,homogeneous,500,1.0,informative,4,1004,panel,3,1,0.06,0.07805540088402534,15246
A_size,homogeneous,500,1.0,informative,4,1004,panel,3,2,0.6,0.7179989249569363,15246
A_size,homogeneous,500,1.0,informative,4,1004,panel,3,4,0.05,0.03348460494239727,15246
A_size,homogeneous,500,1.0,informative,4,1004,panel,3,5,0.08,0.11242928208992321,15246
A_size,homogeneous,500,1.0,informative,4,1004,panel,4,5,0.3,0.3346125229627506,15246
A_size,homogeneous,500,1.0,informative,4,1004,panel,4,7,0.06,0.06799664108776203,15246
A_size,homogeneous,500,1.0,informative,4,1004,panel,5,4,0.4,0.4533979068282108,15246
A_size,homogeneous,500,1.0,informative,4,1004,panel,5,6,0.08,0.09146107570909545,15246
A_size,homogeneous,500,1.0,informative,4,1004,panel,5,7,0.04,0.029685512975320974,15246
A_size,homogeneous,500,1.0,informative,4,1004,panel,6,7,0.5,0.5198894665259529,15246
A_size,homogeneous,500,1.0,informative,4,1004,panel,6,8,0.1,0.10041510247433759,15246
A_size,homogeneous,500,1.0,informative,4,1004,panel,7,6,0.15,0.16795110110628567,15246
A_size,homogeneous,500,1.0,informative,4,1004,panel,7,8,0.12,0.1029139364336022,15246
A_size,homogeneous,500,1.0,informative,4,1004,panel,8,9,0.35,0.33913452371444125,15246
A_size,homogeneous,500,1.0,informative,4,1004,panel,8,10,0.08,0.038576565617698455,15246
A_size,homogeneous,500,1.0,informative,4,1004,panel,9,8,0.08,0.12130382866564365,15246
A_size,homogeneous,500,1.0,informative,4,1004,panel,9,10,0.1,0.1000408305343518,15246
A_size,homogeneous,500,1.0,informative,4,1004,panel,10,11,0.05,0.02847139050218118,15246
A_size,homogeneous,1000,1.0,informative,0,1000,crude,0,1,0.6,0.4757282514654704,29749
A_size,homogeneous,1000,1.0,informative,0,1000,crude,0,2,0.08,0.0620965085306632,29749
A_size,homogeneous,1000,1.0,informative,0,1000,crude,1,0,0.85,0.533122706933278,29749
A_size,homogeneous,1000,1.0,informative,0,1000,crude,1,2,0.05,0.0491753009323521,29749
A_size,homogeneous,1000,1.0,informative,0,1000,crude,1,3,0.1,0.0866421968808109,29749
A_size,homogeneous,1000,1.0,informative,0,1000,crude,2,0,0.04,0.0321756450444615,29749
A_size,homogeneous,1000,1.0,informative,0,1000,crude,2,3,0.45,0.3792436029240536,29749
A_size,homogeneous,1000,1.0,informative,0,1000,crude,2,4,0.07,0.054913100875881,29749
A_size,homogeneous,1000,1.0,informative,0,1000,crude,3,1,0.06,0.0430131158767708,29749
A_size,homogeneous,1000,1.0,informative,0,1000,crude,3,2,0.6,0.4147693316688613,29749
A_size,homogeneous,1000,1.0,informative,0,1000,crude,3,4,0.05,0.0542784557492583,29749
A_size,homogeneous,1000,1.0,informative,0,1000,crude,3,5,0.08,0.0609352474920919,29749
A_size,homogeneous,1000,1.0,informative,0,1000,crude,4,5,0.3,0.2673156626057927,29749
A_size,homogeneous,1000,1.0,informative,0,1000,crude,4,7,0.06,0.0482330434701756,29749
A_size,homogeneous,1000,1.0,informative,0,1000,crude,5,4,0.4,0.3151266373268623,29749
A_size,homogeneous,1000,1.0,informative,0,1000,crude,5,6,0.08,0.0633233195574073,29749
A_size,homogeneous,1000,1.0,informative,0,1000,crude,5,7,0.04,0.0432088533450544,29749
A_size,homogeneous,1000,1.0,informative,0,1000,crude,6,7,0.5,0.3512904758952742,29749
A_size,homogeneous,1000,1.0,informative,0,1000,crude,6,8,0.1,0.0944646657869645,29749
A_size,homogeneous,1000,1.0,informative,0,1000,crude,7,6,0.15,0.1427013017325775,29749
A_size,homogeneous,1000,1.0,informative,0,1000,crude,7,8,0.12,0.0904245872364848,29749
A_size,homogeneous,1000,1.0,informative,0,1000,crude,8,9,0.35,0.3209013354461884,29749
A_size,homogeneous,1000,1.0,informative,0,1000,crude,8,10,0.08,0.061124063894512,29749
A_size,homogeneous,1000,1.0,informative,0,1000,crude,9,8,0.08,0.0679124065779957,29749
A_size,homogeneous,1000,1.0,informative,0,1000,crude,9,10,0.1,0.1230912369226172,29749
A_size,homogeneous,1000,1.0,informative,0,1000,crude,10,11,0.05,0.0545471405479805,29749
A_size,homogeneous,1000,1.0,informative,0,1000,oracle,0,1,0.6,0.5841925255181598,29749
A_size,homogeneous,1000,1.0,informative,0,1000,oracle,0,2,0.08,0.0785056622218629,29749
A_size,homogeneous,1000,1.0,informative,0,1000,oracle,1,0,0.85,0.8668363764835235,29749
A_size,homogeneous,1000,1.0,informative,0,1000,oracle,1,2,0.05,0.048132349872841,29749
A_size,homogeneous,1000,1.0,informative,0,1000,oracle,1,3,0.1,0.1121574567791672,29749
A_size,homogeneous,1000,1.0,informative,0,1000,oracle,2,0,0.04,0.0426159087839834,29749
A_size,homogeneous,1000,1.0,informative,0,1000,oracle,2,3,0.45,0.4365251197062083,29749
A_size,homogeneous,1000,1.0,informative,0,1000,oracle,2,4,0.07,0.0671872435783522,29749
A_size,homogeneous,1000,1.0,informative,0,1000,oracle,3,1,0.06,0.0608285947386473,29749
A_size,homogeneous,1000,1.0,informative,0,1000,oracle,3,2,0.6,0.6008955573714974,29749
A_size,homogeneous,1000,1.0,informative,0,1000,oracle,3,4,0.05,0.0500272554859903,29749
A_size,homogeneous,1000,1.0,informative,0,1000,oracle,3,5,0.08,0.0750408832289854,29749
A_size,homogeneous,1000,1.0,informative,0,1000,oracle,4,5,0.3,0.2904418339438965,29749
A_size,homogeneous,1000,1.0,informative,0,1000,oracle,4,7,0.06,0.0551735383477652,29749
A_size,homogeneous,1000,1.0,informative,0,1000,oracle,5,4,0.4,0.4053783890400588,29749
A_size,homogeneous,1000,1.0,informative,0,1000,oracle,5,6,0.08,0.0753638883733964,29749
A_size,homogeneous,1000,1.0,informative,0,1000,oracle,5,7,0.04,0.0420451166714738,29749
A_size,homogeneous,1000,1.0,informative,0,1000,oracle,6,7,0.5,0.5102014827058227,29749
A_size,homogeneous,1000,1.0,informative,0,1000,oracle,6,8,0.1,0.0974907291794565,29749
A_size,homogeneous,1000,1.0,informative,0,1000,oracle,7,6,0.15,0.148366366192119,29749
A_size,homogeneous,1000,1.0,informative,0,1000,oracle,7,8,0.12,0.1054792134647095,29749
A_size,homogeneous,1000,1.0,informative,0,1000,oracle,8,9,0.35,0.4301678270708906,29749
A_size,homogeneous,1000,1.0,informative,0,1000,oracle,8,10,0.08,0.0703158948096648,29749
A_size,homogeneous,1000,1.0,informative,0,1000,oracle,9,8,0.08,0.0819173064554621,29749
A_size,homogeneous,1000,1.0,informative,0,1000,oracle,9,10,0.1,0.1246567706930945,29749
A_size,homogeneous,1000,1.0,informative,0,1000,oracle,10,11,0.05,0.0551984481786456,29749
A_size,homogeneous,1000,1.0,informative,0,1000,panel,0,1,0.6,0.828156094623417,29749
A_size,homogeneous,1000,1.0,informative,0,1000,panel,0,2,0.08,0.0697344594617968,29749
A_size,homogeneous,1000,1.0,informative,0,1000,panel,1,0,0.85,1.0232573344434428,29749
A_size,homogeneous,1000,1.0,informative,0,1000,panel,1,2,0.05,0.0352065423534392,29749
A_size,homogeneous,1000,1.0,informative,0,1000,panel,1,3,0.1,0.1305245680779118,29749
A_size,homogeneous,1000,1.0,informative,0,1000,panel,2,0,0.04,0.0381180817811107,29749
A_size,homogeneous,1000,1.0,informative,0,1000,panel,2,3,0.45,0.5821354536772532,29749
A_size,homogeneous,1000,1.0,informative,0,1000,panel,2,4,0.07,0.0564791745564475,29749
A_size,homogeneous,1000,1.0,informative,0,1000,panel,3,1,0.06,0.0667524994309074,29749
A_size,homogeneous,1000,1.0,informative,0,1000,panel,3,2,0.6,0.7092443844039986,29749
A_size,homogeneous,1000,1.0,informative,0,1000,panel,3,4,0.05,0.054061877808236,29749
A_size,homogeneous,1000,1.0,informative,0,1000,panel,3,5,0.08,0.0796238305343895,29749
A_size,homogeneous,1000,1.0,informative,0,1000,panel,4,5,0.3,0.3484064083595272,29749
A_size,homogeneous,1000,1.0,informative,0,1000,panel,4,7,0.06,0.0519304169752108,29749
A_size,homogeneous,1000,1.0,informative,0,1000,panel,5,4,0.4,0.4483071818277915,29749
A_size,homogeneous,1000,1.0,informative,0,1000,panel,5,6,0.08,0.083782145992094,29749
A_size,homogeneous,1000,1.0,informative,0,1000,panel,5,7,0.04,0.0341401465608641,29749
A_size,homogeneous,1000,1.0,informative,0,1000,panel,6,7,0.5,0.534090845233151,29749
A_size,homogeneous,1000,1.0,informative,0,1000,panel,6,8,0.1,0.1168452541914827,29749
A_size,homogeneous,1000,1.0,informative,0,1000,panel,7,6,0.15,0.1902066519755579,29749
A_size,homogeneous,1000,1.0,informative,0,1000,panel,7,8,0.12,0.0984930978844277,29749
A_size,homogeneous,1000,1.0,informative,0,1000,panel,8,9,0.35,0.4141506057328799,29749
A_size,homogeneous,1000,1.0,informative,0,1000,panel,8,10,0.08,0.0598374858102613,29749
A_size,homogeneous,1000,1.0,informative,0,1000,panel,9,8,0.08,0.0887820714752545,29749
A_size,homogeneous,1000,1.0,informative,0,1000,panel,9,10,0.1,0.1280368600897616,29749
A_size,homogeneous,1000,1.0,informative,0,1000,panel,10,11,0.05,0.0552383367482738,29749
A_size,homogeneous,1000,1.0,informative,1,1001,crude,0,1,0.6,0.4847417619980566,29688
A_size,homogeneous,1000,1.0,informative,1,1001,crude,0,2,0.08,0.0667650059566907,29688
A_size,homogeneous,1000,1.0,informative,1,1001,crude,1,0,0.85,0.5130118130878324,29688
A_size,homogeneous,1000,1.0,informative,1,1001,crude,1,2,0.05,0.0533384123354858,29688
A_size,homogeneous,1000,1.0,informative,1,1001,crude,1,3,0.1,0.0692658549078878,29688
A_size,homogeneous,1000,1.0,informative,1,1001,crude,2,0,0.04,0.0331106049738837,29688
A_size,homogeneous,1000,1.0,informative,1,1001,crude,2,3,0.45,0.3851286157488587,29688
A_size,homogeneous,1000,1.0,informative,1,1001,crude,2,4,0.07,0.0509729050255842,29688
A_size,homogeneous,1000,1.0,informative,1,1001,crude,3,1,0.06,0.0433838100600295,29688
A_size,homogeneous,1000,1.0,informative,1,1001,crude,3,2,0.6,0.3975167712477123,29688
A_size,homogeneous,1000,1.0,informative,1,1001,crude,3,4,0.05,0.0423748842446799,29688
A_size,homogeneous,1000,1.0,informative,1,1001,crude,3,5,0.08,0.0635623263670199,29688
A_size,homogeneous,1000,1.0,informative,1,1001,crude,4,5,0.3,0.2517770567858691,29688
A_size,homogeneous,1000,1.0,informative,1,1001,crude,4,7,0.06,0.0566796691816529,29688
A_size,homogeneous,1000,1.0,informative,1,1001,crude,5,4,0.4,0.3235727028315477,29688
A_size,homogeneous,1000,1.0,informative,1,1001,crude,5,6,0.08,0.0591219259494679,29688
A_size,homogeneous,1000,1.0,informative,1,1001,crude,5,7,0.04,0.0431430270442063,29688
A_size,homogeneous,1000,1.0,informative,1,1001,crude,6,7,0.5,0.3332136113915481,29688
A_size,homogeneous,1000,1.0,informative,1,1001,crude,6,8,0.1,0.1249551042718305,29688
A_size,homogeneous,1000,1.0,informative,1,1001,crude,7,6,0.15,0.1347682558764014,29688
A_size,homogeneous,1000,1.0,informative,1,1001,crude,7,8,0.12,0.1051192395835931,29688
A_size,homogeneous,1000,1.0,informative,1,1001,crude,8,9,0.35,0.2865066813348431,29688
A_size,homogeneous,1000,1.0,informative,1,1001,crude,8,10,0.08,0.0775253373023693,29688
A_size,homogeneous,1000,1.0,informative,1,1001,crude,9,8,0.08,0.0768649847326924,29688
A_size,homogeneous,1000,1.0,informative,1,1001,crude,9,10,0.1,0.0730217354960578,29688
A_size,homogeneous,1000,1.0,informative,1,1001,crude,10,11,0.05,0.0246519301536862,29688
A_size,homogeneous,1000,1.0,informative,1,1001,oracle,0,1,0.6,0.6028143340210517,29688
A_size,homogeneous,1000,1.0,informative,1,1001,oracle,0,2,0.08,0.0840775525062815,29688
A_size,homogeneous,1000,1.0,informative,1,1001,oracle,1,0,0.85,0.8321817788041898,29688
A_size,homogeneous,1000,1.0,informative,1,1001,oracle,1,2,0.05,0.0482733783392574,29688
A_size,homogeneous,1000,1.0,informative,1,1001,oracle,1,3,0.1,0.0927019743329102,29688
A_size,homogeneous,1000,1.0,informative,1,1001,oracle,2,0,0.04,0.0379032831923816,29688
A_size,homogeneous,1000,1.0,informative,1,1001,oracle,2,3,0.45,0.4556129347002612,29688
A_size,homogeneous,1000,1.0,informative,1,1001,oracle,2,4,0.07,0.0638167523137038,29688
A_size,homogeneous,1000,1.0,informative,1,1001,oracle,3,1,0.06,0.0594037731055797,29688
A_size,homogeneous,1000,1.0,informative,1,1001,oracle,3,2,0.6,0.5890411520095337,29688
A_size,homogeneous,1000,1.0,informative,1,1001,oracle,3,4,0.05,0.0444140359667885,29688
A_size,homogeneous,1000,1.0,informative,1,1001,oracle,3,5,0.08,0.0721728084460314,29688
A_size,homogeneous,1000,1.0,informative,1,1001,oracle,4,5,0.3,0.2824829773922799,29688
A_size,homogeneous,1000,1.0,informative,1,1001,oracle,4,7,0.06,0.0644913967254073,29688
A_size,homogeneous,1000,1.0,informative,1,1001,oracle,5,4,0.4,0.423247196446373,29688
A_size,homogeneous,1000,1.0,informative,1,1001,oracle,5,6,0.08,0.0731219749958164,29688
A_size,homogeneous,1000,1.0,informative,1,1001,oracle,5,7,0.04,0.0326898241157767,29688
A_size,homogeneous,1000,1.0,informative,1,1001,oracle,6,7,0.5,0.4931417240002846,29688
A_size,homogeneous,1000,1.0,informative,1,1001,oracle,6,8,0.1,0.1122322544276509,29688
A_size,homogeneous,1000,1.0,informative,1,1001,oracle,7,6,0.15,0.1523198212827545,29688
A_size,homogeneous,1000,1.0,informative,1,1001,oracle,7,8,0.12,0.1110903959731367,29688
A_size,homogeneous,1000,1.0,informative,1,1001,oracle,8,9,0.35,0.3504023263469463,29688
A_size,homogeneous,1000,1.0,informative,1,1001,oracle,8,10,0.08,0.0939222730414495,29688
A_size,homogeneous,1000,1.0,informative,1,1001,oracle,9,8,0.08,0.0764967919479057,29688
A_size,homogeneous,1000,1.0,informative,1,1001,oracle,9,10,0.1,0.073309425616743,29688
A_size,homogeneous,1000,1.0,informative,1,1001,oracle,10,11,0.05,0.0302605930608515,29688
A_size,homogeneous,1000,1.0,informative,1,1001,panel,0,1,0.6,0.8344850163063289,29688
A_size,homogeneous,1000,1.0,informative,1,1001,panel,0,2,0.08,0.0750766005101358,29688
A_size,homogeneous,1000,1.0,informative,1,1001,panel,1,0,0.85,0.9534343653898378,29688
A_size,homogeneous,1000,1.0,informative,1,1001,panel,1,2,0.05,0.0490304644422606,29688
A_size,homogeneous,1000,1.0,informative,1,1001,panel,1,3,0.1,0.101644093008923,29688
A_size,homogeneous,1000,1.0,informative,1,1001,panel,2,0,0.04,0.0394747320066798,29688
A_size,homogeneous,1000,1.0,informative,1,1001,panel,2,3,0.45,0.582256490450703,29688
A_size,homogeneous,1000,1.0,informative,1,1001,panel,2,4,0.07,0.0558687275791759,29688
A_size,homogeneous,1000,1.0,informative,1,1001,panel,3,1,0.06,0.0608967710516847,29688
A_size,homogeneous,1000,1.0,informative,1,1001,panel,3,2,0.6,0.6604386419411226,29688
A_size,homogeneous,1000,1.0,informative,1,1001,panel,3,4,0.05,0.0384142461264474,29688
A_size,homogeneous,1000,1.0,informative,1,1001,panel,3,5,0.08,0.0809522871744678,29688
A_size,homogeneous,1000,1.0,informative,1,1001,panel,4,5,0.3,0.3317791874471912,29688
A_size,homogeneous,1000,1.0,informative,1,1001,panel,4,7,0.06,0.0607358273290988,29688
A_size,homogeneous,1000,1.0,informative,1,1001,panel,5,4,0.4,0.4603235153206416,29688
A_size,homogeneous,1000,1.0,informative,1,1001,panel,5,6,0.08,0.0738663229698572,29688
A_size,homogeneous,1000,1.0,informative,1,1001,panel,5,7,0.04,0.0358558394831744,29688
A_size,homogeneous,1000,1.0,informative,1,1001,panel,6,7,0.5,0.5060725776885484,29688
A_size,homogeneous,1000,1.0,informative,1,1001,panel,6,8,0.1,0.1378833247308523,29688
A_size,homogeneous,1000,1.0,informative,1,1001,panel,7,6,0.15,0.1826702817857359,29688
A_size,homogeneous,1000,1.0,informative,1,1001,panel,7,8,0.12,0.1040311618963997,29688
A_size,homogeneous,1000,1.0,informative,1,1001,panel,8,9,0.35,0.3382278088621705,29688
A_size,homogeneous,1000,1.0,informative,1,1001,panel,8,10,0.08,0.0883791535707971,29688
A_size,homogeneous,1000,1.0,informative,1,1001,panel,9,8,0.08,0.0979833737004548,29688
A_size,homogeneous,1000,1.0,informative,1,1001,panel,9,10,0.1,0.0718911711012562,29688
A_size,homogeneous,1000,1.0,informative,1,1001,panel,10,11,0.05,0.0334556803413258,29688
A_size,homogeneous,1000,1.0,informative,2,1002,crude,0,1,0.6,0.4919283805531327,30079
A_size,homogeneous,1000,1.0,informative,2,1002,crude,0,2,0.08,0.0639040927376194,30079
A_size,homogeneous,1000,1.0,informative,2,1002,crude,1,0,0.85,0.5248027844502058,30079
A_size,homogeneous,1000,1.0,informative,2,1002,crude,1,2,0.05,0.05265817769398675,30079
A_size,homogeneous,1000,1.0,informative,2,1002,crude,1,3,0.1,0.07009230409267156,30079
A_size,homogeneous,1000,1.0,informative,2,1002,crude,2,0,0.04,0.02627202823146067,30079
A_size,homogeneous,1000,1.0,informative,2,1002,crude,2,3,0.45,0.39500224902389114,30079
A_size,homogeneous,1000,1.0,informative,2,1002,crude,2,4,0.07,0.06037957365476049,30079
A_size,homogeneous,1000,1.0,informative,2,1002,crude,3,1,0.06,0.044602116904571255,30079
A_size,homogeneous,1000,1.0,informative,2,1002,crude,3,2,0.6,0.39701390479254167,30079
A_size,homogeneous,1000,1.0,informative,2,1002,crude,3,4,0.05,0.0512098379274707,30079
A_size,homogeneous,1000,1.0,informative,2,1002,crude,3,5,0.08,0.07598879176334362,30079
A_size,homogeneous,1000,1.0,informative,2,1002,crude,4,5,0.3,0.2761999711022557,30079
A_size,homogeneous,1000,1.0,informative,2,1002,crude,4,7,0.06,0.056143452069851045,30079
A_size,homogeneous,1000,1.0,informative,2,1002,crude,5,4,0.4,0.27635553701535265,30079
A_size,homogeneous,1000,1.0,informative,2,1002,crude,5,6,0.08,0.07264630647829054,30079
A_size,homogeneous,1000,1.0,informative,2,1002,crude,5,7,0.04,0.04868051465040087,30079
A_size,homogeneous,1000,1.0,informative,2,1002,crude,6,7,0.5,0.38533267803138,30079
A_size,homogeneous,1000,1.0,informative,2,1002,crude,6,8,0.1,0.09219616222836699,30079
A_size,homogeneous,1000,1.0,informative,2,1002,crude,7,6,0.15,0.15511147364306754,30079
A_size,homogeneous,1000,1.0,informative,2,1002,crude,7,8,0.12,0.09590862110754557,30079
A_size,homogeneous,1000,1.0,informative,2,1002,crude,8,9,0.35,0.25972565550046134,30079
A_size,homogeneous,1000,1.0,informative,2,1002,crude,8,10,0.08,0.057082561648453045,30079
A_size,homogeneous,1000,1.0,informative,2,1002,crude,9,8,0.08,0.06454034207026695,30079
A_size,homogeneous,1000,1.0,informative,2,1002,crude,9,10,0.1,0.10326454731242712,30079
A_size,homogeneous,1000,1.0,informative,2,1002,crude,10,11,0.05,0.024815853955721594,30079
A_size,homogeneous,1000,1.0,informative,2,1002,oracle,0,1,0.6,0.6021441853045019,30079
A_size,homogeneous,1000,1.0,informative,2,1002,oracle,0,2,0.08,0.07983418503792564,30079
A_size,homogeneous,1000,1.0,informative,2,1002,oracle,1,0,0.85,0.86308540973351,30079
A_size,homogeneous,1000,1.0,informative,2,1002,oracle,1,2,0.05,0.0450958994926072,30079
A_size,homogeneous,1000,1.0,informative,2,1002,oracle,1,3,0.1,0.09562000910932453,30079
A_size,homogeneous,1000,1.0,informative,2,1002,oracle,2,0,0.04,0.03523468521600079,30079
A_size,homogeneous,1000,1.0,informative,2,1002,oracle,2,3,0.45,0.4621479642284755,30079
A_size,homogeneous,1000,1.0,informative,2,1002,oracle,2,4,0.07,0.07415672121042027,30079
A_size,homogeneous,1000,1.0,informative,2,1002,oracle,3,1,0.06,0.06210636671555774,30079
A_size,homogeneous,1000,1.0,informative,2,1002,oracle,3,2,0.6,0.6070592903471673,30079
A_size,homogeneous,1000,1.0,informative,2,1002,oracle,3,4,0.05,0.054799735337256836,30079
A_size,homogeneous,1000,1.0,informative,2,1002,oracle,3,5,0.08,0.08463514679865222,30079
A_size,homogeneous,1000,1.0,informative,2,1002,oracle,4,5,0.3,0.30543411054497277,30079
A_size,homogeneous,1000,1.0,informative,2,1002,oracle,4,7,0.06,0.06418127651226445,30079
A_size,homogeneous,1000,1.0,informative,2,1002,oracle,5,4,0.4,0.35741387252702034,30079
A_size,homogeneous,1000,1.0,informative,2,1002,oracle,5,6,0.08,0.086000247473389,30079
A_size,homogeneous,1000,1.0,informative,2,1002,oracle,5,7,0.04,0.04812857886125439,30079
A_size,homogeneous,1000,1.0,informative,2,1002,oracle,6,7,0.5,0.5242904645923335,30079
A_size,homogeneous,1000,1.0,informative,2,1002,oracle,6,8,0.1,0.09578383487744555,30079
A_size,homogeneous,1000,1.0,informative,2,1002,oracle,7,6,0.15,0.16723195374242153,30079
A_size,homogeneous,1000,1.0,informative,2,1002,oracle,7,8,0.12,0.10946091517685773,30079
A_size,homogeneous,1000,1.0,informative,2,1002,oracle,8,9,0.35,0.36297975548289463,30079
A_size,homogeneous,1000,1.0,informative,2,1002,oracle,8,10,0.08,0.05490450082934541,30079
A_size,homogeneous,1000,1.0,informative,2,1002,oracle,9,8,0.08,0.08255727328778134,30079
A_size,homogeneous,1000,1.0,informative,2,1002,oracle,9,10,0.1,0.11558018260289388,30079
A_size,homogeneous,1000,1.0,informative,2,1002,oracle,10,11,0.05,0.033207097943569644,30079
A_size,homogeneous,1000,1.0,informative,2,1002,panel,0,1,0.6,0.8690038035356139,30079
A_size,homogeneous,1000,1.0,informative,2,1002,panel,0,2,0.08,0.06891939594677098,30079
A_size,homogeneous,1000,1.0,informative,2,1002,panel,1,0,0.85,1.0145940805152018,30079
A_size,homogeneous,1000,1.0,informative,2,1002,panel,1,2,0.05,0.04991503386928787,30079
A_size,homogeneous,1000,1.0,informative,2,1002,panel,1,3,0.1,0.10255894665971323,30079
A_size,homogeneous,1000,1.0,informative,2,1002,panel,2,0,0.04,0.03169221678251259,30079
A_size,homogeneous,1000,1.0,informative,2,1002,panel,2,3,0.45,0.6015076098022034,30079
A_size,homogeneous,1000,1.0,informative,2,1002,panel,2,4,0.07,0.06389701649481744,30079
A_size,homogeneous,1000,1.0,informative,2,1002,panel,3,1,0.06,0.07072337476955147,30079
A_size,homogeneous,1000,1.0,informative,2,1002,panel,3,2,0.6,0.6824160590599132,30079
A_size,homogeneous,1000,1.0,informative,2,1002,panel,3,4,0.05,0.05417762334397375,30079
A_size,homogeneous,1000,1.0,informative,2,1002,panel,3,5,0.08,0.09266623382309795,30079
A_size,homogeneous,1000,1.0,informative,2,1002,panel,4,5,0.3,0.35672380170420015,30079
A_size,homogeneous,1000,1.0,informative,2,1002,panel,4,7,0.06,0.05723545076645414,30079
A_size,homogeneous,1000,1.0,informative,2,1002,panel,5,4,0.4,0.3913504208197166,30079
A_size,homogeneous,1000,1.0,informative,2,1002,panel,5,6,0.08,0.09282074444212687,30079
A_size,homogeneous,1000,1.0,informative,2,1002,panel,5,7,0.04,0.042233244995913556,30079
A_size,homogeneous,1000,1.0,informative,2,1002,panel,6,7,0.5,0.5975049297950248,30079
A_size,homogeneous,1000,1.0,informative,2,1002,panel,6,8,0.1,0.09841527236720884,30079
A_size,homogeneous,1000,1.0,informative,2,1002,panel,7,6,0.15,0.2199529779289261,30079
A_size,homogeneous,1000,1.0,informative,2,1002,panel,7,8,0.12,0.10810842189916108,30079
A_size,homogeneous,1000,1.0,informative,2,1002,panel,8,9,0.35,0.33488789729189095,30079
A_size,homogeneous,1000,1.0,informative,2,1002,panel,8,10,0.08,0.04587238289565214,30079
A_size,homogeneous,1000,1.0,informative,2,1002,panel,9,8,0.08,0.08036312814784324,30079
A_size,homogeneous,1000,1.0,informative,2,1002,panel,9,10,0.1,0.11729026612983391,30079
A_size,homogeneous,1000,1.0,informative,2,1002,panel,10,11,0.05,0.031232557669248002,30079
A_size,homogeneous,1000,1.0,informative,3,1003,crude,0,1,0.6,0.5007274976457333,30520
A_size,homogeneous,1000,1.0,informative,3,1003,crude,0,2,0.08,0.06280310987421062,30520
A_size,homogeneous,1000,1.0,informative,3,1003,crude,1,0,0.85,0.5198643418647938,30520
A_size,homogeneous,1000,1.0,informative,3,1003,crude,1,2,0.05,0.051485877048507774,30520
A_size,homogeneous,1000,1.0,informative,3,1003,crude,1,3,0.1,0.06936291769035076,30520
A_size,homogeneous,1000,1.0,informative,3,1003,crude,2,0,0.04,0.035818375366049426,30520
A_size,homogeneous,1000,1.0,informative,3,1003,crude,2,3,0.45,0.38515808572628457,30520
A_size,homogeneous,1000,1.0,informative,3,1003,crude,2,4,0.07,0.059697292276749046,30520
A_size,homogeneous,1000,1.0,informative,3,1003,crude,3,1,0.06,0.0442587566861313,30520
A_size,homogeneous,1000,1.0,informative,3,1003,crude,3,2,0.6,0.4103047090431937,30520
A_size,homogeneous,1000,1.0,informative,3,1003,crude,3,4,0.05,0.04842428672717895,30520
A_size,homogeneous,1000,1.0,informative,3,1003,crude,3,5,0.08,0.06664848065676243,30520
A_size,homogeneous,1000,1.0,informative,3,1003,crude,4,5,0.3,0.26486309094121235,30520
A_size,homogeneous,1000,1.0,informative,3,1003,crude,4,7,0.06,0.05308320820533692,30520
A_size,homogeneous,1000,1.0,informative,3,1003,crude,5,4,0.4,0.3340795203622612,30520
A_size,homogeneous,1000,1.0,informative,3,1003,crude,5,6,0.08,0.05783609008549396,30520
A_size,homogeneous,1000,1.0,informative,3,1003,crude,5,7,0.04,0.05250908178814583,30520
A_size,homogeneous,1000,1.0,informative,3,1003,crude,6,7,0.5,0.3801513705255546,30520
A_size,homogeneous,1000,1.0,informative,3,1003,crude,6,8,0.1,0.12139287462160567,30520
A_size,homogeneous,1000,1.0,informative,3,1003,crude,7,6,0.15,0.1330141481902084,30520
A_size,homogeneous,1000,1.0,informative,3,1003,crude,7,8,0.12,0.10128600275034218,30520
A_size,homogeneous,1000,1.0,informative,3,1003,crude,8,9,0.35,0.23357443761354746,30520
A_size,homogeneous,1000,1.0,informative,3,1003,crude,8,10,0.08,0.12158669355225757,30520
A_size,homogeneous,1000,1.0,informative,3,1003,crude,9,8,0.08,0.05816120700366679,30520
A_size,homogeneous,1000,1.0,informative,3,1003,crude,9,10,0.1,0.14804670873660636,30520
A_size,homogeneous,1000,1.0,informative,3,1003,crude,10,11,0.05,0.047951302400965304,30520
A_size,homogeneous,1000,1.0,informative,3,1003,oracle,0,1,0.6,0.6084083636558049,30520
A_size,homogeneous,1000,1.0,informative,3,1003,oracle,0,2,0.08,0.08134122671471294,30520
A_size,homogeneous,1000,1.0,informative,3,1003,oracle,1,0,0.85,0.8477894456503657,30520
A_size,homogeneous,1000,1.0,informative,3,1003,oracle,1,2,0.05,0.051368523061573884,30520
A_size,homogeneous,1000,1.0,informative,3,1003,oracle,1,3,0.1,0.09271391967210896,30520
A_size,homogeneous,1000,1.0,informative,3,1003,oracle,2,0,0.04,0.043559288589444,30520
A_size,homogeneous,1000,1.0,informative,3,1003,oracle,2,3,0.45,0.4593524978523185,30520
A_size,homogeneous,1000,1.0,informative,3,1003,oracle,2,4,0.07,0.0740507906020548,30520
A_size,homogeneous,1000,1.0,informative,3,1003,oracle,3,1,0.06,0.05878017124795954,30520
A_size,homogeneous,1000,1.0,informative,3,1003,oracle,3,2,0.6,0.6066341945299125,30520
A_size,homogeneous,1000,1.0,informative,3,1003,oracle,3,4,0.05,0.04736654576291885,30520
A_size,homogeneous,1000,1.0,informative,3,1003,oracle,3,5,0.08,0.07875401584678074,30520
A_size,homogeneous,1000,1.0,informative,3,1003,oracle,4,5,0.3,0.2888553087459021,30520
A_size,homogeneous,1000,1.0,informative,3,1003,oracle,4,7,0.06,0.05916313552626911,30520
A_size,homogeneous,1000,1.0,informative,3,1003,oracle,5,4,0.4,0.4249698431225019,30520
A_size,homogeneous,1000,1.0,informative,3,1003,oracle,5,6,0.08,0.0688046412674527,30520
A_size,homogeneous,1000,1.0,informative,3,1003,oracle,5,7,0.04,0.04937744843899546,30520
A_size,homogeneous,1000,1.0,informative,3,1003,oracle,6,7,0.5,0.5792538355270754,30520
A_size,homogeneous,1000,1.0,informative,3,1003,oracle,6,8,0.1,0.11947110357745931,30520
A_size,homogeneous,1000,1.0,informative,3,1003,oracle,7,6,0.15,0.14605026913817407,30520
A_size,homogeneous,1000,1.0,informative,3,1003,oracle,7,8,0.12,0.11186829125477163,30520
A_size,homogeneous,1000,1.0,informative,3,1003,oracle,8,9,0.35,0.3183145171663937,30520
A_size,homogeneous,1000,1.0,informative,3,1003,oracle,8,10,0.08,0.11392309035428827,30520
A_size,homogeneous,1000,1.0,informative,3,1003,oracle,9,8,0.08,0.0921212357120954,30520
A_size,homogeneous,1000,1.0,informative,3,1003,oracle,9,10,0.1,0.15792211836359213,30520
A_size,homogeneous,1000,1.0,informative,3,1003,oracle,10,11,0.05,0.04394623365197909,30520
A_size,homogeneous,1000,1.0,informative,3,1003,panel,0,1,0.6,0.8890945604807162,30520
A_size,homogeneous,1000,1.0,informative,3,1003,panel,0,2,0.08,0.06932229219986075,30520
A_size,homogeneous,1000,1.0,informative,3,1003,panel,1,0,0.85,1.010755586600309,30520
A_size,homogeneous,1000,1.0,informative,3,1003,panel,1,2,0.05,0.046964901956666256,30520
A_size,homogeneous,1000,1.0,informative,3,1003,panel,1,3,0.1,0.10472522018424925,30520
A_size,homogeneous,1000,1.0,informative,3,1003,panel,2,0,0.04,0.04124410507950692,30520
A_size,homogeneous,1000,1.0,informative,3,1003,panel,2,3,0.45,0.5916115024454782,30520
A_size,homogeneous,1000,1.0,informative,3,1003,panel,2,4,0.07,0.06397133805667665,30520
A_size,homogeneous,1000,1.0,informative,3,1003,panel,3,1,0.06,0.06321795727757823,30520
A_size,homogeneous,1000,1.0,informative,3,1003,panel,3,2,0.6,0.6934085898775458,30520
A_size,homogeneous,1000,1.0,informative,3,1003,panel,3,4,0.05,0.046604138269593934,30520
A_size,homogeneous,1000,1.0,informative,3,1003,panel,3,5,0.08,0.08992306593552221,30520
A_size,homogeneous,1000,1.0,informative,3,1003,panel,4,5,0.3,0.35294855710525114,30520
A_size,homogeneous,1000,1.0,informative,3,1003,panel,4,7,0.06,0.05469335705068273,30520
A_size,homogeneous,1000,1.0,informative,3,1003,panel,5,4,0.4,0.48324807179787743,30520
A_size,homogeneous,1000,1.0,informative,3,1003,panel,5,6,0.08,0.0763793848113271,30520
A_size,homogeneous,1000,1.0,informative,3,1003,panel,5,7,0.04,0.046811210694459246,30520
A_size,homogeneous,1000,1.0,informative,3,1003,panel,6,7,0.5,0.6085621254982713,30520
A_size,homogeneous,1000,1.0,informative,3,1003,panel,6,8,0.1,0.1394407876540952,30520
A_size,homogeneous,1000,1.0,informative,3,1003,panel,7,6,0.15,0.1858190570725854,30520
A_size,homogeneous,1000,1.0,informative,3,1003,panel,7,8,0.12,0.10811554868852204,30520
A_size,homogeneous,1000,1.0,informative,3,1003,panel,8,9,0.35,0.28474030787530374,30520
A_size,homogeneous,1000,1.0,informative,3,1003,panel,8,10,0.08,0.10632280916809664,30520
A_size,homogeneous,1000,1.0,informative,3,1003,panel,9,8,0.08,0.07512239008495074,30520
A_size,homogeneous,1000,1.0,informative,3,1003,panel,9,10,0.1,0.16683790458707226,30520
A_size,homogeneous,1000,1.0,informative,3,1003,panel,10,11,0.05,0.04773481087419144,30520
A_size,homogeneous,1000,1.0,informative,4,1004,crude,0,1,0.6,0.5027783924821038,30101
A_size,homogeneous,1000,1.0,informative,4,1004,crude,0,2,0.08,0.06075979160031078,30101
A_size,homogeneous,1000,1.0,informative,4,1004,crude,1,0,0.85,0.5191935644136012,30101
A_size,homogeneous,1000,1.0,informative,4,1004,crude,1,2,0.05,0.04617477778748414,30101
A_size,homogeneous,1000,1.0,informative,4,1004,crude,1,3,0.1,0.07744273754908756,30101
A_size,homogeneous,1000,1.0,informative,4,1004,crude,2,0,0.04,0.023941542077541896,30101
A_size,homogeneous,1000,1.0,informative,4,1004,crude,2,3,0.45,0.3816563472361091,30101
A_size,homogeneous,1000,1.0,informative,4,1004,crude,2,4,0.07,0.0638441122067784,30101
A_size,homogeneous,1000,1.0,informative,4,1004,crude,3,1,0.06,0.046779615083661144,30101
A_size,homogeneous,1000,1.0,informative,4,1004,crude,3,2,0.6,0.38317235276392103,30101
A_size,homogeneous,1000,1.0,informative,4,1004,crude,3,4,0.05,0.04152347855740708,30101
A_size,homogeneous,1000,1.0,informative,4,1004,crude,3,5,0.08,0.07884204789381091,30101
A_size,homogeneous,1000,1.0,informative,4,1004,crude,4,5,0.3,0.2661434430437752,30101
A_size,homogeneous,1000,1.0,informative,4,1004,crude,4,7,0.06,0.05694510605666361,30101
A_size,homogeneous,1000,1.0,informative,4,1004,crude,5,4,0.4,0.2937310803634547,30101
A_size,homogeneous,1000,1.0,informative,4,1004,crude,5,6,0.08,0.0670994076354745,30101
A_size,homogeneous,1000,1.0,informative,4,1004,crude,5,7,0.04,0.04382002131296294,30101
A_size,homogeneous,1000,1.0,informative,4,1004,crude,6,7,0.5,0.3860392026849265,30101
A_size,homogeneous,1000,1.0,informative,4,1004,crude,6,8,0.1,0.08098724531851603,30101
A_size,homogeneous,1000,1.0,informative,4,1004,crude,7,6,0.15,0.11881357343703473,30101
A_size,homogeneous,1000,1.0,informative,4,1004,crude,7,8,0.12,0.10464314724729665,30101
A_size,homogeneous,1000,1.0,informative,4,1004,crude,8,9,0.35,0.24460411657609857,30101
A_size,homogeneous,1000,1.0,informative,4,1004,crude,8,10,0.08,0.05837143691020534,30101
A_size,homogeneous,1000,1.0,informative,4,1004,crude,9,8,0.08,0.07744679313113327,30101
A_size,homogeneous,1000,1.0,informative,4,1004,crude,9,10,0.1,0.106950333371565,30101
A_size,homogeneous,1000,1.0,informative,4,1004,crude,10,11,0.05,0.03162339607264527,30101
A_size,homogeneous,1000,1.0,informative,4,1004,oracle,0,1,0.6,0.6133108504337288,30101
A_size,homogeneous,1000,1.0,informative,4,1004,oracle,0,2,0.08,0.07619544170357934,30101
A_size,homogeneous,1000,1.0,informative,4,1004,oracle,1,0,0.85,0.8522948625717984,30101
A_size,homogeneous,1000,1.0,informative,4,1004,oracle,1,2,0.05,0.04353233649590558,30101
A_size,homogeneous,1000,1.0,informative,4,1004,oracle,1,3,0.1,0.1062701155635342,30101
A_size,homogeneous,1000,1.0,informative,4,1004,oracle,2,0,0.04,0.03383077006576026,30101
A_size,homogeneous,1000,1.0,informative,4,1004,oracle,2,3,0.45,0.4636068490493073,30101
A_size,homogeneous,1000,1.0,informative,4,1004,oracle,2,4,0.07,0.07726780817488456,30101
A_size,homogeneous,1000,1.0,informative,4,1004,oracle,3,1,0.06,0.06785179509145653,30101
A_size,homogeneous,1000,1.0,informative,4,1004,oracle,3,2,0.6,0.5805098024491281,30101
A_size,homogeneous,1000,1.0,informative,4,1004,oracle,3,4,0.05,0.04175495082551171,30101
A_size,homogeneous,1000,1.0,informative,4,1004,oracle,3,5,0.08,0.1003278679557434,30101
A_size,homogeneous,1000,1.0,informative,4,1004,oracle,4,5,0.3,0.31136313180778175,30101
A_size,homogeneous,1000,1.0,informative,4,1004,oracle,4,7,0.06,0.06653058371961149,30101
A_size,homogeneous,1000,1.0,informative,4,1004,oracle,5,4,0.4,0.405001129517607,30101
A_size,homogeneous,1000,1.0,informative,4,1004,oracle,5,6,0.08,0.07648402625782146,30101
A_size,homogeneous,1000,1.0,informative,4,1004,oracle,5,7,0.04,0.03933464207545104,30101
A_size,homogeneous,1000,1.0,informative,4,1004,oracle,6,7,0.5,0.5255375219517149,30101
A_size,homogeneous,1000,1.0,informative,4,1004,oracle,6,8,0.1,0.09871975550474203,30101
A_size,homogeneous,1000,1.0,informative,4,1004,oracle,7,6,0.15,0.13854716128077774,30101
A_size,homogeneous,1000,1.0,informative,4,1004,oracle,7,8,0.12,0.11027223040714963,30101
A_size,homogeneous,1000,1.0,informative,4,1004,oracle,8,9,0.35,0.30986248588345283,30101
A_size,homogeneous,1000,1.0,informative,4,1004,oracle,8,10,0.08,0.06478942886654014,30101
A_size,homogeneous,1000,1.0,informative,4,1004,oracle,9,8,0.08,0.0830059537951841,30101
A_size,homogeneous,1000,1.0,informative,4,1004,oracle,9,10,0.1,0.10854624727062537,30101
A_size,homogeneous,1000,1.0,informative,4,1004,oracle,10,11,0.05,0.03039448753226208,30101
A_size,homogeneous,1000,1.0,informative,4,1004,panel,0,1,0.6,0.8835296620186225,30101
A_size,homogeneous,1000,1.0,informative,4,1004,panel,0,2,0.08,0.06669465252962768,30101
A_size,homogeneous,1000,1.0,informative,4,1004,panel,1,0,0.85,1.0031426386040503,30101
A_size,homogeneous,1000,1.0,informative,4,1004,panel,1,2,0.05,0.03927036742951705,30101
A_size,homogeneous,1000,1.0,informative,4,1004,panel,1,3,0.1,0.1170548819759655,30101
A_size,homogeneous,1000,1.0,informative,4,1004,panel,2,0,0.04,0.03028470658806554,30101
A_size,homogeneous,1000,1.0,informative,4,1004,panel,2,3,0.45,0.5851844536065107,30101
A_size,homogeneous,1000,1.0,informative,4,1004,panel,2,4,0.07,0.07173649172609234,30101
A_size,homogeneous,1000,1.0,informative,4,1004,panel,3,1,0.06,0.07522458626073587,30101
A_size,homogeneous,1000,1.0,informative,4,1004,panel,3,2,0.6,0.6500581260330549,30101
A_size,homogeneous,1000,1.0,informative,4,1004,panel,3,4,0.05,0.03434084250857429,30101
A_size,homogeneous,1000,1.0,informative,4,1004,panel,3,5,0.08,0.11066525430801599,30101
A_size,homogeneous,1000,1.0,informative,4,1004,panel,4,5,0.3,0.34411748494253036,30101
A_size,homogeneous,1000,1.0,informative,4,1004,panel,4,7,0.06,0.059549178491973644,30101
A_size,homogeneous,1000,1.0,informative,4,1004,panel,5,4,0.4,0.4148998044995731,30101
A_size,homogeneous,1000,1.0,informative,4,1004,panel,5,6,0.08,0.08994316191105947,30101
A_size,homogeneous,1000,1.0,informative,4,1004,panel,5,7,0.04,0.03428973665019559,30101
A_size,homogeneous,1000,1.0,informative,4,1004,panel,6,7,0.5,0.5910467584854031,30101
A_size,homogeneous,1000,1.0,informative,4,1004,panel,6,8,0.1,0.09331724468731191,30101
A_size,homogeneous,1000,1.0,informative,4,1004,panel,7,6,0.15,0.16520245708832781,30101
A_size,homogeneous,1000,1.0,informative,4,1004,panel,7,8,0.12,0.11339206176208172,30101
A_size,homogeneous,1000,1.0,informative,4,1004,panel,8,9,0.35,0.3045004064804561,30101
A_size,homogeneous,1000,1.0,informative,4,1004,panel,8,10,0.08,0.04968583565616526,30101
A_size,homogeneous,1000,1.0,informative,4,1004,panel,9,8,0.08,0.0999808723891788,30101
A_size,homogeneous,1000,1.0,informative,4,1004,panel,9,10,0.1,0.1179941160345018,30101
A_size,homogeneous,1000,1.0,informative,4,1004,panel,10,11,0.05,0.03288351973141446,30101
A_size,homogeneous,2000,1.0,informative,0,1000,crude,0,1,0.6,0.4823705530405456,59303
A_size,homogeneous,2000,1.0,informative,0,1000,crude,0,2,0.08,0.0614974410250894,59303
A_size,homogeneous,2000,1.0,informative,0,1000,crude,1,0,0.85,0.5256919295587363,59303
A_size,homogeneous,2000,1.0,informative,0,1000,crude,1,2,0.05,0.0507313770331628,59303
A_size,homogeneous,2000,1.0,informative,0,1000,crude,1,3,0.1,0.0838503514736804,59303
A_size,homogeneous,2000,1.0,informative,0,1000,crude,2,0,0.04,0.0309147720229324,59303
A_size,homogeneous,2000,1.0,informative,0,1000,crude,2,3,0.45,0.3829512956925222,59303
A_size,homogeneous,2000,1.0,informative,0,1000,crude,2,4,0.07,0.0563868024925316,59303
A_size,homogeneous,2000,1.0,informative,0,1000,crude,3,1,0.06,0.0403566970535051,59303
A_size,homogeneous,2000,1.0,informative,0,1000,crude,3,2,0.6,0.40632426039585,59303
A_size,homogeneous,2000,1.0,informative,0,1000,crude,3,4,0.05,0.0476259157774284,59303
A_size,homogeneous,2000,1.0,informative,0,1000,crude,3,5,0.08,0.0629163413691291,59303
A_size,homogeneous,2000,1.0,informative,0,1000,crude,4,5,0.3,0.273252146746676,59303
A_size,homogeneous,2000,1.0,informative,0,1000,crude,4,7,0.06,0.0501519512938838,59303
A_size,homogeneous,2000,1.0,informative,0,1000,crude,5,4,0.4,0.3137716621012335,59303
A_size,homogeneous,2000,1.0,informative,0,1000,crude,5,6,0.08,0.0618437496039916,59303
A_size,homogeneous,2000,1.0,informative,0,1000,crude,5,7,0.04,0.0436320932788897,59303
A_size,homogeneous,2000,1.0,informative,0,1000,crude,6,7,0.5,0.3647265101984972,59303
A_size,homogeneous,2000,1.0,informative,0,1000,crude,6,8,0.1,0.0922981372747217,59303
A_size,homogeneous,2000,1.0,informative,0,1000,crude,7,6,0.15,0.1418099157424451,59303
A_size,homogeneous,2000,1.0,informative,0,1000,crude,7,8,0.12,0.1046023635921996,59303
A_size,homogeneous,2000,1.0,informative,0,1000,crude,8,9,0.35,0.2728133706178267,59303
A_size,homogeneous,2000,1.0,informative,0,1000,crude,8,10,0.08,0.0828800113269347,59303
A_size,homogeneous,2000,1.0,informative,0,1000,crude,9,8,0.08,0.0610480690390508,59303
A_size,homogeneous,2000,1.0,informative,0,1000,crude,9,10,0.1,0.1010450797887737,59303
A_size,homogeneous,2000,1.0,informative,0,1000,crude,10,11,0.05,0.0499290071928975,59303
A_size,homogeneous,2000,1.0,informative,0,1000,oracle,0,1,0.6,0.5894592450166188,59303
A_size,homogeneous,2000,1.0,informative,0,1000,oracle,0,2,0.08,0.0806124511130927,59303
A_size,homogeneous,2000,1.0,informative,0,1000,oracle,1,0,0.85,0.8598455010727584,59303
A_size,homogeneous,2000,1.0,informative,0,1000,oracle,1,2,0.05,0.0465264995377559,59303
A_size,homogeneous,2000,1.0,informative,0,1000,oracle,1,3,0.1,0.1071451599931975,59303
A_size,homogeneous,2000,1.0,informative,0,1000,oracle,2,0,0.04,0.0430109994146725,59303
A_size,homogeneous,2000,1.0,informative,0,1000,oracle,2,3,0.45,0.4489030884855693,59303
A_size,homogeneous,2000,1.0,informative,0,1000,oracle,2,4,0.07,0.067616390971715,59303
A_size,homogeneous,2000,1.0,informative,0,1000,oracle,3,1,0.06,0.0565662077394276,59303
A_size,homogeneous,2000,1.0,informative,0,1000,oracle,3,2,0.6,0.5979856246739491,59303
A_size,homogeneous,2000,1.0,informative,0,1000,oracle,3,4,0.05,0.0459774594926382,59303
A_size,homogeneous,2000,1.0,informative,0,1000,oracle,3,5,0.08,0.0763504478847446,59303
A_size,homogeneous,2000,1.0,informative,0,1000,oracle,4,5,0.3,0.298998539958127,59303
A_size,homogeneous,2000,1.0,informative,0,1000,oracle,4,7,0.06,0.0580186697572177,59303
A_size,homogeneous,2000,1.0,informative,0,1000,oracle,5,4,0.4,0.4100050510004769,59303
A_size,homogeneous,2000,1.0,informative,0,1000,oracle,5,6,0.08,0.0761669462332901,59303
A_size,homogeneous,2000,1.0,informative,0,1000,oracle,5,7,0.04,0.0405143331028139,59303
A_size,homogeneous,2000,1.0,informative,0,1000,oracle,6,7,0.5,0.5097817620171899,59303
A_size,homogeneous,2000,1.0,informative,0,1000,oracle,6,8,0.1,0.0967940054463019,59303
A_size,homogeneous,2000,1.0,informative,0,1000,oracle,7,6,0.15,0.1534957604169797,59303
A_size,homogeneous,2000,1.0,informative,0,1000,oracle,7,8,0.12,0.112485442748321,59303
A_size,homogeneous,2000,1.0,informative,0,1000,oracle,8,9,0.35,0.3579598952629161,59303
A_size,homogeneous,2000,1.0,informative,0,1000,oracle,8,10,0.08,0.0857612249067403,59303
A_size,homogeneous,2000,1.0,informative,0,1000,oracle,9,8,0.08,0.0709192292747902,59303
A_size,homogeneous,2000,1.0,informative,0,1000,oracle,9,10,0.1,0.1063788439121853,59303
A_size,homogeneous,2000,1.0,informative,0,1000,oracle,10,11,0.05,0.0554601308724652,59303
A_size,homogeneous,2000,1.0,informative,0,1000,panel,0,1,0.6,0.8375023594986275,59303
A_size,homogeneous,2000,1.0,informative,0,1000,panel,0,2,0.08,0.0660730986333425,59303
A_size,homogeneous,2000,1.0,informative,0,1000,panel,1,0,0.85,1.003325648534804,59303
A_size,homogeneous,2000,1.0,informative,0,1000,panel,1,2,0.05,0.0436353159897408,59303
A_size,homogeneous,2000,1.0,informative,0,1000,panel,1,3,0.1,0.1224756642653908,59303
A_size,homogeneous,2000,1.0,informative,0,1000,panel,2,0,0.04,0.0371284345710653,59303
A_size,homogeneous,2000,1.0,informative,0,1000,panel,2,3,0.45,0.5800476406190023,59303
A_size,homogeneous,2000,1.0,informative,0,1000,panel,2,4,0.07,0.0592245991831597,59303
A_size,homogeneous,2000,1.0,informative,0,1000,panel,3,1,0.06,0.062841431270111,59303
A_size,homogeneous,2000,1.0,informative,0,1000,panel,3,2,0.6,0.6824455361298082,59303
A_size,homogeneous,2000,1.0,informative,0,1000,panel,3,4,0.05,0.0466650883519779,59303
A_size,homogeneous,2000,1.0,informative,0,1000,panel,3,5,0.08,0.0819159886618879,59303
A_size,homogeneous,2000,1.0,informative,0,1000,panel,4,5,0.3,0.3568626188857605,59303
A_size,homogeneous,2000,1.0,informative,0,1000,panel,4,7,0.06,0.054713451396534,59303
A_size,homogeneous,2000,1.0,informative,0,1000,panel,5,4,0.4,0.4518857072594318,59303
A_size,homogeneous,2000,1.0,informative,0,1000,panel,5,6,0.08,0.0827952313101069,59303
A_size,homogeneous,2000,1.0,informative,0,1000,panel,5,7,0.04,0.03630119935694,59303
A_size,homogeneous,2000,1.0,informative,0,1000,panel,6,7,0.5,0.5565908479071828,59303
A_size,homogeneous,2000,1.0,informative,0,1000,panel,6,8,0.1,0.1067046246199396,59303
A_size,homogeneous,2000,1.0,informative,0,1000,panel,7,6,0.15,0.1935241972376625,59303
A_size,homogeneous,2000,1.0,informative,0,1000,panel,7,8,0.12,0.1118846232955871,59303
A_size,homogeneous,2000,1.0,informative,0,1000,panel,8,9,0.35,0.3334812203306536,59303
A_size,homogeneous,2000,1.0,informative,0,1000,panel,8,10,0.08,0.0818614512056566,59303
A_size,homogeneous,2000,1.0,informative,0,1000,panel,9,8,0.08,0.0779145700600718,59303
A_size,homogeneous,2000,1.0,informative,0,1000,panel,9,10,0.1,0.109689212925808,59303
A_size,homogeneous,2000,1.0,informative,0,1000,panel,10,11,0.05,0.0551645784293115,59303
A_size,homogeneous,2000,1.0,informative,1,1001,crude,0,1,0.6,0.4934125037827411,59373
A_size,homogeneous,2000,1.0,informative,1,1001,crude,0,2,0.08,0.0683537977106432,59373
A_size,homogeneous,2000,1.0,informative,1,1001,crude,1,0,0.85,0.5315934019517978,59373
A_size,homogeneous,2000,1.0,informative,1,1001,crude,1,2,0.05,0.0492705532348789,59373
A_size,homogeneous,2000,1.0,informative,1,1001,crude,1,3,0.1,0.070035920498621,59373
A_size,homogeneous,2000,1.0,informative,1,1001,crude,2,0,0.04,0.0321697547530051,59373
A_size,homogeneous,2000,1.0,informative,1,1001,crude,2,3,0.45,0.3823418825036216,59373
A_size,homogeneous,2000,1.0,informative,1,1001,crude,2,4,0.07,0.0547755283632249,59373
A_size,homogeneous,2000,1.0,informative,1,1001,crude,3,1,0.06,0.0410025997205284,59373
A_size,homogeneous,2000,1.0,informative,1,1001,crude,3,2,0.6,0.4123615883286061,59373
A_size,homogeneous,2000,1.0,informative,1,1001,crude,3,4,0.05,0.0417811300949689,59373
A_size,homogeneous,2000,1.0,informative,1,1001,crude,3,5,0.08,0.0643585109537409,59373
A_size,homogeneous,2000,1.0,informative,1,1001,crude,4,5,0.3,0.2579904614162409,59373
A_size,homogeneous,2000,1.0,informative,1,1001,crude,4,7,0.06,0.0514783751317789,59373
A_size,homogeneous,2000,1.0,informative,1,1001,crude,5,4,0.4,0.3086429550600936,59373
A_size,homogeneous,2000,1.0,informative,1,1001,crude,5,6,0.08,0.0592808649743674,59373
A_size,homogeneous,2000,1.0,informative,1,1001,crude,5,7,0.04,0.0451299488191958,59373
A_size,homogeneous,2000,1.0,informative,1,1001,crude,6,7,0.5,0.3677179906574596,59373
A_size,homogeneous,2000,1.0,informative,1,1001,crude,6,8,0.1,0.1001444740513932,59373
A_size,homogeneous,2000,1.0,informative,1,1001,crude,7,6,0.15,0.1296558964760238,59373
A_size,homogeneous,2000,1.0,informative,1,1001,crude,7,8,0.12,0.1090141617136718,59373
A_size,homogeneous,2000,1.0,informative,1,1001,crude,8,9,0.35,0.2985933491691965,59373
A_size,homogeneous,2000,1.0,informative,1,1001,crude,8,10,0.08,0.0742168440131528,59373
A_size,homogeneous,2000,1.0,informative,1,1001,crude,9,8,0.08,0.0878221425968129,59373
A_size,homogeneous,2000,1.0,informative,1,1001,crude,9,10,0.1,0.0992772046746581,59373
A_size,homogeneous,2000,1.0,informative,1,1001,crude,10,11,0.05,0.0531932274382825,59373
A_size,homogeneous,2000,1.0,informative,1,1001,oracle,0,1,0.6,0.613916304260504,59373
A_size,homogeneous,2000,1.0,informative,1,1001,oracle,0,2,0.08,0.0834236204001502,59373
A_size,homogeneous,2000,1.0,informative,1,1001,oracle,1,0,0.85,0.8584535030723424,59373
A_size,homogeneous,2000,1.0,informative,1,1001,oracle,1,2,0.05,0.0489670447385293,59373
A_size,homogeneous,2000,1.0,informative,1,1001,oracle,1,3,0.1,0.0929062232762275,59373
A_size,homogeneous,2000,1.0,informative,1,1001,oracle,2,0,0.04,0.0374514976155892,59373
A_size,homogeneous,2000,1.0,informative,1,1001,oracle,2,3,0.45,0.4515415099116662,59373
A_size,homogeneous,2000,1.0,informative,1,1001,oracle,2,4,0.07,0.0675671348734857,59373
A_size,homogeneous,2000,1.0,informative,1,1001,oracle,3,1,0.06,0.056442250484451,59373
A_size,homogeneous,2000,1.0,informative,1,1001,oracle,3,2,0.6,0.6088313821292305,59373
A_size,homogeneous,2000,1.0,informative,1,1001,oracle,3,4,0.05,0.0429763328561809,59373
A_size,homogeneous,2000,1.0,informative,1,1001,oracle,3,5,0.08,0.0779304169125415,59373
A_size,homogeneous,2000,1.0,informative,1,1001,oracle,4,5,0.3,0.2914907491078773,59373
A_size,homogeneous,2000,1.0,informative,1,1001,oracle,4,7,0.06,0.0619852005435632,59373
A_size,homogeneous,2000,1.0,informative,1,1001,oracle,5,4,0.4,0.4119113904735577,59373
A_size,homogeneous,2000,1.0,informative,1,1001,oracle,5,6,0.08,0.075004760653394,59373
A_size,homogeneous,2000,1.0,informative,1,1001,oracle,5,7,0.04,0.0356580009663676,59373
A_size,homogeneous,2000,1.0,informative,1,1001,oracle,6,7,0.5,0.5080255275769924,59373
A_size,homogeneous,2000,1.0,informative,1,1001,oracle,6,8,0.1,0.0916111607106051,59373
A_size,homogeneous,2000,1.0,informative,1,1001,oracle,7,6,0.15,0.1432489056711284,59373
A_size,homogeneous,2000,1.0,informative,1,1001,oracle,7,8,0.12,0.1129462525483897,59373
A_size,homogeneous,2000,1.0,informative,1,1001,oracle,8,9,0.35,0.3566249968021944,59373
A_size,homogeneous,2000,1.0,informative,1,1001,oracle,8,10,0.08,0.0914423068723575,59373
A_size,homogeneous,2000,1.0,informative,1,1001,oracle,9,8,0.08,0.0899722024418698,59373
A_size,homogeneous,2000,1.0,informative,1,1001,oracle,9,10,0.1,0.0948797771205173,59373
A_size,homogeneous,2000,1.0,informative,1,1001,oracle,10,11,0.05,0.0582116884185378,59373
A_size,homogeneous,2000,1.0,informative,1,1001,panel,0,1,0.6,0.8720628478841382,59373
A_size,homogeneous,2000,1.0,informative,1,1001,panel,0,2,0.08,0.0797465261468089,59373
A_size,homogeneous,2000,1.0,informative,1,1001,panel,1,0,0.85,1.0164570429634083,59373
A_size,homogeneous,2000,1.0,informative,1,1001,panel,1,2,0.05,0.0406851173817933,59373
A_size,homogeneous,2000,1.0,informative,1,1001,panel,1,3,0.1,0.1036154489351776,59373
A_size,homogeneous,2000,1.0,informative,1,1001,panel,2,0,0.04,0.0379253685025752,59373
A_size,homogeneous,2000,1.0,informative,1,1001,panel,2,3,0.45,0.5839124709603696,59373
A_size,homogeneous,2000,1.0,informative,1,1001,panel,2,4,0.07,0.0631354293999106,59373
A_size,homogeneous,2000,1.0,informative,1,1001,panel,3,1,0.06,0.0579433182954602,59373
A_size,homogeneous,2000,1.0,informative,1,1001,panel,3,2,0.6,0.6920153151787541,59373
A_size,homogeneous,2000,1.0,informative,1,1001,panel,3,4,0.05,0.0356161711792089,59373
A_size,homogeneous,2000,1.0,informative,1,1001,panel,3,5,0.08,0.084091505050141,59373
A_size,homogeneous,2000,1.0,informative,1,1001,panel,4,5,0.3,0.3380716632652947,59373
A_size,homogeneous,2000,1.0,informative,1,1001,panel,4,7,0.06,0.0560291525538844,59373
A_size,homogeneous,2000,1.0,informative,1,1001,panel,5,4,0.4,0.4380718710075577,59373
A_size,homogeneous,2000,1.0,informative,1,1001,panel,5,6,0.08,0.0775206790487767,59373
A_size,homogeneous,2000,1.0,informative,1,1001,panel,5,7,0.04,0.0392570507909644,59373
A_size,homogeneous,2000,1.0,informative,1,1001,panel,6,7,0.5,0.5599283101609112,59373
A_size,homogeneous,2000,1.0,informative,1,1001,panel,6,8,0.1,0.1112108705632659,59373
A_size,homogeneous,2000,1.0,informative,1,1001,panel,7,6,0.15,0.1804086936126095,59373
A_size,homogeneous,2000,1.0,informative,1,1001,panel,7,8,0.12,0.1104420147115977,59373
A_size,homogeneous,2000,1.0,informative,1,1001,panel,8,9,0.35,0.3634318486992867,59373
A_size,homogeneous,2000,1.0,informative,1,1001,panel,8,10,0.08,0.0718178646550743,59373
A_size,homogeneous,2000,1.0,informative,1,1001,panel,9,8,0.08,0.1150996528833874,59373
A_size,homogeneous,2000,1.0,informative,1,1001,panel,9,10,0.1,0.1050594124212895,59373
A_size,homogeneous,2000,1.0,informative,1,1001,panel,10,11,0.05,0.0560142135799717,59373
A_size,homogeneous,2000,1.0,informative,2,1002,crude,0,1,0.6,0.4898298451196416,59371
A_size,homogeneous,2000,1.0,informative,2,1002,crude,0,2,0.08,0.0622885002624765,59371
A_size,homogeneous,2000,1.0,informative,2,1002,crude,1,0,0.85,0.5211155493480271,59371
A_size,homogeneous,2000,1.0,informative,2,1002,crude,1,2,0.05,0.0496213969208271,59371
A_size,homogeneous,2000,1.0,informative,2,1002,crude,1,3,0.1,0.0677977327892619,59371
A_size,homogeneous,2000,1.0,informative,2,1002,crude,2,0,0.04,0.0258544610833805,59371
A_size,homogeneous,2000,1.0,informative,2,1002,crude,2,3,0.45,0.3898945068734801,59371
A_size,homogeneous,2000,1.0,informative,2,1002,crude,2,4,0.07,0.0620968752806193,59371
A_size,homogeneous,2000,1.0,informative,2,1002,crude,3,1,0.06,0.0441790449303597,59371
A_size,homogeneous,2000,1.0,informative,2,1002,crude,3,2,0.6,0.399237626886012,59371
A_size,homogeneous,2000,1.0,informative,2,1002,crude,3,4,0.05,0.0458052674431337,59371
A_size,homogeneous,2000,1.0,informative,2,1002,crude,3,5,0.08,0.072366901818442,59371
A_size,homogeneous,2000,1.0,informative,2,1002,crude,4,5,0.3,0.2685426705341757,59371
A_size,homogeneous,2000,1.0,informative,2,1002,crude,4,7,0.06,0.057169613404859,59371
A_size,homogeneous,2000,1.0,informative,2,1002,crude,5,4,0.4,0.2972495888140838,59371
A_size,homogeneous,2000,1.0,informative,2,1002,crude,5,6,0.08,0.0710407822322967,59371
A_size,homogeneous,2000,1.0,informative,2,1002,crude,5,7,0.04,0.0422505704855238,59371
A_size,homogeneous,2000,1.0,informative,2,1002,crude,6,7,0.5,0.3819789329880373,59371
A_size,homogeneous,2000,1.0,informative,2,1002,crude,6,8,0.1,0.0948705846636955,59371
A_size,homogeneous,2000,1.0,informative,2,1002,crude,7,6,0.15,0.156232613143499,59371
A_size,homogeneous,2000,1.0,informative,2,1002,crude,7,8,0.12,0.1033048299152932,59371
A_size,homogeneous,2000,1.0,informative,2,1002,crude,8,9,0.35,0.2689753821037084,59371
A_size,homogeneous,2000,1.0,informative,2,1002,crude,8,10,0.08,0.063466101395257,59371
A_size,homogeneous,2000,1.0,informative,2,1002,crude,9,8,0.08,0.0634214151086833,59371
A_size,homogeneous,2000,1.0,informative,2,1002,crude,9,10,0.1,0.0984700918792715,59371
A_size,homogeneous,2000,1.0,informative,2,1002,crude,10,11,0.05,0.0337255091189885,59371
A_size,homogeneous,2000,1.0,informative,2,1002,oracle,0,1,0.6,0.5987926749094211,59371
A_size,homogeneous,2000,1.0,informative,2,1002,oracle,0,2,0.08,0.076694157091321,59371
A_size,homogeneous,2000,1.0,informative,2,1002,oracle,1,0,0.85,0.8487941178917433,59371
A_size,homogeneous,2000,1.0,informative,2,1002,oracle,1,2,0.05,0.0461856378090542,59371
A_size,homogeneous,2000,1.0,informative,2,1002,oracle,1,3,0.1,0.0917327644963243,59371
A_size,homogeneous,2000,1.0,informative,2,1002,oracle,2,0,0.04,0.0366680897275767,59371
A_size,homogeneous,2000,1.0,informative,2,1002,oracle,2,3,0.45,0.4600923437326104,59371
A_size,homogeneous,2000,1.0,informative,2,1002,oracle,2,4,0.07,0.072107081475458,59371
A_size,homogeneous,2000,1.0,informative,2,1002,oracle,3,1,0.06,0.0620588083688698,59371
A_size,homogeneous,2000,1.0,informative,2,1002,oracle,3,2,0.6,0.6061277788260491,59371
A_size,homogeneous,2000,1.0,informative,2,1002,oracle,3,4,0.05,0.0491047852627465,59371
A_size,homogeneous,2000,1.0,informative,2,1002,oracle,3,5,0.08,0.0834480093115385,59371
A_size,homogeneous,2000,1.0,informative,2,1002,oracle,4,5,0.3,0.3037773069853584,59371
A_size,homogeneous,2000,1.0,informative,2,1002,oracle,4,7,0.06,0.0652927545068712,59371
A_size,homogeneous,2000,1.0,informative,2,1002,oracle,5,4,0.4,0.3892421650915356,59371
A_size,homogeneous,2000,1.0,informative,2,1002,oracle,5,6,0.08,0.0818001301258354,59371
A_size,homogeneous,2000,1.0,informative,2,1002,oracle,5,7,0.04,0.0414928196290469,59371
A_size,homogeneous,2000,1.0,informative,2,1002,oracle,6,7,0.5,0.5245261758305274,59371
A_size,homogeneous,2000,1.0,informative,2,1002,oracle,6,8,0.1,0.0950034655203251,59371
A_size,homogeneous,2000,1.0,informative,2,1002,oracle,7,6,0.15,0.1687918411719684,59371
A_size,homogeneous,2000,1.0,informative,2,1002,oracle,7,8,0.12,0.1132469221920554,59371
A_size,homogeneous,2000,1.0,informative,2,1002,oracle,8,9,0.35,0.3497926705128537,59371
A_size,homogeneous,2000,1.0,informative,2,1002,oracle,8,10,0.08,0.0590973918218063,59371
A_size,homogeneous,2000,1.0,informative,2,1002,oracle,9,8,0.08,0.069309055311197,59371
A_size,homogeneous,2000,1.0,informative,2,1002,oracle,9,10,0.1,0.1054075216191121,59371
A_size,homogeneous,2000,1.0,informative,2,1002,oracle,10,11,0.05,0.034202171462478,59371
A_size,homogeneous,2000,1.0,informative,2,1002,panel,0,1,0.6,0.8588203803985841,59371
A_size,homogeneous,2000,1.0,informative,2,1002,panel,0,2,0.08,0.0696568818483205,59371
A_size,homogeneous,2000,1.0,informative,2,1002,panel,1,0,0.85,1.0024046143146266,59371
A_size,homogeneous,2000,1.0,informative,2,1002,panel,1,2,0.05,0.0432033925715244,59371
A_size,homogeneous,2000,1.0,informative,2,1002,panel,1,3,0.1,0.1006283235420421,59371
A_size,homogeneous,2000,1.0,informative,2,1002,panel,2,0,0.04,0.0315090595054621,59371
A_size,homogeneous,2000,1.0,informative,2,1002,panel,2,3,0.45,0.595343050765693,59371
A_size,homogeneous,2000,1.0,informative,2,1002,panel,2,4,0.07,0.0664325754230766,59371
A_size,homogeneous,2000,1.0,informative,2,1002,panel,3,1,0.06,0.0701008789228355,59371
A_size,homogeneous,2000,1.0,informative,2,1002,panel,3,2,0.6,0.6810482769121862,59371
A_size,homogeneous,2000,1.0,informative,2,1002,panel,3,4,0.05,0.042808869013345,59371
A_size,homogeneous,2000,1.0,informative,2,1002,panel,3,5,0.08,0.0922737888545697,59371
A_size,homogeneous,2000,1.0,informative,2,1002,panel,4,5,0.3,0.3470213135104059,59371
A_size,homogeneous,2000,1.0,informative,2,1002,panel,4,7,0.06,0.060403813988351,59371
A_size,homogeneous,2000,1.0,informative,2,1002,panel,5,4,0.4,0.4232000288395384,59371
A_size,homogeneous,2000,1.0,informative,2,1002,panel,5,6,0.08,0.0915153452210649,59371
A_size,homogeneous,2000,1.0,informative,2,1002,panel,5,7,0.04,0.0325171959320418,59371
A_size,homogeneous,2000,1.0,informative,2,1002,panel,6,7,0.5,0.5908752150383435,59371
A_size,homogeneous,2000,1.0,informative,2,1002,panel,6,8,0.1,0.1014541164942613,59371
A_size,homogeneous,2000,1.0,informative,2,1002,panel,7,6,0.15,0.2178601062478148,59371
A_size,homogeneous,2000,1.0,informative,2,1002,panel,7,8,0.12,0.1137795315347166,59371
A_size,homogeneous,2000,1.0,informative,2,1002,panel,8,9,0.35,0.3351572684949997,59371
A_size,homogeneous,2000,1.0,informative,2,1002,panel,8,10,0.08,0.0538763097628739,59371
A_size,homogeneous,2000,1.0,informative,2,1002,panel,9,8,0.08,0.0804015537997438,59371
A_size,homogeneous,2000,1.0,informative,2,1002,panel,9,10,0.1,0.1075448892469387,59371
A_size,homogeneous,2000,1.0,informative,2,1002,panel,10,11,0.05,0.0350798861683288,59371
A_size,homogeneous,2000,1.0,informative,3,1003,crude,0,1,0.6,0.4959992788381024,60819
A_size,homogeneous,2000,1.0,informative,3,1003,crude,0,2,0.08,0.063983739910742,60819
A_size,homogeneous,2000,1.0,informative,3,1003,crude,1,0,0.85,0.5361469077731601,60819
A_size,homogeneous,2000,1.0,informative,3,1003,crude,1,2,0.05,0.0502918372450535,60819
A_size,homogeneous,2000,1.0,informative,3,1003,crude,1,3,0.1,0.0741804599364539,60819
A_size,homogeneous,2000,1.0,informative,3,1003,crude,2,0,0.04,0.0327683578037175,60819
A_size,homogeneous,2000,1.0,informative,3,1003,crude,2,3,0.45,0.3923286376499514,60819
A_size,homogeneous,2000,1.0,informative,3,1003,crude,2,4,0.07,0.0619700916287991,60819
A_size,homogeneous,2000,1.0,informative,3,1003,crude,3,1,0.06,0.0495800430512414,60819
A_size,homogeneous,2000,1.0,informative,3,1003,crude,3,2,0.6,0.4070648662822436,60819
A_size,homogeneous,2000,1.0,informative,3,1003,crude,3,4,0.05,0.0452576803236972,60819
A_size,homogeneous,2000,1.0,informative,3,1003,crude,3,5,0.08,0.0622928746028417,60819
A_size,homogeneous,2000,1.0,informative,3,1003,crude,4,5,0.3,0.2620834198208628,60819
A_size,homogeneous,2000,1.0,informative,3,1003,crude,4,7,0.06,0.0541166845251727,60819
A_size,homogeneous,2000,1.0,informative,3,1003,crude,5,4,0.4,0.3214592430051808,60819
A_size,homogeneous,2000,1.0,informative,3,1003,crude,5,6,0.08,0.0598945287674747,60819
A_size,homogeneous,2000,1.0,informative,3,1003,crude,5,7,0.04,0.0451104362236043,60819
A_size,homogeneous,2000,1.0,informative,3,1003,crude,6,7,0.5,0.3896343047622529,60819
A_size,homogeneous,2000,1.0,informative,3,1003,crude,6,8,0.1,0.1131717897649697,60819
A_size,homogeneous,2000,1.0,informative,3,1003,crude,7,6,0.15,0.1280220245641761,60819
A_size,homogeneous,2000,1.0,informative,3,1003,crude,7,8,0.12,0.1174087997298402,60819
A_size,homogeneous,2000,1.0,informative,3,1003,crude,8,9,0.35,0.2696250293606103,60819
A_size,homogeneous,2000,1.0,informative,3,1003,crude,8,10,0.08,0.1002452032238166,60819
A_size,homogeneous,2000,1.0,informative,3,1003,crude,9,8,0.08,0.0703725145600732,60819
A_size,homogeneous,2000,1.0,informative,3,1003,crude,9,10,0.1,0.1149417737814529,60819
A_size,homogeneous,2000,1.0,informative,3,1003,crude,10,11,0.05,0.0547957215500613,60819
A_size,homogeneous,2000,1.0,informative,3,1003,oracle,0,1,0.6,0.6020521910715684,60819
A_size,homogeneous,2000,1.0,informative,3,1003,oracle,0,2,0.08,0.0830111215363644,60819
A_size,homogeneous,2000,1.0,informative,3,1003,oracle,1,0,0.85,0.8674751463602635,60819
A_size,homogeneous,2000,1.0,informative,3,1003,oracle,1,2,0.05,0.0486021728860589,60819
A_size,homogeneous,2000,1.0,informative,3,1003,oracle,1,3,0.1,0.0963627497048267,60819
A_size,homogeneous,2000,1.0,informative,3,1003,oracle,2,0,0.04,0.0412056722121171,60819
A_size,homogeneous,2000,1.0,informative,3,1003,oracle,2,3,0.45,0.4717750876459788,60819
A_size,homogeneous,2000,1.0,informative,3,1003,oracle,2,4,0.07,0.072856405940265,60819
A_size,homogeneous,2000,1.0,informative,3,1003,oracle,3,1,0.06,0.0665824510772944,60819
A_size,homogeneous,2000,1.0,informative,3,1003,oracle,3,2,0.6,0.6062360146407442,60819
A_size,homogeneous,2000,1.0,informative,3,1003,oracle,3,4,0.05,0.0447613116486013,60819
A_size,homogeneous,2000,1.0,informative,3,1003,oracle,3,5,0.08,0.077493020791641,60819
A_size,homogeneous,2000,1.0,informative,3,1003,oracle,4,5,0.3,0.2900235502979751,60819
A_size,homogeneous,2000,1.0,informative,3,1003,oracle,4,7,0.06,0.0593287859696472,60819
A_size,homogeneous,2000,1.0,informative,3,1003,oracle,5,4,0.4,0.4131089975548955,60819
A_size,homogeneous,2000,1.0,informative,3,1003,oracle,5,6,0.08,0.0709338376289381,60819
A_size,homogeneous,2000,1.0,informative,3,1003,oracle,5,7,0.04,0.0463488143598175,60819
A_size,homogeneous,2000,1.0,informative,3,1003,oracle,6,7,0.5,0.5649560364207094,60819
A_size,homogeneous,2000,1.0,informative,3,1003,oracle,6,8,0.1,0.1101032531043555,60819
A_size,homogeneous,2000,1.0,informative,3,1003,oracle,7,6,0.15,0.142460560401087,60819
A_size,homogeneous,2000,1.0,informative,3,1003,oracle,7,8,0.12,0.1251418256072294,60819
A_size,homogeneous,2000,1.0,informative,3,1003,oracle,8,9,0.35,0.3491368536842411,60819
A_size,homogeneous,2000,1.0,informative,3,1003,oracle,8,10,0.08,0.1002649425965,60819
A_size,homogeneous,2000,1.0,informative,3,1003,oracle,9,8,0.08,0.0860650682189055,60819
A_size,homogeneous,2000,1.0,informative,3,1003,oracle,9,10,0.1,0.1251855537729535,60819
A_size,homogeneous,2000,1.0,informative,3,1003,oracle,10,11,0.05,0.0583350052911424,60819
A_size,homogeneous,2000,1.0,informative,3,1003,panel,0,1,0.6,0.8889696250684217,60819
A_size,homogeneous,2000,1.0,informative,3,1003,panel,0,2,0.08,0.0710416529917411,60819
A_size,homogeneous,2000,1.0,informative,3,1003,panel,1,0,0.85,1.0511677973613205,60819
A_size,homogeneous,2000,1.0,informative,3,1003,panel,1,2,0.05,0.0432870575672665,60819
A_size,homogeneous,2000,1.0,informative,3,1003,panel,1,3,0.1,0.1119642591442856,60819
A_size,homogeneous,2000,1.0,informative,3,1003,panel,2,0,0.04,0.0379622115623875,60819
A_size,homogeneous,2000,1.0,informative,3,1003,panel,2,3,0.45,0.6011739866744924,60819
A_size,homogeneous,2000,1.0,informative,3,1003,panel,2,4,0.07,0.0672135949967411,60819
A_size,homogeneous,2000,1.0,informative,3,1003,panel,3,1,0.06,0.073117003862623,60819
A_size,homogeneous,2000,1.0,informative,3,1003,panel,3,2,0.6,0.6876618087020309,60819
A_size,homogeneous,2000,1.0,informative,3,1003,panel,3,4,0.05,0.0419563040141537,60819
A_size,homogeneous,2000,1.0,informative,3,1003,panel,3,5,0.08,0.0832519890513861,60819
A_size,homogeneous,2000,1.0,informative,3,1003,panel,4,5,0.3,0.3443859645268932,60819
A_size,homogeneous,2000,1.0,informative,3,1003,panel,4,7,0.06,0.0560427847241769,60819
A_size,homogeneous,2000,1.0,informative,3,1003,panel,5,4,0.4,0.4620333293027078,60819
A_size,homogeneous,2000,1.0,informative,3,1003,panel,5,6,0.08,0.0803494398923578,60819
A_size,homogeneous,2000,1.0,informative,3,1003,panel,5,7,0.04,0.037062234441604,60819
A_size,homogeneous,2000,1.0,informative,3,1003,panel,6,7,0.5,0.6212458932931464,60819
A_size,homogeneous,2000,1.0,informative,3,1003,panel,6,8,0.1,0.1274083118898331,60819
A_size,homogeneous,2000,1.0,informative,3,1003,panel,7,6,0.15,0.1816266617980152,60819
A_size,homogeneous,2000,1.0,informative,3,1003,panel,7,8,0.12,0.1225280737962331,60819
A_size,homogeneous,2000,1.0,informative,3,1003,panel,8,9,0.35,0.3196617142514397,60819
A_size,homogeneous,2000,1.0,informative,3,1003,panel,8,10,0.08,0.0913320298853303,60819
A_size,homogeneous,2000,1.0,informative,3,1003,panel,9,8,0.08,0.0910621279890936,60819
A_size,homogeneous,2000,1.0,informative,3,1003,panel,9,10,0.1,0.1284653397665282,60819
A_size,homogeneous,2000,1.0,informative,3,1003,panel,10,11,0.05,0.0596394442787021,60819
A_size,homogeneous,2000,1.0,informative,4,1004,crude,0,1,0.6,0.501657972723115,59507
A_size,homogeneous,2000,1.0,informative,4,1004,crude,0,2,0.08,0.0599995313503657,59507
A_size,homogeneous,2000,1.0,informative,4,1004,crude,1,0,0.85,0.5180807682726127,59507
A_size,homogeneous,2000,1.0,informative,4,1004,crude,1,2,0.05,0.0493921561461972,59507
A_size,homogeneous,2000,1.0,informative,4,1004,crude,1,3,0.1,0.0769515476190754,59507
A_size,homogeneous,2000,1.0,informative,4,1004,crude,2,0,0.04,0.0261780386170012,59507
A_size,homogeneous,2000,1.0,informative,4,1004,crude,2,3,0.45,0.3856586046254646,59507
A_size,homogeneous,2000,1.0,informative,4,1004,crude,2,4,0.07,0.0628740391783333,59507
A_size,homogeneous,2000,1.0,informative,4,1004,crude,3,1,0.06,0.051788948916167,59507
A_size,homogeneous,2000,1.0,informative,4,1004,crude,3,2,0.6,0.3958736409298635,59507
A_size,homogeneous,2000,1.0,informative,4,1004,crude,3,4,0.05,0.0447391443516626,59507
A_size,homogeneous,2000,1.0,informative,4,1004,crude,3,5,0.08,0.0729383626096803,59507
A_size,homogeneous,2000,1.0,informative,4,1004,crude,4,5,0.3,0.2670456883683021,59507
A_size,homogeneous,2000,1.0,informative,4,1004,crude,4,7,0.06,0.0543353076911227,59507
A_size,homogeneous,2000,1.0,informative,4,1004,crude,5,4,0.4,0.3042038728688576,59507
A_size,homogeneous,2000,1.0,informative,4,1004,crude,5,6,0.08,0.0666596864276794,59507
A_size,homogeneous,2000,1.0,informative,4,1004,crude,5,7,0.04,0.041247982761879,59507
A_size,homogeneous,2000,1.0,informative,4,1004,crude,6,7,0.5,0.3792534640460306,59507
A_size,homogeneous,2000,1.0,informative,4,1004,crude,6,8,0.1,0.0755708009538216,59507
A_size,homogeneous,2000,1.0,informative,4,1004,crude,7,6,0.15,0.1204352504596821,59507
A_size,homogeneous,2000,1.0,informative,4,1004,crude,7,8,0.12,0.1191675109811592,59507
A_size,homogeneous,2000,1.0,informative,4,1004,crude,8,9,0.35,0.2551350071800126,59507
A_size,homogeneous,2000,1.0,informative,4,1004,crude,8,10,0.08,0.0694450315401217,59507
A_size,homogeneous,2000,1.0,informative,4,1004,crude,9,8,0.08,0.0686440147138444,59507
A_size,homogeneous,2000,1.0,informative,4,1004,crude,9,10,0.1,0.0875211187601517,59507
A_size,homogeneous,2000,1.0,informative,4,1004,crude,10,11,0.05,0.0408877456473291,59507
A_size,homogeneous,2000,1.0,informative,4,1004,oracle,0,1,0.6,0.6088504764795192,59507
A_size,homogeneous,2000,1.0,informative,4,1004,oracle,0,2,0.08,0.0750055200451078,59507
A_size,homogeneous,2000,1.0,informative,4,1004,oracle,1,0,0.85,0.8452210122684966,59507
A_size,homogeneous,2000,1.0,informative,4,1004,oracle,1,2,0.05,0.0478624163722763,59507
A_size,homogeneous,2000,1.0,informative,4,1004,oracle,1,3,0.1,0.0990689317050611,59507
A_size,homogeneous,2000,1.0,informative,4,1004,oracle,2,0,0.04,0.0344734961066184,59507
A_size,homogeneous,2000,1.0,informative,4,1004,oracle,2,3,0.45,0.4581236892240981,59507
A_size,homogeneous,2000,1.0,informative,4,1004,oracle,2,4,0.07,0.0724774104892158,59507
A_size,homogeneous,2000,1.0,informative,4,1004,oracle,3,1,0.06,0.0713050500845115,59507
A_size,homogeneous,2000,1.0,informative,4,1004,oracle,3,2,0.6,0.5914124742303605,59507
A_size,homogeneous,2000,1.0,informative,4,1004,oracle,3,4,0.05,0.0470373649717155,59507
A_size,homogeneous,2000,1.0,informative,4,1004,oracle,3,5,0.08,0.0919775225880043,59507
A_size,homogeneous,2000,1.0,informative,4,1004,oracle,4,5,0.3,0.3004319059129665,59507
A_size,homogeneous,2000,1.0,informative,4,1004,oracle,4,7,0.06,0.063653152668318,59507
A_size,homogeneous,2000,1.0,informative,4,1004,oracle,5,4,0.4,0.4066890751241669,59507
A_size,homogeneous,2000,1.0,informative,4,1004,oracle,5,6,0.08,0.0789039614864455,59507
A_size,homogeneous,2000,1.0,informative,4,1004,oracle,5,7,0.04,0.0388631452097418,59507
A_size,homogeneous,2000,1.0,informative,4,1004,oracle,6,7,0.5,0.5182663011833523,59507
A_size,homogeneous,2000,1.0,informative,4,1004,oracle,6,8,0.1,0.0921698086652609,59507
A_size,homogeneous,2000,1.0,informative,4,1004,oracle,7,6,0.15,0.1412679733374329,59507
A_size,homogeneous,2000,1.0,informative,4,1004,oracle,7,8,0.12,0.1271953016639722,59507
A_size,homogeneous,2000,1.0,informative,4,1004,oracle,8,9,0.35,0.323693578098388,59507
A_size,homogeneous,2000,1.0,informative,4,1004,oracle,8,10,0.08,0.0739871035653458,59507
A_size,homogeneous,2000,1.0,informative,4,1004,oracle,9,8,0.08,0.0744411821199317,59507
A_size,homogeneous,2000,1.0,informative,4,1004,oracle,9,10,0.1,0.089329418543918,59507
A_size,homogeneous,2000,1.0,informative,4,1004,oracle,10,11,0.05,0.0386394860134337,59507
A_size,homogeneous,2000,1.0,informative,4,1004,panel,0,1,0.6,0.8771731729733502,59507
A_size,homogeneous,2000,1.0,informative,4,1004,panel,0,2,0.08,0.0647781488758723,59507
A_size,homogeneous,2000,1.0,informative,4,1004,panel,1,0,0.85,0.9940061860155132,59507
A_size,homogeneous,2000,1.0,informative,4,1004,panel,1,2,0.05,0.0441788004995158,59507
A_size,homogeneous,2000,1.0,informative,4,1004,panel,1,3,0.1,0.1107070975464958,59507
A_size,homogeneous,2000,1.0,informative,4,1004,panel,2,0,0.04,0.0310973906368208,59507
A_size,homogeneous,2000,1.0,informative,4,1004,panel,2,3,0.45,0.5891103140796099,59507
A_size,homogeneous,2000,1.0,informative,4,1004,panel,2,4,0.07,0.0698391105158359,59507
A_size,homogeneous,2000,1.0,informative,4,1004,panel,3,1,0.06,0.0792904751734778,59507
A_size,homogeneous,2000,1.0,informative,4,1004,panel,3,2,0.6,0.6732231643608717,59507
A_size,homogeneous,2000,1.0,informative,4,1004,panel,3,4,0.05,0.0380877333898816,59507
A_size,homogeneous,2000,1.0,informative,4,1004,panel,3,5,0.08,0.0997117690448979,59507
A_size,homogeneous,2000,1.0,informative,4,1004,panel,4,5,0.3,0.3477547769063868,59507
A_size,homogeneous,2000,1.0,informative,4,1004,panel,4,7,0.06,0.0579999058466598,59507
A_size,homogeneous,2000,1.0,informative,4,1004,panel,5,4,0.4,0.4338013923133995,59507
A_size,homogeneous,2000,1.0,informative,4,1004,panel,5,6,0.08,0.0900744334324162,59507
A_size,homogeneous,2000,1.0,informative,4,1004,panel,5,7,0.04,0.0315158903691719,59507
A_size,homogeneous,2000,1.0,informative,4,1004,panel,6,7,0.5,0.5794708512385169,59507
A_size,homogeneous,2000,1.0,informative,4,1004,panel,6,8,0.1,0.0791564484707277,59507
A_size,homogeneous,2000,1.0,informative,4,1004,panel,7,6,0.15,0.165702035577993,59507
A_size,homogeneous,2000,1.0,informative,4,1004,panel,7,8,0.12,0.1336243798535752,59507
A_size,homogeneous,2000,1.0,informative,4,1004,panel,8,9,0.35,0.315675372555777,59507
A_size,homogeneous,2000,1.0,informative,4,1004,panel,8,10,0.08,0.0669154436354188,59507
A_size,homogeneous,2000,1.0,informative,4,1004,panel,9,8,0.08,0.0873376996794035,59507
A_size,homogeneous,2000,1.0,informative,4,1004,panel,9,10,0.1,0.0921092805485321,59507
A_size,homogeneous,2000,1.0,informative,4,1004,panel,10,11,0.05,0.0417182782905769,59507
A_size,homogeneous,4000,1.0,informative,0,1000,crude,0,1,0.6,0.4933198022088557,119706
A_size,homogeneous,4000,1.0,informative,0,1000,crude,0,2,0.08,0.0616869749105258,119706
A_size,homogeneous,4000,1.0,informative,0,1000,crude,1,0,0.85,0.5316024927273446,119706
A_size,homogeneous,4000,1.0,informative,0,1000,crude,1,2,0.05,0.0509234258924134,119706
A_size,homogeneous,4000,1.0,informative,0,1000,crude,1,3,0.1,0.0804304577179241,119706
A_size,homogeneous,4000,1.0,informative,0,1000,crude,2,0,0.04,0.0298908691919448,119706
A_size,homogeneous,4000,1.0,informative,0,1000,crude,2,3,0.45,0.3752005493876981,119706
A_size,homogeneous,4000,1.0,informative,0,1000,crude,2,4,0.07,0.0560049137567487,119706
A_size,homogeneous,4000,1.0,informative,0,1000,crude,3,1,0.06,0.0434367356787003,119706
A_size,homogeneous,4000,1.0,informative,0,1000,crude,3,2,0.6,0.4011288112241717,119706
A_size,homogeneous,4000,1.0,informative,0,1000,crude,3,4,0.05,0.0482210717824412,119706
A_size,homogeneous,4000,1.0,informative,0,1000,crude,3,5,0.08,0.0654698624722439,119706
A_size,homogeneous,4000,1.0,informative,0,1000,crude,4,5,0.3,0.2698459939525035,119706
A_size,homogeneous,4000,1.0,informative,0,1000,crude,4,7,0.06,0.0525113758904265,119706
A_size,homogeneous,4000,1.0,informative,0,1000,crude,5,4,0.4,0.3074503426382441,119706
A_size,homogeneous,4000,1.0,informative,0,1000,crude,5,6,0.08,0.0631971170927991,119706
A_size,homogeneous,4000,1.0,informative,0,1000,crude,5,7,0.04,0.0397705995497787,119706
A_size,homogeneous,4000,1.0,informative,0,1000,crude,6,7,0.5,0.3539086699428094,119706
A_size,homogeneous,4000,1.0,informative,0,1000,crude,6,8,0.1,0.092264127961744,119706
A_size,homogeneous,4000,1.0,informative,0,1000,crude,7,6,0.15,0.1399249762825035,119706
A_size,homogeneous,4000,1.0,informative,0,1000,crude,7,8,0.12,0.1053591864169919,119706
A_size,homogeneous,4000,1.0,informative,0,1000,crude,8,9,0.35,0.2846942077016445,119706
A_size,homogeneous,4000,1.0,informative,0,1000,crude,8,10,0.08,0.0770145425089555,119706
A_size,homogeneous,4000,1.0,informative,0,1000,crude,9,8,0.08,0.0688957833579747,119706
A_size,homogeneous,4000,1.0,informative,0,1000,crude,9,10,0.1,0.0861197291974684,119706
A_size,homogeneous,4000,1.0,informative,0,1000,crude,10,11,0.05,0.0413212956528373,119706
A_size,homogeneous,4000,1.0,informative,0,1000,oracle,0,1,0.6,0.5977884045865463,119706
A_size,homogeneous,4000,1.0,informative,0,1000,oracle,0,2,0.08,0.0787909289093465,119706
A_size,homogeneous,4000,1.0,informative,0,1000,oracle,1,0,0.85,0.8657535601260657,119706
A_size,homogeneous,4000,1.0,informative,0,1000,oracle,1,2,0.05,0.049755951731383,119706
A_size,homogeneous,4000,1.0,informative,0,1000,oracle,1,3,0.1,0.1056615154745101,119706
A_size,homogeneous,4000,1.0,informative,0,1000,oracle,2,0,0.04,0.0418404129649724,119706
A_size,homogeneous,4000,1.0,informative,0,1000,oracle,2,3,0.45,0.4460091837208667,119706
A_size,homogeneous,4000,1.0,informative,0,1000,oracle,2,4,0.07,0.067617954745691,119706
A_size,homogeneous,4000,1.0,informative,0,1000,oracle,3,1,0.06,0.0604619459808884,119706
A_size,homogeneous,4000,1.0,informative,0,1000,oracle,3,2,0.6,0.5966418419364057,119706
A_size,homogeneous,4000,1.0,informative,0,1000,oracle,3,4,0.05,0.046466125151979,119706
A_size,homogeneous,4000,1.0,informative,0,1000,oracle,3,5,0.08,0.0817355936408306,119706
A_size,homogeneous,4000,1.0,informative,0,1000,oracle,4,5,0.3,0.2995759333274805,119706
A_size,homogeneous,4000,1.0,informative,0,1000,oracle,4,7,0.06,0.0601526312625852,119706
A_size,homogeneous,4000,1.0,informative,0,1000,oracle,5,4,0.4,0.4064018231991738,119706
A_size,homogeneous,4000,1.0,informative,0,1000,oracle,5,6,0.08,0.077677374214904,119706
A_size,homogeneous,4000,1.0,informative,0,1000,oracle,5,7,0.04,0.0360299042493071,119706
A_size,homogeneous,4000,1.0,informative,0,1000,oracle,6,7,0.5,0.4997116468372529,119706
A_size,homogeneous,4000,1.0,informative,0,1000,oracle,6,8,0.1,0.0975592037789569,119706
A_size,homogeneous,4000,1.0,informative,0,1000,oracle,7,6,0.15,0.1535797421394348,119706
A_size,homogeneous,4000,1.0,informative,0,1000,oracle,7,8,0.12,0.1121020015616312,119706
A_size,homogeneous,4000,1.0,informative,0,1000,oracle,8,9,0.35,0.37676827271979,119706
A_size,homogeneous,4000,1.0,informative,0,1000,oracle,8,10,0.08,0.0797538679479847,119706
A_size,homogeneous,4000,1.0,informative,0,1000,oracle,9,8,0.08,0.0772652473847473,119706
A_size,homogeneous,4000,1.0,informative,0,1000,oracle,9,10,0.1,0.0927182968616968,119706
A_size,homogeneous,4000,1.0,informative,0,1000,oracle,10,11,0.05,0.0445680208495063,119706
A_size,homogeneous,4000,1.0,informative,0,1000,panel,0,1,0.6,0.8765042866410917,119706
A_size,homogeneous,4000,1.0,informative,0,1000,panel,0,2,0.08,0.0668748268077182,119706
A_size,homogeneous,4000,1.0,informative,0,1000,panel,1,0,0.85,1.0347055213131522,119706
A_size,homogeneous,4000,1.0,informative,0,1000,panel,1,2,0.05,0.0452833767104498,119706
A_size,homogeneous,4000,1.0,informative,0,1000,panel,1,3,0.1,0.1193700518825996,119706
A_size,homogeneous,4000,1.0,informative,0,1000,panel,2,0,0.04,0.0361617617812608,119706
A_size,homogeneous,4000,1.0,informative,0,1000,panel,2,3,0.45,0.5690329809120509,119706
A_size,homogeneous,4000,1.0,informative,0,1000,panel,2,4,0.07,0.0596668462162638,119706
A_size,homogeneous,4000,1.0,informative,0,1000,panel,3,1,0.06,0.067943196862401,119706
A_size,homogeneous,4000,1.0,informative,0,1000,panel,3,2,0.6,0.6711460197684412,119706
A_size,homogeneous,4000,1.0,informative,0,1000,panel,3,4,0.05,0.0475622859062178,119706
A_size,homogeneous,4000,1.0,informative,0,1000,panel,3,5,0.08,0.0851633428534244,119706
A_size,homogeneous,4000,1.0,informative,0,1000,panel,4,5,0.3,0.350980631941975,119706
A_size,homogeneous,4000,1.0,informative,0,1000,panel,4,7,0.06,0.0568978362903505,119706
A_size,homogeneous,4000,1.0,informative,0,1000,panel,5,4,0.4,0.4408967976105898,119706
A_size,homogeneous,4000,1.0,informative,0,1000,panel,5,6,0.08,0.0846192396590279,119706
A_size,homogeneous,4000,1.0,informative,0,1000,panel,5,7,0.04,0.0312299355995274,119706
A_size,homogeneous,4000,1.0,informative,0,1000,panel,6,7,0.5,0.5363897960082471,119706
A_size,homogeneous,4000,1.0,informative,0,1000,panel,6,8,0.1,0.105941052492994,119706
A_size,homogeneous,4000,1.0,informative,0,1000,panel,7,6,0.15,0.1914849142545844,119706
A_size,homogeneous,4000,1.0,informative,0,1000,panel,7,8,0.12,0.111370971330423,119706
A_size,homogeneous,4000,1.0,informative,0,1000,panel,8,9,0.35,0.3536306004893286,119706
A_size,homogeneous,4000,1.0,informative,0,1000,panel,8,10,0.08,0.0747596020625661,119706
A_size,homogeneous,4000,1.0,informative,0,1000,panel,9,8,0.08,0.0877581507704466,119706
A_size,homogeneous,4000,1.0,informative,0,1000,panel,9,10,0.1,0.0929654290062402,119706
A_size,homogeneous,4000,1.0,informative,0,1000,panel,10,11,0.05,0.0447568916224387,119706
A_size,homogeneous,4000,1.0,informative,1,1001,crude,0,1,0.6,0.4938205611468228,118887
A_size,homogeneous,4000,1.0,informative,1,1001,crude,0,2,0.08,0.065610018365166,118887
A_size,homogeneous,4000,1.0,informative,1,1001,crude,1,0,0.85,0.5311731130274054,118887
A_size,homogeneous,4000,1.0,informative,1,1001,crude,1,2,0.05,0.0526284134726666,118887
A_size,homogeneous,4000,1.0,informative,1,1001,crude,1,3,0.1,0.0737181237895821,118887
A_size,homogeneous,4000,1.0,informative,1,1001,crude,2,0,0.04,0.0300864900942535,118887
A_size,homogeneous,4000,1.0,informative,1,1001,crude,2,3,0.45,0.3832184322224264,118887
A_size,homogeneous,4000,1.0,informative,1,1001,crude,2,4,0.07,0.0588553236880288,118887
A_size,homogeneous,4000,1.0,informative,1,1001,crude,3,1,0.06,0.0442874947732613,118887
A_size,homogeneous,4000,1.0,informative,1,1001,crude,3,2,0.6,0.4125249880791724,118887
A_size,homogeneous,4000,1.0,informative,1,1001,crude,3,4,0.05,0.0458505828240823,118887
A_size,homogeneous,4000,1.0,informative,1,1001,crude,3,5,0.08,0.0659102128096183,118887
A_size,homogeneous,4000,1.0,informative,1,1001,crude,4,5,0.3,0.258396419730569,118887
A_size,homogeneous,4000,1.0,informative,1,1001,crude,4,7,0.06,0.049924029869993,118887
A_size,homogeneous,4000,1.0,informative,1,1001,crude,5,4,0.4,0.307181850259918,118887
A_size,homogeneous,4000,1.0,informative,1,1001,crude,5,6,0.08,0.0636318551113821,118887
A_size,homogeneous,4000,1.0,informative,1,1001,crude,5,7,0.04,0.0429794109085651,118887
A_size,homogeneous,4000,1.0,informative,1,1001,crude,6,7,0.5,0.3541112600581767,118887
A_size,homogeneous,4000,1.0,informative,1,1001,crude,6,8,0.1,0.0913607050950096,118887
A_size,homogeneous,4000,1.0,informative,1,1001,crude,7,6,0.15,0.1337701885490808,118887
A_size,homogeneous,4000,1.0,informative,1,1001,crude,7,8,0.12,0.1143306783904705,118887
A_size,homogeneous,4000,1.0,informative,1,1001,crude,8,9,0.35,0.2817702069488954,118887
A_size,homogeneous,4000,1.0,informative,1,1001,crude,8,10,0.08,0.0747553610272579,118887
A_size,homogeneous,4000,1.0,informative,1,1001,crude,9,8,0.08,0.08054725338181,118887
A_size,homogeneous,4000,1.0,informative,1,1001,crude,9,10,0.1,0.0958895873592977,118887
A_size,homogeneous,4000,1.0,informative,1,1001,crude,10,11,0.05,0.0537233134237291,118887
A_size,homogeneous,4000,1.0,informative,1,1001,oracle,0,1,0.6,0.6071963240477322,118887
A_size,homogeneous,4000,1.0,informative,1,1001,oracle,0,2,0.08,0.0815459432844057,118887
A_size,homogeneous,4000,1.0,informative,1,1001,oracle,1,0,0.85,0.8651438374642433,118887
A_size,homogeneous,4000,1.0,informative,1,1001,oracle,1,2,0.05,0.0493665861295114,118887
A_size,homogeneous,4000,1.0,informative,1,1001,oracle,1,3,0.1,0.0975045920612295,118887
A_size,homogeneous,4000,1.0,informative,1,1001,oracle,2,0,0.04,0.036131685723769,118887
A_size,homogeneous,4000,1.0,informative,1,1001,oracle,2,3,0.45,0.4576029170313014,118887
A_size,homogeneous,4000,1.0,informative,1,1001,oracle,2,4,0.07,0.0712868394009496,118887
A_size,homogeneous,4000,1.0,informative,1,1001,oracle,3,1,0.06,0.0612944825720183,118887
A_size,homogeneous,4000,1.0,informative,1,1001,oracle,3,2,0.6,0.6182936366993456,118887
A_size,homogeneous,4000,1.0,informative,1,1001,oracle,3,4,0.05,0.0465491117645988,118887
A_size,homogeneous,4000,1.0,informative,1,1001,oracle,3,5,0.08,0.0795093523929483,118887
A_size,homogeneous,4000,1.0,informative,1,1001,oracle,4,5,0.3,0.2909593605697471,118887
A_size,homogeneous,4000,1.0,informative,1,1001,oracle,4,7,0.06,0.0595816824165382,118887
A_size,homogeneous,4000,1.0,informative,1,1001,oracle,5,4,0.4,0.4034410458501163,118887
A_size,homogeneous,4000,1.0,informative,1,1001,oracle,5,6,0.08,0.0790633483763243,118887
A_size,homogeneous,4000,1.0,informative,1,1001,oracle,5,7,0.04,0.0358658297145732,118887
A_size,homogeneous,4000,1.0,informative,1,1001,oracle,6,7,0.5,0.4940162726798687,118887
A_size,homogeneous,4000,1.0,informative,1,1001,oracle,6,8,0.1,0.0989543298487199,118887
A_size,homogeneous,4000,1.0,informative,1,1001,oracle,7,6,0.15,0.1476097704786867,118887
A_size,homogeneous,4000,1.0,informative,1,1001,oracle,7,8,0.12,0.1189858225911848,118887
A_size,homogeneous,4000,1.0,informative,1,1001,oracle,8,9,0.35,0.3532386265425704,118887
A_size,homogeneous,4000,1.0,informative,1,1001,oracle,8,10,0.08,0.0904847713311017,118887
A_size,homogeneous,4000,1.0,informative,1,1001,oracle,9,8,0.08,0.0833777045117522,118887
A_size,homogeneous,4000,1.0,informative,1,1001,oracle,9,10,0.1,0.0955200886639491,118887
A_size,homogeneous,4000,1.0,informative,1,1001,oracle,10,11,0.05,0.0548790910996273,118887
A_size,homogeneous,4000,1.0,informative,1,1001,panel,0,1,0.6,0.8702700594675055,118887
A_size,homogeneous,4000,1.0,informative,1,1001,panel,0,2,0.08,0.0725369660202363,118887
A_size,homogeneous,4000,1.0,informative,1,1001,panel,1,0,0.85,1.0214533872414524,118887
A_size,homogeneous,4000,1.0,informative,1,1001,panel,1,2,0.05,0.0468935445214886,118887
A_size,homogeneous,4000,1.0,informative,1,1001,panel,1,3,0.1,0.1082945363016537,118887
A_size,homogeneous,4000,1.0,informative,1,1001,panel,2,0,0.04,0.0351253413524586,118887
A_size,homogeneous,4000,1.0,informative,1,1001,panel,2,3,0.45,0.5901355714591574,118887
A_size,homogeneous,4000,1.0,informative,1,1001,panel,2,4,0.07,0.0652739918331206,118887
A_size,homogeneous,4000,1.0,informative,1,1001,panel,3,1,0.06,0.0648677429124379,118887
A_size,homogeneous,4000,1.0,informative,1,1001,panel,3,2,0.6,0.6976809412212085,118887
A_size,homogeneous,4000,1.0,informative,1,1001,panel,3,4,0.05,0.0406681295036775,118887
A_size,homogeneous,4000,1.0,informative,1,1001,panel,3,5,0.08,0.0875749090331911,118887
A_size,homogeneous,4000,1.0,informative,1,1001,panel,4,5,0.3,0.3375587999130148,118887
A_size,homogeneous,4000,1.0,informative,1,1001,panel,4,7,0.06,0.0535086844287266,118887
A_size,homogeneous,4000,1.0,informative,1,1001,panel,5,4,0.4,0.4355431680449583,118887
A_size,homogeneous,4000,1.0,informative,1,1001,panel,5,6,0.08,0.0819870055529961,118887
A_size,homogeneous,4000,1.0,informative,1,1001,panel,5,7,0.04,0.0373505981847251,118887
A_size,homogeneous,4000,1.0,informative,1,1001,panel,6,7,0.5,0.530797128105466,118887
A_size,homogeneous,4000,1.0,informative,1,1001,panel,6,8,0.1,0.1021992151355214,118887
A_size,homogeneous,4000,1.0,informative,1,1001,panel,7,6,0.15,0.1834756259602571,118887
A_size,homogeneous,4000,1.0,informative,1,1001,panel,7,8,0.12,0.120174353720032,118887
A_size,homogeneous,4000,1.0,informative,1,1001,panel,8,9,0.35,0.3511284794811669,118887
A_size,homogeneous,4000,1.0,informative,1,1001,panel,8,10,0.08,0.0755250070969222,118887
A_size,homogeneous,4000,1.0,informative,1,1001,panel,9,8,0.08,0.1034017917572393,118887
A_size,homogeneous,4000,1.0,informative,1,1001,panel,9,10,0.1,0.100005268851372,118887
A_size,homogeneous,4000,1.0,informative,1,1001,panel,10,11,0.05,0.0552574585656287,118887
A_size,homogeneous,4000,1.0,informative,2,1002,crude,0,1,0.6,0.4978207737268066,120025
A_size,homogeneous,4000,1.0,informative,2,1002,crude,0,2,0.08,0.0627373922615445,120025
A_size,homogeneous,4000,1.0,informative,2,1002,crude,1,0,0.85,0.5179423891016073,120025
A_size,homogeneous,4000,1.0,informative,2,1002,crude,1,2,0.05,0.0523183257658462,120025
A_size,homogeneous,4000,1.0,informative,2,1002,crude,1,3,0.1,0.0699384872932037,120025
A_size,homogeneous,4000,1.0,informative,2,1002,crude,2,0,0.04,0.0305719498109959,120025
A_size,homogeneous,4000,1.0,informative,2,1002,crude,2,3,0.45,0.3835700022755072,120025
A_size,homogeneous,4000,1.0,informative,2,1002,crude,2,4,0.07,0.0595527944273676,120025
A_size,homogeneous,4000,1.0,informative,2,1002,crude,3,1,0.06,0.0437171600347887,120025
A_size,homogeneous,4000,1.0,informative,2,1002,crude,3,2,0.6,0.3925326929629674,120025
A_size,homogeneous,4000,1.0,informative,2,1002,crude,3,4,0.05,0.0472724712424372,120025
A_size,homogeneous,4000,1.0,informative,2,1002,crude,3,5,0.08,0.0672875565595694,120025
A_size,homogeneous,4000,1.0,informative,2,1002,crude,4,5,0.3,0.2713263536560401,120025
A_size,homogeneous,4000,1.0,informative,2,1002,crude,4,7,0.06,0.0571133642257549,120025
A_size,homogeneous,4000,1.0,informative,2,1002,crude,5,4,0.4,0.3004735183571732,120025
A_size,homogeneous,4000,1.0,informative,2,1002,crude,5,6,0.08,0.0695833410932401,120025
A_size,homogeneous,4000,1.0,informative,2,1002,crude,5,7,0.04,0.0427918942552011,120025
A_size,homogeneous,4000,1.0,informative,2,1002,crude,6,7,0.5,0.3739775652693672,120025
A_size,homogeneous,4000,1.0,informative,2,1002,crude,6,8,0.1,0.1006132536003881,120025
A_size,homogeneous,4000,1.0,informative,2,1002,crude,7,6,0.15,0.154862098606175,120025
A_size,homogeneous,4000,1.0,informative,2,1002,crude,7,8,0.12,0.1095366063311969,120025
A_size,homogeneous,4000,1.0,informative,2,1002,crude,8,9,0.35,0.2686560228934282,120025
A_size,homogeneous,4000,1.0,informative,2,1002,crude,8,10,0.08,0.0794616405741125,120025
A_size,homogeneous,4000,1.0,informative,2,1002,crude,9,8,0.08,0.0640964442328887,120025
A_size,homogeneous,4000,1.0,informative,2,1002,crude,9,10,0.1,0.0986747891479998,120025
A_size,homogeneous,4000,1.0,informative,2,1002,crude,10,11,0.05,0.0439931577441761,120025
A_size,homogeneous,4000,1.0,informative,2,1002,oracle,0,1,0.6,0.6052365257936081,120025
A_size,homogeneous,4000,1.0,informative,2,1002,oracle,0,2,0.08,0.0791033974234605,120025
A_size,homogeneous,4000,1.0,informative,2,1002,oracle,1,0,0.85,0.8426586436742567,120025
A_size,homogeneous,4000,1.0,informative,2,1002,oracle,1,2,0.05,0.048381303598196,120025
A_size,homogeneous,4000,1.0,informative,2,1002,oracle,1,3,0.1,0.0936991622087333,120025
A_size,homogeneous,4000,1.0,informative,2,1002,oracle,2,0,0.04,0.0412284769334157,120025
A_size,homogeneous,4000,1.0,informative,2,1002,oracle,2,3,0.45,0.4576664835016515,120025
A_size,homogeneous,4000,1.0,informative,2,1002,oracle,2,4,0.07,0.0716180176705771,120025
A_size,homogeneous,4000,1.0,informative,2,1002,oracle,3,1,0.06,0.059807758313122,120025
A_size,homogeneous,4000,1.0,informative,2,1002,oracle,3,2,0.6,0.5928261702061655,120025
A_size,homogeneous,4000,1.0,informative,2,1002,oracle,3,4,0.05,0.0500342953692703,120025
A_size,homogeneous,4000,1.0,informative,2,1002,oracle,3,5,0.08,0.0800840471070828,120025
A_size,homogeneous,4000,1.0,informative,2,1002,oracle,4,5,0.3,0.3051938907854856,120025
A_size,homogeneous,4000,1.0,informative,2,1002,oracle,4,7,0.06,0.0637738786867629,120025
A_size,homogeneous,4000,1.0,informative,2,1002,oracle,5,4,0.4,0.3963823797754824,120025
A_size,homogeneous,4000,1.0,informative,2,1002,oracle,5,6,0.08,0.0833661354289705,120025
A_size,homogeneous,4000,1.0,informative,2,1002,oracle,5,7,0.04,0.0385371758115052,120025
A_size,homogeneous,4000,1.0,informative,2,1002,oracle,6,7,0.5,0.5200062236951644,120025
A_size,homogeneous,4000,1.0,informative,2,1002,oracle,6,8,0.1,0.1059145396488179,120025
A_size,homogeneous,4000,1.0,informative,2,1002,oracle,7,6,0.15,0.1669307841239113,120025
A_size,homogeneous,4000,1.0,informative,2,1002,oracle,7,8,0.12,0.1176285942703003,120025
A_size,homogeneous,4000,1.0,informative,2,1002,oracle,8,9,0.35,0.356514683483713,120025
A_size,homogeneous,4000,1.0,informative,2,1002,oracle,8,10,0.08,0.0749717678914295,120025
A_size,homogeneous,4000,1.0,informative,2,1002,oracle,9,8,0.08,0.0704632006229524,120025
A_size,homogeneous,4000,1.0,informative,2,1002,oracle,9,10,0.1,0.1104165618009151,120025
A_size,homogeneous,4000,1.0,informative,2,1002,oracle,10,11,0.05,0.0433913798972975,120025
A_size,homogeneous,4000,1.0,informative,2,1002,panel,0,1,0.6,0.8701940685107133,120025
A_size,homogeneous,4000,1.0,informative,2,1002,panel,0,2,0.08,0.0695750286632826,120025
A_size,homogeneous,4000,1.0,informative,2,1002,panel,1,0,0.85,0.9941310330811874,120025
A_size,homogeneous,4000,1.0,informative,2,1002,panel,1,2,0.05,0.0474178148879701,120025
A_size,homogeneous,4000,1.0,informative,2,1002,panel,1,3,0.1,0.1017578202678666,120025
A_size,homogeneous,4000,1.0,informative,2,1002,panel,2,0,0.04,0.0369144658195545,120025
A_size,homogeneous,4000,1.0,informative,2,1002,panel,2,3,0.45,0.5832631625933332,120025
A_size,homogeneous,4000,1.0,informative,2,1002,panel,2,4,0.07,0.0651359532127651,120025
A_size,homogeneous,4000,1.0,informative,2,1002,panel,3,1,0.06,0.0665084884108329,120025
A_size,homogeneous,4000,1.0,informative,2,1002,panel,3,2,0.6,0.6630214891501544,120025
A_size,homogeneous,4000,1.0,informative,2,1002,panel,3,4,0.05,0.0451758195959698,120025
A_size,homogeneous,4000,1.0,informative,2,1002,panel,3,5,0.08,0.087298292371708,120025
A_size,homogeneous,4000,1.0,informative,2,1002,panel,4,5,0.3,0.3516277523477017,120025
A_size,homogeneous,4000,1.0,informative,2,1002,panel,4,7,0.06,0.0605737851167881,120025
A_size,homogeneous,4000,1.0,informative,2,1002,panel,5,4,0.4,0.4282235849023115,120025
A_size,homogeneous,4000,1.0,informative,2,1002,panel,5,6,0.08,0.0889846301771375,120025
A_size,homogeneous,4000,1.0,informative,2,1002,panel,5,7,0.04,0.03361747332492,120025
A_size,homogeneous,4000,1.0,informative,2,1002,panel,6,7,0.5,0.5842868921029156,120025
A_size,homogeneous,4000,1.0,informative,2,1002,panel,6,8,0.1,0.1106402374697481,120025
A_size,homogeneous,4000,1.0,informative,2,1002,panel,7,6,0.15,0.2166264355317889,120025
A_size,homogeneous,4000,1.0,informative,2,1002,panel,7,8,0.12,0.1188683098111242,120025
A_size,homogeneous,4000,1.0,informative,2,1002,panel,8,9,0.35,0.3388511072246666,120025
A_size,homogeneous,4000,1.0,informative,2,1002,panel,8,10,0.08,0.0735027071269334,120025
A_size,homogeneous,4000,1.0,informative,2,1002,panel,9,8,0.08,0.0818105352193201,120025
A_size,homogeneous,4000,1.0,informative,2,1002,panel,9,10,0.1,0.1059337443525749,120025
A_size,homogeneous,4000,1.0,informative,2,1002,panel,10,11,0.05,0.0435774410673521,120025
A_size,homogeneous,4000,1.0,informative,3,1003,crude,0,1,0.6,0.4977772003161655,121274
A_size,homogeneous,4000,1.0,informative,3,1003,crude,0,2,0.08,0.0627535999031995,121274
A_size,homogeneous,4000,1.0,informative,3,1003,crude,1,0,0.85,0.5249125759455326,121274
A_size,homogeneous,4000,1.0,informative,3,1003,crude,1,2,0.05,0.0509606377333055,121274
A_size,homogeneous,4000,1.0,informative,3,1003,crude,1,3,0.1,0.0762608836751057,121274
A_size,homogeneous,4000,1.0,informative,3,1003,crude,2,0,0.04,0.0321890667607967,121274
A_size,homogeneous,4000,1.0,informative,3,1003,crude,2,3,0.45,0.3861585645995584,121274
A_size,homogeneous,4000,1.0,informative,3,1003,crude,2,4,0.07,0.0607403280315034,121274
A_size,homogeneous,4000,1.0,informative,3,1003,crude,3,1,0.06,0.0507639653159773,121274
A_size,homogeneous,4000,1.0,informative,3,1003,crude,3,2,0.6,0.405730992787949,121274
A_size,homogeneous,4000,1.0,informative,3,1003,crude,3,4,0.05,0.0475912174837287,121274
A_size,homogeneous,4000,1.0,informative,3,1003,crude,3,5,0.08,0.0652316954310309,121274
A_size,homogeneous,4000,1.0,informative,3,1003,crude,4,5,0.3,0.2659738431504308,121274
A_size,homogeneous,4000,1.0,informative,3,1003,crude,4,7,0.06,0.053341310692428,121274
A_size,homogeneous,4000,1.0,informative,3,1003,crude,5,4,0.4,0.3104739084599124,121274
A_size,homogeneous,4000,1.0,informative,3,1003,crude,5,6,0.08,0.0634804915367372,121274
A_size,homogeneous,4000,1.0,informative,3,1003,crude,5,7,0.04,0.041384037255513,121274
A_size,homogeneous,4000,1.0,informative,3,1003,crude,6,7,0.5,0.3699633363465746,121274
A_size,homogeneous,4000,1.0,informative,3,1003,crude,6,8,0.1,0.0996606661863834,121274
A_size,homogeneous,4000,1.0,informative,3,1003,crude,7,6,0.15,0.1336703852350122,121274
A_size,homogeneous,4000,1.0,informative,3,1003,crude,7,8,0.12,0.117467914297435,121274
A_size,homogeneous,4000,1.0,informative,3,1003,crude,8,9,0.35,0.26098794576471,121274
A_size,homogeneous,4000,1.0,informative,3,1003,crude,8,10,0.08,0.0930912418014252,121274
A_size,homogeneous,4000,1.0,informative,3,1003,crude,9,8,0.08,0.0743352673415541,121274
A_size,homogeneous,4000,1.0,informative,3,1003,crude,9,10,0.1,0.1057445352323516,121274
A_size,homogeneous,4000,1.0,informative,3,1003,crude,10,11,0.05,0.0458347948479143,121274
A_size,homogeneous,4000,1.0,informative,3,1003,oracle,0,1,0.6,0.6064473624898175,121274
A_size,homogeneous,4000,1.0,informative,3,1003,oracle,0,2,0.08,0.0813517763618187,121274
A_size,homogeneous,4000,1.0,informative,3,1003,oracle,1,0,0.85,0.8470277217582064,121274
A_size,homogeneous,4000,1.0,informative,3,1003,oracle,1,2,0.05,0.0507692157685414,121274
A_size,homogeneous,4000,1.0,informative,3,1003,oracle,1,3,0.1,0.0977622088766128,121274
A_size,homogeneous,4000,1.0,informative,3,1003,oracle,2,0,0.04,0.0408156837629176,121274
A_size,homogeneous,4000,1.0,informative,3,1003,oracle,2,3,0.45,0.4625123395634466,121274
A_size,homogeneous,4000,1.0,informative,3,1003,oracle,2,4,0.07,0.071623675833966,121274
A_size,homogeneous,4000,1.0,informative,3,1003,oracle,3,1,0.06,0.0679848801290352,121274
A_size,homogeneous,4000,1.0,informative,3,1003,oracle,3,2,0.6,0.6049669043366325,121274
A_size,homogeneous,4000,1.0,informative,3,1003,oracle,3,4,0.05,0.0489828949998017,121274
A_size,homogeneous,4000,1.0,informative,3,1003,oracle,3,5,0.08,0.0792453157611735,121274
A_size,homogeneous,4000,1.0,informative,3,1003,oracle,4,5,0.3,0.2945975915008887,121274
A_size,homogeneous,4000,1.0,informative,3,1003,oracle,4,7,0.06,0.0597051118775134,121274
A_size,homogeneous,4000,1.0,informative,3,1003,oracle,5,4,0.4,0.4000466517500908,121274
A_size,homogeneous,4000,1.0,informative,3,1003,oracle,5,6,0.08,0.0756898568442469,121274
A_size,homogeneous,4000,1.0,informative,3,1003,oracle,5,7,0.04,0.0408170432196724,121274
A_size,homogeneous,4000,1.0,informative,3,1003,oracle,6,7,0.5,0.5122522288899694,121274
A_size,homogeneous,4000,1.0,informative,3,1003,oracle,6,8,0.1,0.1040266064822707,121274
A_size,homogeneous,4000,1.0,informative,3,1003,oracle,7,6,0.15,0.1458744883628901,121274
A_size,homogeneous,4000,1.0,informative,3,1003,oracle,7,8,0.12,0.1254407078918238,121274
A_size,homogeneous,4000,1.0,informative,3,1003,oracle,8,9,0.35,0.3473794935973892,121274
A_size,homogeneous,4000,1.0,informative,3,1003,oracle,8,10,0.08,0.0946609120052885,121274
A_size,homogeneous,4000,1.0,informative,3,1003,oracle,9,8,0.08,0.0820470538573788,121274
A_size,homogeneous,4000,1.0,informative,3,1003,oracle,9,10,0.1,0.1203951333776755,121274
A_size,homogeneous,4000,1.0,informative,3,1003,oracle,10,11,0.05,0.047251565835617,121274
A_size,homogeneous,4000,1.0,informative,3,1003,panel,0,1,0.6,0.8804971953652029,121274
A_size,homogeneous,4000,1.0,informative,3,1003,panel,0,2,0.08,0.0693682638180994,121274
A_size,homogeneous,4000,1.0,informative,3,1003,panel,1,0,0.85,1.0192049545755923,121274
A_size,homogeneous,4000,1.0,informative,3,1003,panel,1,2,0.05,0.044007012238862,121274
A_size,homogeneous,4000,1.0,informative,3,1003,panel,1,3,0.1,0.1143437078079407,121274
A_size,homogeneous,4000,1.0,informative,3,1003,panel,2,0,0.04,0.0369747526527925,121274
A_size,homogeneous,4000,1.0,informative,3,1003,panel,2,3,0.45,0.5921968469276258,121274
A_size,homogeneous,4000,1.0,informative,3,1003,panel,2,4,0.07,0.0660226332314045,121274
A_size,homogeneous,4000,1.0,informative,3,1003,panel,3,1,0.06,0.0740960624620378,121274
A_size,homogeneous,4000,1.0,informative,3,1003,panel,3,2,0.6,0.687116618050204,121274
A_size,homogeneous,4000,1.0,informative,3,1003,panel,3,4,0.05,0.045116339534696,121274
A_size,homogeneous,4000,1.0,informative,3,1003,panel,3,5,0.08,0.0853249828196255,121274
A_size,homogeneous,4000,1.0,informative,3,1003,panel,4,5,0.3,0.3464688934646163,121274
A_size,homogeneous,4000,1.0,informative,3,1003,panel,4,7,0.06,0.0565725791632426,121274
A_size,homogeneous,4000,1.0,informative,3,1003,panel,5,4,0.4,0.4438547452793605,121274
A_size,homogeneous,4000,1.0,informative,3,1003,panel,5,6,0.08,0.0840586729650607,121274
A_size,homogeneous,4000,1.0,informative,3,1003,panel,5,7,0.04,0.0331216213242062,121274
A_size,homogeneous,4000,1.0,informative,3,1003,panel,6,7,0.5,0.5712649117804712,121274
A_size,homogeneous,4000,1.0,informative,3,1003,panel,6,8,0.1,0.1099125316470369,121274
A_size,homogeneous,4000,1.0,informative,3,1003,panel,7,6,0.15,0.1858936949402929,121274
A_size,homogeneous,4000,1.0,informative,3,1003,panel,7,8,0.12,0.1250763635177356,121274
A_size,homogeneous,4000,1.0,informative,3,1003,panel,8,9,0.35,0.3201493328867919,121274
A_size,homogeneous,4000,1.0,informative,3,1003,panel,8,10,0.08,0.0856839843926429,121274
A_size,homogeneous,4000,1.0,informative,3,1003,panel,9,8,0.08,0.0959963084239132,121274
A_size,homogeneous,4000,1.0,informative,3,1003,panel,9,10,0.1,0.1147245534151102,121274
A_size,homogeneous,4000,1.0,informative,3,1003,panel,10,11,0.05,0.0482789516901572,121274
A_size,homogeneous,4000,1.0,informative,4,1004,crude,0,1,0.6,0.4960353478938278,119708
A_size,homogeneous,4000,1.0,informative,4,1004,crude,0,2,0.08,0.062497367544867,119708
A_size,homogeneous,4000,1.0,informative,4,1004,crude,1,0,0.85,0.5204434821121781,119708
A_size,homogeneous,4000,1.0,informative,4,1004,crude,1,2,0.05,0.0490115870251322,119708
A_size,homogeneous,4000,1.0,informative,4,1004,crude,1,3,0.1,0.0742845969091783,119708
A_size,homogeneous,4000,1.0,informative,4,1004,crude,2,0,0.04,0.0294006415625514,119708
A_size,homogeneous,4000,1.0,informative,4,1004,crude,2,3,0.45,0.375674864410379,119708
A_size,homogeneous,4000,1.0,informative,4,1004,crude,2,4,0.07,0.0595898060788877,119708
A_size,homogeneous,4000,1.0,informative,4,1004,crude,3,1,0.06,0.0472955127501218,119708
A_size,homogeneous,4000,1.0,informative,4,1004,crude,3,2,0.6,0.3974412836144692,119708
A_size,homogeneous,4000,1.0,informative,4,1004,crude,3,4,0.05,0.044115982481206,119708
A_size,homogeneous,4000,1.0,informative,4,1004,crude,3,5,0.08,0.0715394310506044,119708
A_size,homogeneous,4000,1.0,informative,4,1004,crude,4,5,0.3,0.2653863766157978,119708
A_size,homogeneous,4000,1.0,informative,4,1004,crude,4,7,0.06,0.0520484113773286,119708
A_size,homogeneous,4000,1.0,informative,4,1004,crude,5,4,0.4,0.3046616095183431,119708
A_size,homogeneous,4000,1.0,informative,4,1004,crude,5,6,0.08,0.0638567772076721,119708
A_size,homogeneous,4000,1.0,informative,4,1004,crude,5,7,0.04,0.0416457242658731,119708
A_size,homogeneous,4000,1.0,informative,4,1004,crude,6,7,0.5,0.3576591062174608,119708
A_size,homogeneous,4000,1.0,informative,4,1004,crude,6,8,0.1,0.0988362142429961,119708
A_size,homogeneous,4000,1.0,informative,4,1004,crude,7,6,0.15,0.1329016641255981,119708
A_size,homogeneous,4000,1.0,informative,4,1004,crude,7,8,0.12,0.1184033007664419,119708
A_size,homogeneous,4000,1.0,informative,4,1004,crude,8,9,0.35,0.2819637157051728,119708
A_size,homogeneous,4000,1.0,informative,4,1004,crude,8,10,0.08,0.0673227972891564,119708
A_size,homogeneous,4000,1.0,informative,4,1004,crude,9,8,0.08,0.0703801680751534,119708
A_size,homogeneous,4000,1.0,informative,4,1004,crude,9,10,0.1,0.1014571254070393,119708
A_size,homogeneous,4000,1.0,informative,4,1004,crude,10,11,0.05,0.0475475359191917,119708
A_size,homogeneous,4000,1.0,informative,4,1004,oracle,0,1,0.6,0.60363318888882,119708
A_size,homogeneous,4000,1.0,informative,4,1004,oracle,0,2,0.08,0.0770692017357111,119708
A_size,homogeneous,4000,1.0,informative,4,1004,oracle,1,0,0.85,0.8481499935332928,119708
A_size,homogeneous,4000,1.0,informative,4,1004,oracle,1,2,0.05,0.0480741326353239,119708
A_size,homogeneous,4000,1.0,informative,4,1004,oracle,1,3,0.1,0.097624225483136,119708
A_size,homogeneous,4000,1.0,informative,4,1004,oracle,2,0,0.04,0.0375572652103338,119708
A_size,homogeneous,4000,1.0,informative,4,1004,oracle,2,3,0.45,0.4478754086579915,119708
A_size,homogeneous,4000,1.0,informative,4,1004,oracle,2,4,0.07,0.069490982688639,119708
A_size,homogeneous,4000,1.0,informative,4,1004,oracle,3,1,0.06,0.0664743665383448,119708
A_size,homogeneous,4000,1.0,informative,4,1004,oracle,3,2,0.6,0.5919732685342032,119708
A_size,homogeneous,4000,1.0,informative,4,1004,oracle,3,4,0.05,0.0458292438909734,119708
A_size,homogeneous,4000,1.0,informative,4,1004,oracle,3,5,0.08,0.0860945540188255,119708
A_size,homogeneous,4000,1.0,informative,4,1004,oracle,4,5,0.3,0.3012475519295119,119708
A_size,homogeneous,4000,1.0,informative,4,1004,oracle,4,7,0.06,0.0593060057489866,119708
A_size,homogeneous,4000,1.0,informative,4,1004,oracle,5,4,0.4,0.4050177043348977,119708
A_size,homogeneous,4000,1.0,informative,4,1004,oracle,5,6,0.08,0.0770713301452815,119708
A_size,homogeneous,4000,1.0,informative,4,1004,oracle,5,7,0.04,0.0391254966808954,119708
A_size,homogeneous,4000,1.0,informative,4,1004,oracle,6,7,0.5,0.4884996373405048,119708
A_size,homogeneous,4000,1.0,informative,4,1004,oracle,6,8,0.1,0.1082994479009609,119708
A_size,homogeneous,4000,1.0,informative,4,1004,oracle,7,6,0.15,0.1473340199804523,119708
A_size,homogeneous,4000,1.0,informative,4,1004,oracle,7,8,0.12,0.1256586373193122,119708
A_size,homogeneous,4000,1.0,informative,4,1004,oracle,8,9,0.35,0.3574428655197288,119708
A_size,homogeneous,4000,1.0,informative,4,1004,oracle,8,10,0.08,0.0701677680581453,119708
A_size,homogeneous,4000,1.0,informative,4,1004,oracle,9,8,0.08,0.0765623055344951,119708
A_size,homogeneous,4000,1.0,informative,4,1004,oracle,9,10,0.1,0.1015622420355547,119708
A_size,homogeneous,4000,1.0,informative,4,1004,oracle,10,11,0.05,0.0446322237317134,119708
A_size,homogeneous,4000,1.0,informative,4,1004,panel,0,1,0.6,0.8648869368098338,119708
A_size,homogeneous,4000,1.0,informative,4,1004,panel,0,2,0.08,0.0691612140776481,119708
A_size,homogeneous,4000,1.0,informative,4,1004,panel,1,0,0.85,0.9979079775881208,119708
A_size,homogeneous,4000,1.0,informative,4,1004,panel,1,2,0.05,0.0431331656985496,119708
A_size,homogeneous,4000,1.0,informative,4,1004,panel,1,3,0.1,0.1079786549394315,119708
A_size,homogeneous,4000,1.0,informative,4,1004,panel,2,0,0.04,0.035331638061544,119708
A_size,homogeneous,4000,1.0,informative,4,1004,panel,2,3,0.45,0.5677259091177068,119708
A_size,homogeneous,4000,1.0,informative,4,1004,panel,2,4,0.07,0.0654493839122454,119708
A_size,homogeneous,4000,1.0,informative,4,1004,panel,3,1,0.06,0.0720833147841032,119708
A_size,homogeneous,4000,1.0,informative,4,1004,panel,3,2,0.6,0.6672386519626174,119708
A_size,homogeneous,4000,1.0,informative,4,1004,panel,3,4,0.05,0.0385925212429156,119708
A_size,homogeneous,4000,1.0,informative,4,1004,panel,3,5,0.08,0.0940787524983652,119708
A_size,homogeneous,4000,1.0,informative,4,1004,panel,4,5,0.3,0.3451874081728062,119708
A_size,homogeneous,4000,1.0,informative,4,1004,panel,4,7,0.06,0.0552801293381425,119708
A_size,homogeneous,4000,1.0,informative,4,1004,panel,5,4,0.4,0.4330408587764301,119708
A_size,homogeneous,4000,1.0,informative,4,1004,panel,5,6,0.08,0.0852517170801509,119708
A_size,homogeneous,4000,1.0,informative,4,1004,panel,5,7,0.04,0.033101445482346,119708
A_size,homogeneous,4000,1.0,informative,4,1004,panel,6,7,0.5,0.5480482444303209,119708
A_size,homogeneous,4000,1.0,informative,4,1004,panel,6,8,0.1,0.1095590878669305,119708
A_size,homogeneous,4000,1.0,informative,4,1004,panel,7,6,0.15,0.1833505901266737,119708
A_size,homogeneous,4000,1.0,informative,4,1004,panel,7,8,0.12,0.1264069177433106,119708
A_size,homogeneous,4000,1.0,informative,4,1004,panel,8,9,0.35,0.3462860440362882,119708
A_size,homogeneous,4000,1.0,informative,4,1004,panel,8,10,0.08,0.0611707525633994,119708
A_size,homogeneous,4000,1.0,informative,4,1004,panel,9,8,0.08,0.090726552311699,119708
A_size,homogeneous,4000,1.0,informative,4,1004,panel,9,10,0.1,0.1073760175160022,119708
A_size,homogeneous,4000,1.0,informative,4,1004,panel,10,11,0.05,0.0471840303429617,119708
B_visits,homogeneous,1000,0.5,non-informative,0,1000,crude,0,1,0.6,0.450235598569464,50440
B_visits,homogeneous,1000,0.5,non-informative,0,1000,crude,0,2,0.08,0.0647951702043478,50440
B_visits,homogeneous,1000,0.5,non-informative,0,1000,crude,1,0,0.85,0.6511219102522837,50440
B_visits,homogeneous,1000,0.5,non-informative,0,1000,crude,1,2,0.05,0.0633271309579571,50440
B_visits,homogeneous,1000,0.5,non-informative,0,1000,crude,1,3,0.1,0.0692773311821946,50440
B_visits,homogeneous,1000,0.5,non-informative,0,1000,crude,2,0,0.04,0.0309722445029587,50440
B_visits,homogeneous,1000,0.5,non-informative,0,1000,crude,2,3,0.45,0.3421873278218459,50440
B_visits,homogeneous,1000,0.5,non-informative,0,1000,crude,2,4,0.07,0.0563470954210455,50440
B_visits,homogeneous,1000,0.5,non-informative,0,1000,crude,3,1,0.06,0.0493756302828949,50440
B_visits,homogeneous,1000,0.5,non-informative,0,1000,crude,3,2,0.6,0.4866176574868445,50440
B_visits,homogeneous,1000,0.5,non-informative,0,1000,crude,3,4,0.05,0.0493756302828949,50440
B_visits,homogeneous,1000,0.5,non-informative,0,1000,crude,3,5,0.08,0.0582989369605266,50440
B_visits,homogeneous,1000,0.5,non-informative,0,1000,crude,4,5,0.3,0.2632585368334175,50440
B_visits,homogeneous,1000,0.5,non-informative,0,1000,crude,4,7,0.06,0.0482022673075271,50440
B_visits,homogeneous,1000,0.5,non-informative,0,1000,crude,5,4,0.4,0.3564225307813051,50440
B_visits,homogeneous,1000,0.5,non-informative,0,1000,crude,5,6,0.08,0.0554956133453347,50440
B_visits,homogeneous,1000,0.5,non-informative,0,1000,crude,5,7,0.04,0.0484609581325458,50440
B_visits,homogeneous,1000,0.5,non-informative,0,1000,crude,6,7,0.5,0.4630911229548095,50440
B_visits,homogeneous,1000,0.5,non-informative,0,1000,crude,6,8,0.1,0.0960485292054419,50440
B_visits,homogeneous,1000,0.5,non-informative,0,1000,crude,7,6,0.15,0.1360660454117807,50440
B_visits,homogeneous,1000,0.5,non-informative,0,1000,crude,7,8,0.12,0.0994328793393782,50440
B_visits,homogeneous,1000,0.5,non-informative,0,1000,crude,8,9,0.35,0.3467733781659777,50440
B_visits,homogeneous,1000,0.5,non-informative,0,1000,crude,8,10,0.08,0.0584918951123335,50440
B_visits,homogeneous,1000,0.5,non-informative,0,1000,crude,9,8,0.08,0.0521498107613741,50440
B_visits,homogeneous,1000,0.5,non-informative,0,1000,crude,9,10,0.1,0.1075589846953342,50440
B_visits,homogeneous,1000,0.5,non-informative,0,1000,crude,10,11,0.05,0.0177162512058123,50440
B_visits,homogeneous,1000,0.5,non-informative,0,1000,oracle,0,1,0.6,0.5962375673881459,50440
B_visits,homogeneous,1000,0.5,non-informative,0,1000,oracle,0,2,0.08,0.0756646659122012,50440
B_visits,homogeneous,1000,0.5,non-informative,0,1000,oracle,1,0,0.85,0.8629364842989518,50440
B_visits,homogeneous,1000,0.5,non-informative,0,1000,oracle,1,2,0.05,0.0560628400594021,50440
B_visits,homogeneous,1000,0.5,non-informative,0,1000,oracle,1,3,0.1,0.0948755754851421,50440
B_visits,homogeneous,1000,0.5,non-informative,0,1000,oracle,2,0,0.04,0.0389143419254061,50440
B_visits,homogeneous,1000,0.5,non-informative,0,1000,oracle,2,3,0.45,0.4469590129718073,50440
B_visits,homogeneous,1000,0.5,non-informative,0,1000,oracle,2,4,0.07,0.0652278493225854,50440
B_visits,homogeneous,1000,0.5,non-informative,0,1000,oracle,3,1,0.06,0.0632486693730428,50440
B_visits,homogeneous,1000,0.5,non-informative,0,1000,oracle,3,2,0.6,0.631326167686886,50440
B_visits,homogeneous,1000,0.5,non-informative,0,1000,oracle,3,4,0.05,0.0429394636110565,50440
B_visits,homogeneous,1000,0.5,non-informative,0,1000,oracle,3,5,0.08,0.0777552449173186,50440
B_visits,homogeneous,1000,0.5,non-informative,0,1000,oracle,4,5,0.3,0.3132643010964996,50440
B_visits,homogeneous,1000,0.5,non-informative,0,1000,oracle,4,7,0.06,0.0531568748153862,50440
B_visits,homogeneous,1000,0.5,non-informative,0,1000,oracle,5,4,0.4,0.4267749050172332,50440
B_visits,homogeneous,1000,0.5,non-informative,0,1000,oracle,5,6,0.08,0.0773142943871799,50440
B_visits,homogeneous,1000,0.5,non-informative,0,1000,oracle,5,7,0.04,0.0394302901374617,50440
B_visits,homogeneous,1000,0.5,non-informative,0,1000,oracle,6,7,0.5,0.5696371336670691,50440
B_visits,homogeneous,1000,0.5,non-informative,0,1000,oracle,6,8,0.1,0.1258500644148176,50440
B_visits,homogeneous,1000,0.5,non-informative,0,1000,oracle,7,6,0.15,0.173500045677016,50440
B_visits,homogeneous,1000,0.5,non-informative,0,1000,oracle,7,8,0.12,0.1140143157306105,50440
B_visits,homogeneous,1000,0.5,non-informative,0,1000,oracle,8,9,0.35,0.4139832923281493,50440
B_visits,homogeneous,1000,0.5,non-informative,0,1000,oracle,8,10,0.08,0.0676703458613321,50440
B_visits,homogeneous,1000,0.5,non-informative,0,1000,oracle,9,8,0.08,0.0640393423947926,50440
B_visits,homogeneous,1000,0.5,non-informative,0,1000,oracle,9,10,0.1,0.1006332523346741,50440
B_visits,homogeneous,1000,0.5,non-informative,0,1000,oracle,10,11,0.05,0.0160869653272065,50440
B_visits,homogeneous,1000,0.5,non-informative,0,1000,panel,0,1,0.6,0.611932464732075,50440
B_visits,homogeneous,1000,0.5,non-informative,0,1000,panel,0,2,0.08,0.0725591585655402,50440
B_visits,homogeneous,1000,0.5,non-informative,0,1000,panel,1,0,0.85,0.8839410012441928,50440
B_visits,homogeneous,1000,0.5,non-informative,0,1000,panel,1,2,0.05,0.0639588816562211,50440
B_visits,homogeneous,1000,0.5,non-informative,0,1000,panel,1,3,0.1,0.0884754329969843,50440
B_visits,homogeneous,1000,0.5,non-informative,0,1000,panel,2,0,0.04,0.0372920877608309,50440
B_visits,homogeneous,1000,0.5,non-informative,0,1000,panel,2,3,0.45,0.4399993161033493,50440
B_visits,homogeneous,1000,0.5,non-informative,0,1000,panel,2,4,0.07,0.0645940835715605,50440
B_visits,homogeneous,1000,0.5,non-informative,0,1000,panel,3,1,0.06,0.0658513433827025,50440
B_visits,homogeneous,1000,0.5,non-informative,0,1000,panel,3,2,0.6,0.6180773726512435,50440
B_visits,homogeneous,1000,0.5,non-informative,0,1000,panel,3,4,0.05,0.0470747967777068,50440
B_visits,homogeneous,1000,0.5,non-informative,0,1000,panel,3,5,0.08,0.075358351190114,50440
B_visits,homogeneous,1000,0.5,non-informative,0,1000,panel,4,5,0.3,0.3169009933470937,50440
B_visits,homogeneous,1000,0.5,non-informative,0,1000,panel,4,7,0.06,0.0522649040596833,50440
B_visits,homogeneous,1000,0.5,non-informative,0,1000,panel,5,4,0.4,0.4230955467695221,50440
B_visits,homogeneous,1000,0.5,non-informative,0,1000,panel,5,6,0.08,0.0749531223450493,50440
B_visits,homogeneous,1000,0.5,non-informative,0,1000,panel,5,7,0.04,0.0446421377095179,50440
B_visits,homogeneous,1000,0.5,non-informative,0,1000,panel,6,7,0.5,0.5793178192414955,50440
B_visits,homogeneous,1000,0.5,non-informative,0,1000,panel,6,8,0.1,0.1116592140388411,50440
B_visits,homogeneous,1000,0.5,non-informative,0,1000,panel,7,6,0.15,0.1739232446483655,50440
B_visits,homogeneous,1000,0.5,non-informative,0,1000,panel,7,8,0.12,0.1220139861941644,50440
B_visits,homogeneous,1000,0.5,non-informative,0,1000,panel,8,9,0.35,0.4197538900200169,50440
B_visits,homogeneous,1000,0.5,non-informative,0,1000,panel,8,10,0.08,0.0549805295098158,50440
B_visits,homogeneous,1000,0.5,non-informative,0,1000,panel,9,8,0.08,0.0607557085586655,50440
B_visits,homogeneous,1000,0.5,non-informative,0,1000,panel,9,10,0.1,0.1114458654189235,50440
B_visits,homogeneous,1000,0.5,non-informative,0,1000,panel,10,11,0.05,0.0173432601343382,50440
B_visits,homogeneous,1000,0.5,non-informative,1,1001,crude,0,1,0.6,0.4620769298630997,49978
B_visits,homogeneous,1000,0.5,non-informative,1,1001,crude,0,2,0.08,0.0639845258856806,49978
B_visits,homogeneous,1000,0.5,non-informative,1,1001,crude,1,0,0.85,0.6403728770662468,49978
B_visits,homogeneous,1000,0.5,non-informative,1,1001,crude,1,2,0.05,0.0632729168984554,49978
B_visits,homogeneous,1000,0.5,non-informative,1,1001,crude,1,3,0.1,0.0751631294699772,49978
B_visits,homogeneous,1000,0.5,non-informative,1,1001,crude,2,0,0.04,0.0343729965738919,49978
B_visits,homogeneous,1000,0.5,non-informative,1,1001,crude,2,3,0.45,0.3453287097656125,49978
B_visits,homogeneous,1000,0.5,non-informative,1,1001,crude,2,4,0.07,0.0667475631144181,49978
B_visits,homogeneous,1000,0.5,non-informative,1,1001,crude,3,1,0.06,0.0424537451498092,49978
B_visits,homogeneous,1000,0.5,non-informative,1,1001,crude,3,2,0.6,0.4741664775182916,49978
B_visits,homogeneous,1000,0.5,non-informative,1,1001,crude,3,4,0.05,0.0556084267455247,49978
B_visits,homogeneous,1000,0.5,non-informative,1,1001,crude,3,5,0.08,0.0759383892116305,49978
B_visits,homogeneous,1000,0.5,non-informative,1,1001,crude,4,5,0.3,0.2503410623676655,49978
B_visits,homogeneous,1000,0.5,non-informative,1,1001,crude,4,7,0.06,0.0628585636949378,49978
B_visits,homogeneous,1000,0.5,non-informative,1,1001,crude,5,4,0.4,0.3376165565848222,49978
B_visits,homogeneous,1000,0.5,non-informative,1,1001,crude,5,6,0.08,0.0573620363129552,49978
B_visits,homogeneous,1000,0.5,non-informative,1,1001,crude,5,7,0.04,0.0458896290503641,49978
B_visits,homogeneous,1000,0.5,non-informative,1,1001,crude,6,7,0.5,0.3837821764692847,49978
B_visits,homogeneous,1000,0.5,non-informative,1,1001,crude,6,8,0.1,0.1029659497844422,49978
B_visits,homogeneous,1000,0.5,non-informative,1,1001,crude,7,6,0.15,0.1321333111852737,49978
B_visits,homogeneous,1000,0.5,non-informative,1,1001,crude,7,8,0.12,0.0899394807227493,49978
B_visits,homogeneous,1000,0.5,non-informative,1,1001,crude,8,9,0.35,0.295704157846879,49978
B_visits,homogeneous,1000,0.5,non-informative,1,1001,crude,8,10,0.08,0.0646852845290047,49978
B_visits,homogeneous,1000,0.5,non-informative,1,1001,crude,9,8,0.08,0.1312500546875225,49978
B_visits,homogeneous,1000,0.5,non-informative,1,1001,crude,9,10,0.1,0.0875000364583483,49978
B_visits,homogeneous,1000,0.5,non-informative,1,1001,crude,10,11,0.05,0.0547531181900809,49978
B_visits,homogeneous,1000,0.5,non-informative,1,1001,oracle,0,1,0.6,0.6147802079859088,49978
B_visits,homogeneous,1000,0.5,non-informative,1,1001,oracle,0,2,0.08,0.0746475474652189,49978
B_visits,homogeneous,1000,0.5,non-informative,1,1001,oracle,1,0,0.85,0.8497365443561393,49978
B_visits,homogeneous,1000,0.5,non-informative,1,1001,oracle,1,2,0.05,0.0553158491568843,49978
B_visits,homogeneous,1000,0.5,non-informative,1,1001,oracle,1,3,0.1,0.0965899827585596,49978
B_visits,homogeneous,1000,0.5,non-informative,1,1001,oracle,2,0,0.04,0.0398318391364353,49978
B_visits,homogeneous,1000,0.5,non-informative,1,1001,oracle,2,3,0.45,0.431840236182145,49978
B_visits,homogeneous,1000,0.5,non-informative,1,1001,oracle,2,4,0.07,0.0713818107296513,49978
B_visits,homogeneous,1000,0.5,non-informative,1,1001,oracle,3,1,0.06,0.0590017768537797,49978
B_visits,homogeneous,1000,0.5,non-informative,1,1001,oracle,3,2,0.6,0.5965735215215504,49978
B_visits,homogeneous,1000,0.5,non-informative,1,1001,oracle,3,4,0.05,0.0524460238700264,49978
B_visits,homogeneous,1000,0.5,non-informative,1,1001,oracle,3,5,0.08,0.0923765193165238,49978
B_visits,homogeneous,1000,0.5,non-informative,1,1001,oracle,4,5,0.3,0.2904606971199746,49978
B_visits,homogeneous,1000,0.5,non-informative,1,1001,oracle,4,7,0.06,0.0635382774949944,49978
B_visits,homogeneous,1000,0.5,non-informative,1,1001,oracle,5,4,0.4,0.3889990302904231,49978
B_visits,homogeneous,1000,0.5,non-informative,1,1001,oracle,5,6,0.08,0.0709444952783763,49978
B_visits,homogeneous,1000,0.5,non-informative,1,1001,oracle,5,7,0.04,0.0446392329841469,49978
B_visits,homogeneous,1000,0.5,non-informative,1,1001,oracle,6,7,0.5,0.4797323729609246,49978
B_visits,homogeneous,1000,0.5,non-informative,1,1001,oracle,6,8,0.1,0.1118394489111357,49978
B_visits,homogeneous,1000,0.5,non-informative,1,1001,oracle,7,6,0.15,0.1601566927907394,49978
B_visits,homogeneous,1000,0.5,non-informative,1,1001,oracle,7,8,0.12,0.1064128361495517,49978
B_visits,homogeneous,1000,0.5,non-informative,1,1001,oracle,8,9,0.35,0.3422061280087701,49978
B_visits,homogeneous,1000,0.5,non-informative,1,1001,oracle,8,10,0.08,0.0580010386455542,49978
B_visits,homogeneous,1000,0.5,non-informative,1,1001,oracle,9,8,0.08,0.1377345461027344,49978
B_visits,homogeneous,1000,0.5,non-informative,1,1001,oracle,9,10,0.1,0.0974219960238853,49978
B_visits,homogeneous,1000,0.5,non-informative,1,1001,oracle,10,11,0.05,0.0495606270170253,49978
B_visits,homogeneous,1000,0.5,non-informative,1,1001,panel,0,1,0.6,0.626446817852519,49978
B_visits,homogeneous,1000,0.5,non-informative,1,1001,panel,0,2,0.08,0.0704937108187997,49978
B_visits,homogeneous,1000,0.5,non-informative,1,1001,panel,1,0,0.85,0.8662924325741462,49978
B_visits,homogeneous,1000,0.5,non-informative,1,1001,panel,1,2,0.05,0.0628772324664215,49978
B_visits,homogeneous,1000,0.5,non-informative,1,1001,panel,1,3,0.1,0.0949957385273951,49978
B_visits,homogeneous,1000,0.5,non-informative,1,1001,panel,2,0,0.04,0.041350242121773,49978
B_visits,homogeneous,1000,0.5,non-informative,1,1001,panel,2,3,0.45,0.4398259015953604,49978
B_visits,homogeneous,1000,0.5,non-informative,1,1001,panel,2,4,0.07,0.0716664919117992,49978
B_visits,homogeneous,1000,0.5,non-informative,1,1001,panel,3,1,0.06,0.0570560346124356,49978
B_visits,homogeneous,1000,0.5,non-informative,1,1001,panel,3,2,0.6,0.6076547219574142,49978
B_visits,homogeneous,1000,0.5,non-informative,1,1001,panel,3,4,0.05,0.0538732256735988,49978
B_visits,homogeneous,1000,0.5,non-informative,1,1001,panel,3,5,0.08,0.090087843711691,49978
B_visits,homogeneous,1000,0.5,non-informative,1,1001,panel,4,5,0.3,0.2930226130010842,49978
B_visits,homogeneous,1000,0.5,non-informative,1,1001,panel,4,7,0.06,0.0673971500642827,49978
B_visits,homogeneous,1000,0.5,non-informative,1,1001,panel,5,4,0.4,0.395872443622788,49978
B_visits,homogeneous,1000,0.5,non-informative,1,1001,panel,5,6,0.08,0.0704029020128239,49978
B_visits,homogeneous,1000,0.5,non-informative,1,1001,panel,5,7,0.04,0.0409446188214678,49978
B_visits,homogeneous,1000,0.5,non-informative,1,1001,panel,6,7,0.5,0.4669731760548107,49978
B_visits,homogeneous,1000,0.5,non-informative,1,1001,panel,6,8,0.1,0.1251991721777987,49978
B_visits,homogeneous,1000,0.5,non-informative,1,1001,panel,7,6,0.15,0.1599307540279859,49978
B_visits,homogeneous,1000,0.5,non-informative,1,1001,panel,7,8,0.12,0.1031819423595602,49978
B_visits,homogeneous,1000,0.5,non-informative,1,1001,panel,8,9,0.35,0.3546118244742689,49978
B_visits,homogeneous,1000,0.5,non-informative,1,1001,panel,8,10,0.08,0.0609024359468114,49978
B_visits,homogeneous,1000,0.5,non-informative,1,1001,panel,9,8,0.08,0.1534472570677041,49978
B_visits,homogeneous,1000,0.5,non-informative,1,1001,panel,9,10,0.1,0.0902967218940957,49978
B_visits,homogeneous,1000,0.5,non-informative,1,1001,panel,10,11,0.05,0.0532064980356542,49978
B_visits,homogeneous,1000,0.5,non-informative,2,1002,crude,0,1,0.6,0.46282483327593504,49584
B_visits,homogeneous,1000,0.5,non-informative,2,1002,crude,0,2,0.08,0.06380506960799928,49584
B_visits,homogeneous,1000,0.5,non-informative,2,1002,crude,1,0,0.85,0.6254069093186562,49584
B_visits,homogeneous,1000,0.5,non-informative,2,1002,crude,1,2,0.05,0.05896092074384637,49584
B_visits,homogeneous,1000,0.5,non-informative,2,1002,crude,1,3,0.1,0.06991080602484642,49584
B_visits,homogeneous,1000,0.5,non-informative,2,1002,crude,2,0,0.04,0.03247115578686444,49584
B_visits,homogeneous,1000,0.5,non-informative,2,1002,crude,2,3,0.45,0.35034668085827425,49584
B_visits,homogeneous,1000,0.5,non-informative,2,1002,crude,2,4,0.07,0.06921483207200052,49584
B_visits,homogeneous,1000,0.5,non-informative,2,1002,crude,3,1,0.06,0.04686323537528597,49584
B_visits,homogeneous,1000,0.5,non-informative,2,1002,crude,3,2,0.6,0.4933657279787051,49584
B_visits,homogeneous,1000,0.5,non-informative,2,1002,crude,3,4,0.05,0.05727728768090508,49584
B_visits,homogeneous,1000,0.5,non-informative,2,1002,crude,3,5,0.08,0.07420012267753612,49584
B_visits,homogeneous,1000,0.5,non-informative,2,1002,crude,4,5,0.3,0.23988722157958461,49584
B_visits,homogeneous,1000,0.5,non-informative,2,1002,crude,4,7,0.06,0.06913780185263137,49584
B_visits,homogeneous,1000,0.5,non-informative,2,1002,crude,5,4,0.4,0.3561100657919664,49584
B_visits,homogeneous,1000,0.5,non-informative,2,1002,crude,5,6,0.08,0.06145634705156867,49584
B_visits,homogeneous,1000,0.5,non-informative,2,1002,crude,5,7,0.04,0.05977261151590925,49584
B_visits,homogeneous,1000,0.5,non-informative,2,1002,crude,6,7,0.5,0.4092264880921243,49584
B_visits,homogeneous,1000,0.5,non-informative,2,1002,crude,6,8,0.1,0.10153739930105339,49584
B_visits,homogeneous,1000,0.5,non-informative,2,1002,crude,7,6,0.15,0.11845352514778047,49584
B_visits,homogeneous,1000,0.5,non-informative,2,1002,crude,7,8,0.12,0.11068608087579486,49584
B_visits,homogeneous,1000,0.5,non-informative,2,1002,crude,8,9,0.35,0.2580129629799931,49584
B_visits,homogeneous,1000,0.5,non-informative,2,1002,crude,8,10,0.08,0.07152834617267136,49584
B_visits,homogeneous,1000,0.5,non-informative,2,1002,crude,9,8,0.08,0.061916054213697065,49584
B_visits,homogeneous,1000,0.5,non-informative,2,1002,crude,9,10,0.1,0.11454470029533957,49584
B_visits,homogeneous,1000,0.5,non-informative,2,1002,crude,10,11,0.05,0.035135031734741445,49584
B_visits,homogeneous,1000,0.5,non-informative,2,1002,oracle,0,1,0.6,0.6305186174367395,49584
B_visits,homogeneous,1000,0.5,non-informative,2,1002,oracle,0,2,0.08,0.0707627839398052,49584
B_visits,homogeneous,1000,0.5,non-informative,2,1002,oracle,1,0,0.85,0.8439486641591787,49584
B_visits,homogeneous,1000,0.5,non-informative,2,1002,oracle,1,2,0.05,0.05580882130482201,49584
B_visits,homogeneous,1000,0.5,non-informative,2,1002,oracle,1,3,0.1,0.09755893189926901,49584
B_visits,homogeneous,1000,0.5,non-informative,2,1002,oracle,2,0,0.04,0.03787561146638652,49584
B_visits,homogeneous,1000,0.5,non-informative,2,1002,oracle,2,3,0.45,0.4519822968322125,49584
B_visits,homogeneous,1000,0.5,non-informative,2,1002,oracle,2,4,0.07,0.079959624206816,49584
B_visits,homogeneous,1000,0.5,non-informative,2,1002,oracle,3,1,0.06,0.0694364570151972,49584
B_visits,homogeneous,1000,0.5,non-informative,2,1002,oracle,3,2,0.6,0.6450452175056637,49584
B_visits,homogeneous,1000,0.5,non-informative,2,1002,oracle,3,4,0.05,0.05710661885362013,49584
B_visits,homogeneous,1000,0.5,non-informative,2,1002,oracle,3,5,0.08,0.08955356138408611,49584
B_visits,homogeneous,1000,0.5,non-informative,2,1002,oracle,4,5,0.3,0.2866872778417704,49584
B_visits,homogeneous,1000,0.5,non-informative,2,1002,oracle,4,7,0.06,0.07192687931617371,49584
B_visits,homogeneous,1000,0.5,non-informative,2,1002,oracle,5,4,0.4,0.42886707200432894,49584
B_visits,homogeneous,1000,0.5,non-informative,2,1002,oracle,5,6,0.08,0.07714630115358335,49584
B_visits,homogeneous,1000,0.5,non-informative,2,1002,oracle,5,7,0.04,0.05060133731579123,49584
B_visits,homogeneous,1000,0.5,non-informative,2,1002,oracle,6,7,0.5,0.5292744224339307,49584
B_visits,homogeneous,1000,0.5,non-informative,2,1002,oracle,6,8,0.1,0.1232968824988134,49584
B_visits,homogeneous,1000,0.5,non-informative,2,1002,oracle,7,6,0.15,0.1471894684563926,49584
B_visits,homogeneous,1000,0.5,non-informative,2,1002,oracle,7,8,0.12,0.11794027921185306,49584
B_visits,homogeneous,1000,0.5,non-informative,2,1002,oracle,8,9,0.35,0.3019330090130391,49584
B_visits,homogeneous,1000,0.5,non-informative,2,1002,oracle,8,10,0.08,0.07118745740957833,49584
B_visits,homogeneous,1000,0.5,non-informative,2,1002,oracle,9,8,0.08,0.0845524543871699,49584
B_visits,homogeneous,1000,0.5,non-informative,2,1002,oracle,9,10,0.1,0.11273660584955988,49584
B_visits,homogeneous,1000,0.5,non-informative,2,1002,oracle,10,11,0.05,0.0315243999031891,49584
B_visits,homogeneous,1000,0.5,non-informative,2,1002,panel,0,1,0.6,0.6293691245616208,49584
B_visits,homogeneous,1000,0.5,non-informative,2,1002,panel,0,2,0.08,0.0750492008903037,49584
B_visits,homogeneous,1000,0.5,non-informative,2,1002,panel,1,0,0.85,0.8464962208183154,49584
B_visits,homogeneous,1000,0.5,non-informative,2,1002,panel,1,2,0.05,0.05285536288776208,49584
B_visits,homogeneous,1000,0.5,non-informative,2,1002,panel,1,3,0.1,0.09308919267928031,49584
B_visits,homogeneous,1000,0.5,non-informative,2,1002,panel,2,0,0.04,0.03986284313406963,49584
B_visits,homogeneous,1000,0.5,non-informative,2,1002,panel,2,3,0.45,0.45712512590312365,49584
B_visits,homogeneous,1000,0.5,non-informative,2,1002,panel,2,4,0.07,0.07970869689452542,49584
B_visits,homogeneous,1000,0.5,non-informative,2,1002,panel,3,1,0.06,0.06458640452750042,49584
B_visits,homogeneous,1000,0.5,non-informative,2,1002,panel,3,2,0.6,0.6422306884745032,49584
B_visits,homogeneous,1000,0.5,non-informative,2,1002,panel,3,4,0.05,0.05267200032272433,49584
B_visits,homogeneous,1000,0.5,non-informative,2,1002,panel,3,5,0.08,0.09389106461409376,49584
B_visits,homogeneous,1000,0.5,non-informative,2,1002,panel,4,5,0.3,0.28205483669389253,49584
B_visits,homogeneous,1000,0.5,non-informative,2,1002,panel,4,7,0.06,0.07313490018730305,49584
B_visits,homogeneous,1000,0.5,non-informative,2,1002,panel,5,4,0.4,0.4227814482950096,49584
B_visits,homogeneous,1000,0.5,non-informative,2,1002,panel,5,6,0.08,0.07096721177556056,49584
B_visits,homogeneous,1000,0.5,non-informative,2,1002,panel,5,7,0.04,0.05649835360406742,49584
B_visits,homogeneous,1000,0.5,non-informative,2,1002,panel,6,7,0.5,0.5053114956749296,49584
B_visits,homogeneous,1000,0.5,non-informative,2,1002,panel,6,8,0.1,0.11950731372875394,49584
B_visits,homogeneous,1000,0.5,non-informative,2,1002,panel,7,6,0.15,0.14559079599794472,49584
B_visits,homogeneous,1000,0.5,non-informative,2,1002,panel,7,8,0.12,0.12113297970699112,49584
B_visits,homogeneous,1000,0.5,non-informative,2,1002,panel,8,9,0.35,0.29486241208699326,49584
B_visits,homogeneous,1000,0.5,non-informative,2,1002,panel,8,10,0.08,0.06894353014580025,49584
B_visits,homogeneous,1000,0.5,non-informative,2,1002,panel,9,8,0.08,0.06964836634260664,49584
B_visits,homogeneous,1000,0.5,non-informative,2,1002,panel,9,10,0.1,0.11894635835897406,49584
B_visits,homogeneous,1000,0.5,non-informative,2,1002,panel,10,11,0.05,0.03352252149477356,49584
B_visits,homogeneous,1000,0.5,non-informative,3,1003,crude,0,1,0.6,0.4486601173746513,50253
B_visits,homogeneous,1000,0.5,non-informative,3,1003,crude,0,2,0.08,0.07058264500422011,50253
B_visits,homogeneous,1000,0.5,non-informative,3,1003,crude,1,0,0.85,0.6252706680146012,50253
B_visits,homogeneous,1000,0.5,non-informative,3,1003,crude,1,2,0.05,0.05595642588334058,50253
B_visits,homogeneous,1000,0.5,non-informative,3,1003,crude,1,3,0.1,0.07630421711364625,50253
B_visits,homogeneous,1000,0.5,non-informative,3,1003,crude,2,0,0.04,0.029906421656390587,50253
B_visits,homogeneous,1000,0.5,non-informative,3,1003,crude,2,3,0.45,0.3423901863994461,50253
B_visits,homogeneous,1000,0.5,non-informative,3,1003,crude,2,4,0.07,0.06057967463730401,50253
B_visits,homogeneous,1000,0.5,non-informative,3,1003,crude,3,1,0.06,0.04883338226477465,50253
B_visits,homogeneous,1000,0.5,non-informative,3,1003,crude,3,2,0.6,0.4683297865392846,50253
B_visits,homogeneous,1000,0.5,non-informative,3,1003,crude,3,4,0.05,0.05001009027115476,50253
B_visits,homogeneous,1000,0.5,non-informative,3,1003,crude,3,5,0.08,0.07707437441789733,50253
B_visits,homogeneous,1000,0.5,non-informative,3,1003,crude,4,5,0.3,0.24485616555244755,50253
B_visits,homogeneous,1000,0.5,non-informative,3,1003,crude,4,7,0.06,0.05034921153134744,50253
B_visits,homogeneous,1000,0.5,non-informative,3,1003,crude,5,4,0.4,0.33597416843072614,50253
B_visits,homogeneous,1000,0.5,non-informative,3,1003,crude,5,6,0.08,0.06953883951240611,50253
B_visits,homogeneous,1000,0.5,non-informative,3,1003,crude,5,7,0.04,0.03281608156765232,50253
B_visits,homogeneous,1000,0.5,non-informative,3,1003,crude,6,7,0.5,0.44264169938726655,50253
B_visits,homogeneous,1000,0.5,non-informative,3,1003,crude,6,8,0.1,0.10293993009006198,50253
B_visits,homogeneous,1000,0.5,non-informative,3,1003,crude,7,6,0.15,0.12265316313746781,50253
B_visits,homogeneous,1000,0.5,non-informative,3,1003,crude,7,8,0.12,0.11389222291336297,50253
B_visits,homogeneous,1000,0.5,non-informative,3,1003,crude,8,9,0.35,0.2854812533423713,50253
B_visits,homogeneous,1000,0.5,non-informative,3,1003,crude,8,10,0.08,0.04979324186204151,50253
B_visits,homogeneous,1000,0.5,non-informative,3,1003,crude,9,8,0.08,0.07097327519999523,50253
B_visits,homogeneous,1000,0.5,non-informative,3,1003,crude,9,10,0.1,0.09712132395788821,50253
B_visits,homogeneous,1000,0.5,non-informative,3,1003,crude,10,11,0.05,0.04458729719049867,50253
B_visits,homogeneous,1000,0.5,non-informative,3,1003,oracle,0,1,0.6,0.6125491996840665,50253
B_visits,homogeneous,1000,0.5,non-informative,3,1003,oracle,0,2,0.08,0.08177531815782288,50253
B_visits,homogeneous,1000,0.5,non-informative,3,1003,oracle,1,0,0.85,0.8613527480779208,50253
B_visits,homogeneous,1000,0.5,non-informative,3,1003,oracle,1,2,0.05,0.04770965820192077,50253
B_visits,homogeneous,1000,0.5,non-informative,3,1003,oracle,1,3,0.1,0.09842803358774645,50253
B_visits,homogeneous,1000,0.5,non-informative,3,1003,oracle,2,0,0.04,0.036714443030593624,50253
B_visits,homogeneous,1000,0.5,non-informative,3,1003,oracle,2,3,0.45,0.43830231989100427,50253
B_visits,homogeneous,1000,0.5,non-informative,3,1003,oracle,2,4,0.07,0.06888689310894885,50253
B_visits,homogeneous,1000,0.5,non-informative,3,1003,oracle,3,1,0.06,0.0654715152786928,50253
B_visits,homogeneous,1000,0.5,non-informative,3,1003,oracle,3,2,0.6,0.6102880531335293,50253
B_visits,homogeneous,1000,0.5,non-informative,3,1003,oracle,3,4,0.05,0.04618080095550653,50253
B_visits,homogeneous,1000,0.5,non-informative,3,1003,oracle,3,5,0.08,0.08885419930679737,50253
B_visits,homogeneous,1000,0.5,non-informative,3,1003,oracle,4,5,0.3,0.2799484031988666,50253
B_visits,homogeneous,1000,0.5,non-informative,3,1003,oracle,4,7,0.06,0.05351954767037155,50253
B_visits,homogeneous,1000,0.5,non-informative,3,1003,oracle,5,4,0.4,0.38214472106636754,50253
B_visits,homogeneous,1000,0.5,non-informative,3,1003,oracle,5,6,0.08,0.07627639143041268,50253
B_visits,homogeneous,1000,0.5,non-informative,3,1003,oracle,5,7,0.04,0.034324376143685706,50253
B_visits,homogeneous,1000,0.5,non-informative,3,1003,oracle,6,7,0.5,0.5138583524077885,50253
B_visits,homogeneous,1000,0.5,non-informative,3,1003,oracle,6,8,0.1,0.12679621682789585,50253
B_visits,homogeneous,1000,0.5,non-informative,3,1003,oracle,7,6,0.15,0.14808662437115458,50253
B_visits,homogeneous,1000,0.5,non-informative,3,1003,oracle,7,8,0.12,0.13230690210209714,50253
B_visits,homogeneous,1000,0.5,non-informative,3,1003,oracle,8,9,0.35,0.3349147568685742,50253
B_visits,homogeneous,1000,0.5,non-informative,3,1003,oracle,8,10,0.08,0.06145224896671086,50253
B_visits,homogeneous,1000,0.5,non-informative,3,1003,oracle,9,8,0.08,0.08608040262397246,50253
B_visits,homogeneous,1000,0.5,non-informative,3,1003,oracle,9,10,0.1,0.09296683483389026,50253
B_visits,homogeneous,1000,0.5,non-informative,3,1003,oracle,10,11,0.05,0.04537350361837716,50253
B_visits,homogeneous,1000,0.5,non-informative,3,1003,panel,0,1,0.6,0.6031672240472452,50253
B_visits,homogeneous,1000,0.5,non-informative,3,1003,panel,0,2,0.08,0.08195296969343606,50253
B_visits,homogeneous,1000,0.5,non-informative,3,1003,panel,1,0,0.85,0.8430019912195186,50253
B_visits,homogeneous,1000,0.5,non-informative,3,1003,panel,1,2,0.05,0.049190001498229594,50253
B_visits,homogeneous,1000,0.5,non-informative,3,1003,panel,1,3,0.1,0.09664632619546071,50253
B_visits,homogeneous,1000,0.5,non-informative,3,1003,panel,2,0,0.04,0.03573894579218896,50253
B_visits,homogeneous,1000,0.5,non-informative,3,1003,panel,2,3,0.45,0.4340709564741661,50253
B_visits,homogeneous,1000,0.5,non-informative,3,1003,panel,2,4,0.07,0.06743507249346897,50253
B_visits,homogeneous,1000,0.5,non-informative,3,1003,panel,3,1,0.06,0.06437525074846864,50253
B_visits,homogeneous,1000,0.5,non-informative,3,1003,panel,3,2,0.6,0.5961600480703053,50253
B_visits,homogeneous,1000,0.5,non-informative,3,1003,panel,3,4,0.05,0.04607348311106311,50253
B_visits,homogeneous,1000,0.5,non-informative,3,1003,panel,3,5,0.08,0.0923612982052867,50253
B_visits,homogeneous,1000,0.5,non-informative,3,1003,panel,4,5,0.3,0.28463954001410874,50253
B_visits,homogeneous,1000,0.5,non-informative,3,1003,panel,4,7,0.06,0.05487964264909394,50253
B_visits,homogeneous,1000,0.5,non-informative,3,1003,panel,5,4,0.4,0.3937430448404981,50253
B_visits,homogeneous,1000,0.5,non-informative,3,1003,panel,5,6,0.08,0.08488580966717844,50253
B_visits,homogeneous,1000,0.5,non-informative,3,1003,panel,5,7,0.04,0.024711431864165422,50253
B_visits,homogeneous,1000,0.5,non-informative,3,1003,panel,6,7,0.5,0.543209233432911,50253
B_visits,homogeneous,1000,0.5,non-informative,3,1003,panel,6,8,0.1,0.11610228850649136,50253
B_visits,homogeneous,1000,0.5,non-informative,3,1003,panel,7,6,0.15,0.15254741305786693,50253
B_visits,homogeneous,1000,0.5,non-informative,3,1003,panel,7,8,0.12,0.13311874939877133,50253
B_visits,homogeneous,1000,0.5,non-informative,3,1003,panel,8,9,0.35,0.32868065975614313,50253
B_visits,homogeneous,1000,0.5,non-informative,3,1003,panel,8,10,0.08,0.05801665310896808,50253
B_visits,homogeneous,1000,0.5,non-informative,3,1003,panel,9,8,0.08,0.08119394364411282,50253
B_visits,homogeneous,1000,0.5,non-informative,3,1003,panel,9,10,0.1,0.09948500364115057,50253
B_visits,homogeneous,1000,0.5,non-informative,3,1003,panel,10,11,0.05,0.04768046356999295,50253
B_visits,homogeneous,1000,0.5,non-informative,4,1004,crude,0,1,0.6,0.43309484287502803,49128
B_visits,homogeneous,1000,0.5,non-informative,4,1004,crude,0,2,0.08,0.06984347880576941,49128
B_visits,homogeneous,1000,0.5,non-informative,4,1004,crude,1,0,0.85,0.6200268011882234,49128
B_visits,homogeneous,1000,0.5,non-informative,4,1004,crude,1,2,0.05,0.058962429830678,49128
B_visits,homogeneous,1000,0.5,non-informative,4,1004,crude,1,3,0.1,0.06863595347477361,49128
B_visits,homogeneous,1000,0.5,non-informative,4,1004,crude,2,0,0.04,0.032808552178277856,49128
B_visits,homogeneous,1000,0.5,non-informative,4,1004,crude,2,3,0.45,0.3500865508905649,49128
B_visits,homogeneous,1000,0.5,non-informative,4,1004,crude,2,4,0.07,0.060213342821309954,49128
B_visits,homogeneous,1000,0.5,non-informative,4,1004,crude,3,1,0.06,0.041907378149849024,49128
B_visits,homogeneous,1000,0.5,non-informative,4,1004,crude,3,2,0.6,0.4678700437277665,49128
B_visits,homogeneous,1000,0.5,non-informative,4,1004,crude,3,4,0.05,0.048222188555990655,49128
B_visits,homogeneous,1000,0.5,non-informative,4,1004,crude,3,5,0.08,0.07003698814084358,49128
B_visits,homogeneous,1000,0.5,non-informative,4,1004,crude,4,5,0.3,0.24641807190179768,49128
B_visits,homogeneous,1000,0.5,non-informative,4,1004,crude,4,7,0.06,0.06104952231801294,49128
B_visits,homogeneous,1000,0.5,non-informative,4,1004,crude,5,4,0.4,0.3181980136448204,49128
B_visits,homogeneous,1000,0.5,non-informative,4,1004,crude,5,6,0.08,0.060376033358247976,49128
B_visits,homogeneous,1000,0.5,non-informative,4,1004,crude,5,7,0.04,0.04568997119002549,49128
B_visits,homogeneous,1000,0.5,non-informative,4,1004,crude,6,7,0.5,0.441235717963486,49128
B_visits,homogeneous,1000,0.5,non-informative,4,1004,crude,6,8,0.1,0.06448829724081719,49128
B_visits,homogeneous,1000,0.5,non-informative,4,1004,crude,7,6,0.15,0.10368897282895245,49128
B_visits,homogeneous,1000,0.5,non-informative,4,1004,crude,7,8,0.12,0.11232972056469849,49128
B_visits,homogeneous,1000,0.5,non-informative,4,1004,crude,8,9,0.35,0.3055482689877933,49128
B_visits,homogeneous,1000,0.5,non-informative,4,1004,crude,8,10,0.08,0.09426489149623411,49128
B_visits,homogeneous,1000,0.5,non-informative,4,1004,crude,9,8,0.08,0.07549909827816086,49128
B_visits,homogeneous,1000,0.5,non-informative,4,1004,crude,9,10,0.1,0.08206423725887049,49128
B_visits,homogeneous,1000,0.5,non-informative,4,1004,crude,10,11,0.05,0.030283712964911755,49128
B_visits,homogeneous,1000,0.5,non-informative,4,1004,oracle,0,1,0.6,0.5934474118062941,49128
B_visits,homogeneous,1000,0.5,non-informative,4,1004,oracle,0,2,0.08,0.08212451827302916,49128
B_visits,homogeneous,1000,0.5,non-informative,4,1004,oracle,1,0,0.85,0.8461083348141787,49128
B_visits,homogeneous,1000,0.5,non-informative,4,1004,oracle,1,2,0.05,0.05398711047219182,49128
B_visits,homogeneous,1000,0.5,non-informative,4,1004,oracle,1,3,0.1,0.09447744332633567,49128
B_visits,homogeneous,1000,0.5,non-informative,4,1004,oracle,2,0,0.04,0.03631043051230628,49128
B_visits,homogeneous,1000,0.5,non-informative,4,1004,oracle,2,3,0.45,0.4471916178884036,49128
B_visits,homogeneous,1000,0.5,non-informative,4,1004,oracle,2,4,0.07,0.06612320503819985,49128
B_visits,homogeneous,1000,0.5,non-informative,4,1004,oracle,3,1,0.06,0.0548872541414929,49128
B_visits,homogeneous,1000,0.5,non-informative,4,1004,oracle,3,2,0.6,0.6020445688645002,49128
B_visits,homogeneous,1000,0.5,non-informative,4,1004,oracle,3,4,0.05,0.046882862912525185,49128
B_visits,homogeneous,1000,0.5,non-informative,4,1004,oracle,3,5,0.08,0.08461785013480155,49128
B_visits,homogeneous,1000,0.5,non-informative,4,1004,oracle,4,5,0.3,0.29444544317335625,49128
B_visits,homogeneous,1000,0.5,non-informative,4,1004,oracle,4,7,0.06,0.0632112235803352,49128
B_visits,homogeneous,1000,0.5,non-informative,4,1004,oracle,5,4,0.4,0.3892788065302179,49128
B_visits,homogeneous,1000,0.5,non-informative,4,1004,oracle,5,6,0.08,0.07513800372451844,49128
B_visits,homogeneous,1000,0.5,non-informative,4,1004,oracle,5,7,0.04,0.042365044653185926,49128
B_visits,homogeneous,1000,0.5,non-informative,4,1004,oracle,6,7,0.5,0.544164655375252,49128
B_visits,homogeneous,1000,0.5,non-informative,4,1004,oracle,6,8,0.1,0.08958808350690126,49128
B_visits,homogeneous,1000,0.5,non-informative,4,1004,oracle,7,6,0.15,0.1296113254079676,49128
B_visits,homogeneous,1000,0.5,non-informative,4,1004,oracle,7,8,0.12,0.12343935753139773,49128
B_visits,homogeneous,1000,0.5,non-informative,4,1004,oracle,8,9,0.35,0.34496267522731267,49128
B_visits,homogeneous,1000,0.5,non-informative,4,1004,oracle,8,10,0.08,0.08932069269278632,49128
B_visits,homogeneous,1000,0.5,non-informative,4,1004,oracle,9,8,0.08,0.08215235475980469,49128
B_visits,homogeneous,1000,0.5,non-informative,4,1004,oracle,9,10,0.1,0.09128039417756077,49128
B_visits,homogeneous,1000,0.5,non-informative,4,1004,oracle,10,11,0.05,0.034797563667548236,49128
B_visits,homogeneous,1000,0.5,non-informative,4,1004,panel,0,1,0.6,0.5816739756081687,49128
B_visits,homogeneous,1000,0.5,non-informative,4,1004,panel,0,2,0.08,0.08116422508871905,49128
B_visits,homogeneous,1000,0.5,non-informative,4,1004,panel,1,0,0.85,0.8298308641308055,49128
B_visits,homogeneous,1000,0.5,non-informative,4,1004,panel,1,2,0.05,0.0552683991798443,49128
B_visits,homogeneous,1000,0.5,non-informative,4,1004,panel,1,3,0.1,0.0937459112423963,49128
B_visits,homogeneous,1000,0.5,non-informative,4,1004,panel,2,0,0.04,0.03792354031646574,49128
B_visits,homogeneous,1000,0.5,non-informative,4,1004,panel,2,3,0.45,0.4420436895858812,49128
B_visits,homogeneous,1000,0.5,non-informative,4,1004,panel,2,4,0.07,0.06665340866725698,49128
B_visits,homogeneous,1000,0.5,non-informative,4,1004,panel,3,1,0.06,0.05322324753140648,49128
B_visits,homogeneous,1000,0.5,non-informative,4,1004,panel,3,2,0.6,0.5991043634939669,49128
B_visits,homogeneous,1000,0.5,non-informative,4,1004,panel,3,4,0.05,0.04631315128291359,49128
B_visits,homogeneous,1000,0.5,non-informative,4,1004,panel,3,5,0.08,0.0846616684985413,49128
B_visits,homogeneous,1000,0.5,non-informative,4,1004,panel,4,5,0.3,0.28619779031229386,49128
B_visits,homogeneous,1000,0.5,non-informative,4,1004,panel,4,7,0.06,0.06466617669515205,49128
B_visits,homogeneous,1000,0.5,non-informative,4,1004,panel,5,4,0.4,0.3744787418974178,49128
B_visits,homogeneous,1000,0.5,non-informative,4,1004,panel,5,6,0.08,0.07338214312570884,49128
B_visits,homogeneous,1000,0.5,non-informative,4,1004,panel,5,7,0.04,0.04261369653430762,49128
B_visits,homogeneous,1000,0.5,non-informative,4,1004,panel,6,7,0.5,0.5423581898048916,49128
B_visits,homogeneous,1000,0.5,non-informative,4,1004,panel,6,8,0.1,0.07116790918730287,49128
B_visits,homogeneous,1000,0.5,non-informative,4,1004,panel,7,6,0.15,0.12587464177889734,49128
B_visits,homogeneous,1000,0.5,non-informative,4,1004,panel,7,8,0.12,0.1234858656589917,49128
B_visits,homogeneous,1000,0.5,non-informative,4,1004,panel,8,9,0.35,0.3461285931505839,49128
B_visits,homogeneous,1000,0.5,non-informative,4,1004,panel,8,10,0.08,0.09356764209979082,49128
B_visits,homogeneous,1000,0.5,non-informative,4,1004,panel,9,8,0.08,0.08721502908461287,49128
B_visits,homogeneous,1000,0.5,non-informative,4,1004,panel,9,10,0.1,0.08332366211467175,49128
B_visits,homogeneous,1000,0.5,non-informative,4,1004,panel,10,11,0.05,0.03201819062583905,49128
B_visits,homogeneous,1000,2.0,non-informative,0,1000,crude,0,1,0.6,0.2355460392066846,12672
B_visits,homogeneous,1000,2.0,non-informative,0,1000,crude,0,2,0.08,0.0458092165605641,12672
B_visits,homogeneous,1000,2.0,non-informative,0,1000,crude,1,0,0.85,0.3425204357746069,12672
B_visits,homogeneous,1000,2.0,non-informative,0,1000,crude,1,2,0.05,0.0558086779682506,12672
B_visits,homogeneous,1000,2.0,non-informative,0,1000,crude,1,3,0.1,0.0515484735431933,12672
B_visits,homogeneous,1000,2.0,non-informative,0,1000,crude,2,0,0.04,0.0308821557380154,12672
B_visits,homogeneous,1000,2.0,non-informative,0,1000,crude,2,3,0.45,0.1935571732875616,12672
B_visits,homogeneous,1000,2.0,non-informative,0,1000,crude,2,4,0.07,0.0504553530367576,12672
B_visits,homogeneous,1000,2.0,non-informative,0,1000,crude,3,1,0.06,0.0298715245642839,12672
B_visits,homogeneous,1000,2.0,non-informative,0,1000,crude,3,2,0.6,0.2900856941020466,12672
B_visits,homogeneous,1000,2.0,non-informative,0,1000,crude,3,4,0.05,0.0351820178201566,12672
B_visits,homogeneous,1000,2.0,non-informative,0,1000,crude,3,5,0.08,0.0444753810179339,12672
B_visits,homogeneous,1000,2.0,non-informative,0,1000,crude,4,5,0.3,0.175618113688263,12672
B_visits,homogeneous,1000,2.0,non-informative,0,1000,crude,4,7,0.06,0.0478407964874923,12672
B_visits,homogeneous,1000,2.0,non-informative,0,1000,crude,5,4,0.4,0.2363977792362807,12672
B_visits,homogeneous,1000,2.0,non-informative,0,1000,crude,5,6,0.08,0.0343851315252772,12672
B_visits,homogeneous,1000,2.0,non-informative,0,1000,crude,5,7,0.04,0.0558758387285754,12672
B_visits,homogeneous,1000,2.0,non-informative,0,1000,crude,6,7,0.5,0.2650955870421277,12672
B_visits,homogeneous,1000,2.0,non-informative,0,1000,crude,6,8,0.1,0.0562323972513604,12672
B_visits,homogeneous,1000,2.0,non-informative,0,1000,crude,7,6,0.15,0.0749425104472742,12672
B_visits,homogeneous,1000,2.0,non-informative,0,1000,crude,7,8,0.12,0.0821485210672044,12672
B_visits,homogeneous,1000,2.0,non-informative,0,1000,crude,8,9,0.35,0.1934698960841693,12672
B_visits,homogeneous,1000,2.0,non-informative,0,1000,crude,8,10,0.08,0.0944852980876176,12672
B_visits,homogeneous,1000,2.0,non-informative,0,1000,crude,9,8,0.08,0.0539065637530468,12672
B_visits,homogeneous,1000,2.0,non-informative,0,1000,crude,9,10,0.1,0.0718754183373958,12672
B_visits,homogeneous,1000,2.0,non-informative,0,1000,crude,10,11,0.05,0.0645365904028558,12672
B_visits,homogeneous,1000,2.0,non-informative,0,1000,oracle,0,1,0.6,0.6058484227827198,12672
B_visits,homogeneous,1000,2.0,non-informative,0,1000,oracle,0,2,0.08,0.0695185910389834,12672
B_visits,homogeneous,1000,2.0,non-informative,0,1000,oracle,1,0,0.85,0.8704334294055838,12672
B_visits,homogeneous,1000,2.0,non-informative,0,1000,oracle,1,2,0.05,0.0517483288823441,12672
B_visits,homogeneous,1000,2.0,non-informative,0,1000,oracle,1,3,0.1,0.097304550035177,12672
B_visits,homogeneous,1000,2.0,non-informative,0,1000,oracle,2,0,0.04,0.045593290654665,12672
B_visits,homogeneous,1000,2.0,non-informative,0,1000,oracle,2,3,0.45,0.4383648495971464,12672
B_visits,homogeneous,1000,2.0,non-informative,0,1000,oracle,2,4,0.07,0.0669259312362055,12672
B_visits,homogeneous,1000,2.0,non-informative,0,1000,oracle,3,1,0.06,0.0575389134416012,12672
B_visits,homogeneous,1000,2.0,non-informative,0,1000,oracle,3,2,0.6,0.6072857059977699,12672
B_visits,homogeneous,1000,2.0,non-informative,0,1000,oracle,3,4,0.05,0.0494084148031141,12672
B_visits,homogeneous,1000,2.0,non-informative,0,1000,oracle,3,5,0.08,0.0769270255795321,12672
B_visits,homogeneous,1000,2.0,non-informative,0,1000,oracle,4,5,0.3,0.3052477181141093,12672
B_visits,homogeneous,1000,2.0,non-informative,0,1000,oracle,4,7,0.06,0.063548012489948,12672
B_visits,homogeneous,1000,2.0,non-informative,0,1000,oracle,5,4,0.4,0.4226604088662559,12672
B_visits,homogeneous,1000,2.0,non-informative,0,1000,oracle,5,6,0.08,0.0740066863773599,12672
B_visits,homogeneous,1000,2.0,non-informative,0,1000,oracle,5,7,0.04,0.0378256397039839,12672
B_visits,homogeneous,1000,2.0,non-informative,0,1000,oracle,6,7,0.5,0.5561044130690066,12672
B_visits,homogeneous,1000,2.0,non-informative,0,1000,oracle,6,8,0.1,0.1040453418000076,12672
B_visits,homogeneous,1000,2.0,non-informative,0,1000,oracle,7,6,0.15,0.1498803672041624,12672
B_visits,homogeneous,1000,2.0,non-informative,0,1000,oracle,7,8,0.12,0.1185100577893377,12672
B_visits,homogeneous,1000,2.0,non-informative,0,1000,oracle,8,9,0.35,0.388042281491423,12672
B_visits,homogeneous,1000,2.0,non-informative,0,1000,oracle,8,10,0.08,0.0725312675684902,12672
B_visits,homogeneous,1000,2.0,non-informative,0,1000,oracle,9,8,0.08,0.0969447336197428,12672
B_visits,homogeneous,1000,2.0,non-informative,0,1000,oracle,9,10,0.1,0.0937132424990847,12672
B_visits,homogeneous,1000,2.0,non-informative,0,1000,oracle,10,11,0.05,0.0560920916443269,12672
B_visits,homogeneous,1000,2.0,non-informative,0,1000,panel,0,1,0.6,0.6023475302443733,12672
B_visits,homogeneous,1000,2.0,non-informative,0,1000,panel,0,2,0.08,0.0635746600660385,12672
B_visits,homogeneous,1000,2.0,non-informative,0,1000,panel,1,0,0.85,0.8710058488335215,12672
B_visits,homogeneous,1000,2.0,non-informative,0,1000,panel,1,2,0.05,0.0487091296868241,12672
B_visits,homogeneous,1000,2.0,non-informative,0,1000,panel,1,3,0.1,0.1163981871484694,12672
B_visits,homogeneous,1000,2.0,non-informative,0,1000,panel,2,0,0.04,0.0466723872105251,12672
B_visits,homogeneous,1000,2.0,non-informative,0,1000,panel,2,3,0.45,0.4451304780525432,12672
B_visits,homogeneous,1000,2.0,non-informative,0,1000,panel,2,4,0.07,0.0771874181275273,12672
B_visits,homogeneous,1000,2.0,non-informative,0,1000,panel,3,1,0.06,0.0637225230896473,12672
B_visits,homogeneous,1000,2.0,non-informative,0,1000,panel,3,2,0.6,0.6640955981528007,12672
B_visits,homogeneous,1000,2.0,non-informative,0,1000,panel,3,4,0.05,0.0194643229535455,12672
B_visits,homogeneous,1000,2.0,non-informative,0,1000,panel,3,5,0.08,0.0896119708094993,12672
B_visits,homogeneous,1000,2.0,non-informative,0,1000,panel,4,5,0.3,0.3164142100403205,12672
B_visits,homogeneous,1000,2.0,non-informative,0,1000,panel,4,7,0.06,0.0547937541579839,12672
B_visits,homogeneous,1000,2.0,non-informative,0,1000,panel,5,4,0.4,0.4255431296494059,12672
B_visits,homogeneous,1000,2.0,non-informative,0,1000,panel,5,6,0.08,0.0718086970044837,12672
B_visits,homogeneous,1000,2.0,non-informative,0,1000,panel,5,7,0.04,0.0514719861897202,12672
B_visits,homogeneous,1000,2.0,non-informative,0,1000,panel,6,7,0.5,0.5944418404673918,12672
B_visits,homogeneous,1000,2.0,non-informative,0,1000,panel,6,8,0.1,0.0851271030148487,12672
B_visits,homogeneous,1000,2.0,non-informative,0,1000,panel,7,6,0.15,0.157554178882209,12672
B_visits,homogeneous,1000,2.0,non-informative,0,1000,panel,7,8,0.12,0.1253015214326737,12672
B_visits,homogeneous,1000,2.0,non-informative,0,1000,panel,8,9,0.35,0.3574759074249342,12672
B_visits,homogeneous,1000,2.0,non-informative,0,1000,panel,8,10,0.08,0.0740601028791866,12672
B_visits,homogeneous,1000,2.0,non-informative,0,1000,panel,9,8,0.08,0.0860952398818374,12672
B_visits,homogeneous,1000,2.0,non-informative,0,1000,panel,9,10,0.1,0.0894835057004005,12672
B_visits,homogeneous,1000,2.0,non-informative,0,1000,panel,10,11,0.05,0.0647451245830137,12672
B_visits,homogeneous,1000,2.0,non-informative,1,1001,crude,0,1,0.6,0.23368070296863694,13322
B_visits,homogeneous,1000,2.0,non-informative,1,1001,crude,0,2,0.08,0.051730842641911995,13322
B_visits,homogeneous,1000,2.0,non-informative,1,1001,crude,1,0,0.85,0.34227152716567344,13322
B_visits,homogeneous,1000,2.0,non-informative,1,1001,crude,1,2,0.05,0.04947526814480114,13322
B_visits,homogeneous,1000,2.0,non-informative,1,1001,crude,1,3,0.1,0.059208107779843984,13322
B_visits,homogeneous,1000,2.0,non-informative,1,1001,crude,2,0,0.04,0.020830297317499313,13322
B_visits,homogeneous,1000,2.0,non-informative,1,1001,crude,2,3,0.45,0.19788782451624345,13322
B_visits,homogeneous,1000,2.0,non-informative,1,1001,crude,2,4,0.07,0.05165913734739829,13322
B_visits,homogeneous,1000,2.0,non-informative,1,1001,crude,3,1,0.06,0.028463957703317905,13322
B_visits,homogeneous,1000,2.0,non-informative,1,1001,crude,3,2,0.6,0.28084438267273665,13322
B_visits,homogeneous,1000,2.0,non-informative,1,1001,crude,3,4,0.05,0.05439778583300755,13322
B_visits,homogeneous,1000,2.0,non-informative,1,1001,crude,3,5,0.08,0.044277267538494515,13322
B_visits,homogeneous,1000,2.0,non-informative,1,1001,crude,4,5,0.3,0.1870009303441923,13322
B_visits,homogeneous,1000,2.0,non-informative,1,1001,crude,4,7,0.06,0.043691806155185114,13322
B_visits,homogeneous,1000,2.0,non-informative,1,1001,crude,5,4,0.4,0.2325969965034315,13322
B_visits,homogeneous,1000,2.0,non-informative,1,1001,crude,5,6,0.08,0.04183399217687617,13322
B_visits,homogeneous,1000,2.0,non-informative,1,1001,crude,5,7,0.04,0.04685407123810131,13322
B_visits,homogeneous,1000,2.0,non-informative,1,1001,crude,6,7,0.5,0.2534828365715179,13322
B_visits,homogeneous,1000,2.0,non-informative,1,1001,crude,6,8,0.1,0.059850114190497274,13322
B_visits,homogeneous,1000,2.0,non-informative,1,1001,crude,7,6,0.15,0.0765330179654125,13322
B_visits,homogeneous,1000,2.0,non-informative,1,1001,crude,7,8,0.12,0.07783018776143644,13322
B_visits,homogeneous,1000,2.0,non-informative,1,1001,crude,8,9,0.35,0.14774580722671402,13322
B_visits,homogeneous,1000,2.0,non-informative,1,1001,crude,8,10,0.08,0.07387290361335701,13322
B_visits,homogeneous,1000,2.0,non-informative,1,1001,crude,9,8,0.08,0.036560832197662485,13322
B_visits,homogeneous,1000,2.0,non-informative,1,1001,crude,9,10,0.1,0.059411352321201545,13322
B_visits,homogeneous,1000,2.0,non-informative,1,1001,crude,10,11,0.05,0.025039107956739932,13322
B_visits,homogeneous,1000,2.0,non-informative,1,1001,oracle,0,1,0.6,0.6078953081758474,13322
B_visits,homogeneous,1000,2.0,non-informative,1,1001,oracle,0,2,0.08,0.07899372348547894,13322
B_visits,homogeneous,1000,2.0,non-informative,1,1001,oracle,1,0,0.85,0.8848861539916654,13322
B_visits,homogeneous,1000,2.0,non-informative,1,1001,oracle,1,2,0.05,0.05017614904902284,13322
B_visits,homogeneous,1000,2.0,non-informative,1,1001,oracle,1,3,0.1,0.10332884931281822,13322
B_visits,homogeneous,1000,2.0,non-informative,1,1001,oracle,2,0,0.04,0.03662430410568508,13322
B_visits,homogeneous,1000,2.0,non-informative,1,1001,oracle,2,3,0.45,0.4351597423309895,13322
B_visits,homogeneous,1000,2.0,non-informative,1,1001,oracle,2,4,0.07,0.07167336932510414,13322
B_visits,homogeneous,1000,2.0,non-informative,1,1001,oracle,3,1,0.06,0.07045301676505157,13322
B_visits,homogeneous,1000,2.0,non-informative,1,1001,oracle,3,2,0.6,0.6057755116721528,13322
B_visits,homogeneous,1000,2.0,non-informative,1,1001,oracle,3,4,0.05,0.05299030320790203,13322
B_visits,homogeneous,1000,2.0,non-informative,1,1001,oracle,3,5,0.08,0.07767896720249276,13322
B_visits,homogeneous,1000,2.0,non-informative,1,1001,oracle,4,5,0.3,0.30544849415540415,13322
B_visits,homogeneous,1000,2.0,non-informative,1,1001,oracle,4,7,0.06,0.06249034448329256,13322
B_visits,homogeneous,1000,2.0,non-informative,1,1001,oracle,5,4,0.4,0.3889183622021167,13322
B_visits,homogeneous,1000,2.0,non-informative,1,1001,oracle,5,6,0.08,0.07196520875393497,13322
B_visits,homogeneous,1000,2.0,non-informative,1,1001,oracle,5,7,0.04,0.03062349308678084,13322
B_visits,homogeneous,1000,2.0,non-informative,1,1001,oracle,6,7,0.5,0.540191702964101,13322
B_visits,homogeneous,1000,2.0,non-informative,1,1001,oracle,6,8,0.1,0.0874298709999701,13322
B_visits,homogeneous,1000,2.0,non-informative,1,1001,oracle,7,6,0.15,0.1588472891396959,13322
B_visits,homogeneous,1000,2.0,non-informative,1,1001,oracle,7,8,0.12,0.1155253011925061,13322
B_visits,homogeneous,1000,2.0,non-informative,1,1001,oracle,8,9,0.35,0.26246904054283415,13322
B_visits,homogeneous,1000,2.0,non-informative,1,1001,oracle,8,10,0.08,0.06874189157074227,13322
B_visits,homogeneous,1000,2.0,non-informative,1,1001,oracle,9,8,0.08,0.07092940348998218,13322
B_visits,homogeneous,1000,2.0,non-informative,1,1001,oracle,9,10,0.1,0.0844397660595026,13322
B_visits,homogeneous,1000,2.0,non-informative,1,1001,oracle,10,11,0.05,0.03123735392580166,13322
B_visits,homogeneous,1000,2.0,non-informative,1,1001,panel,0,1,0.6,0.5990050527536338,13322
B_visits,homogeneous,1000,2.0,non-informative,1,1001,panel,0,2,0.08,0.07431606684023317,13322
B_visits,homogeneous,1000,2.0,non-informative,1,1001,panel,1,0,0.85,0.87455332425907,13322
B_visits,homogeneous,1000,2.0,non-informative,1,1001,panel,1,2,0.05,0.030556767577846443,13322
B_visits,homogeneous,1000,2.0,non-informative,1,1001,panel,1,3,0.1,0.1256399887025039,13322
B_visits,homogeneous,1000,2.0,non-informative,1,1001,panel,2,0,0.04,0.033885361413383636,13322
B_visits,homogeneous,1000,2.0,non-informative,1,1001,panel,2,3,0.45,0.43944339817441497,13322
B_visits,homogeneous,1000,2.0,non-informative,1,1001,panel,2,4,0.07,0.07301537628996993,13322
B_visits,homogeneous,1000,2.0,non-informative,1,1001,panel,3,1,0.06,0.07054680457135849,13322
B_visits,homogeneous,1000,2.0,non-informative,1,1001,panel,3,2,0.6,0.6317452902238876,13322
B_visits,homogeneous,1000,2.0,non-informative,1,1001,panel,3,4,0.05,0.05701673910051843,13322
B_visits,homogeneous,1000,2.0,non-informative,1,1001,panel,3,5,0.08,0.07182850322558786,13322
B_visits,homogeneous,1000,2.0,non-informative,1,1001,panel,4,5,0.3,0.3299124920678972,13322
B_visits,homogeneous,1000,2.0,non-informative,1,1001,panel,4,7,0.06,0.054980467650928705,13322
B_visits,homogeneous,1000,2.0,non-informative,1,1001,panel,5,4,0.4,0.4064827569301451,13322
B_visits,homogeneous,1000,2.0,non-informative,1,1001,panel,5,6,0.08,0.0724963742638102,13322
B_visits,homogeneous,1000,2.0,non-informative,1,1001,panel,5,7,0.04,0.03994772911510561,13322
B_visits,homogeneous,1000,2.0,non-informative,1,1001,panel,6,7,0.5,0.4628600296436463,13322
B_visits,homogeneous,1000,2.0,non-informative,1,1001,panel,6,8,0.1,0.08856125913952013,13322
B_visits,homogeneous,1000,2.0,non-informative,1,1001,panel,7,6,0.15,0.14216987522690275,13322
B_visits,homogeneous,1000,2.0,non-informative,1,1001,panel,7,8,0.12,0.10782755556063155,13322
B_visits,homogeneous,1000,2.0,non-informative,1,1001,panel,8,9,0.35,0.23116749762928568,13322
B_visits,homogeneous,1000,2.0,non-informative,1,1001,panel,8,10,0.08,0.0859786126270752,13322
B_visits,homogeneous,1000,2.0,non-informative,1,1001,panel,9,8,0.08,0.050419091773916465,13322
B_visits,homogeneous,1000,2.0,non-informative,1,1001,panel,9,10,0.1,0.06085435365567363,13322
B_visits,homogeneous,1000,2.0,non-informative,1,1001,panel,10,11,0.05,0.03709338942679815,13322
B_visits,homogeneous,1000,2.0,non-informative,2,1002,crude,0,1,0.6,0.22919254305421055,13279
B_visits,homogeneous,1000,2.0,non-informative,2,1002,crude,0,2,0.08,0.05525738024320693,13279
B_visits,homogeneous,1000,2.0,non-informative,2,1002,crude,1,0,0.85,0.34240130455763773,13279
B_visits,homogeneous,1000,2.0,non-informative,2,1002,crude,1,2,0.05,0.053310582861505626,13279
B_visits,homogeneous,1000,2.0,non-informative,2,1002,crude,1,3,0.1,0.049843227878643474,13279
B_visits,homogeneous,1000,2.0,non-informative,2,1002,crude,2,0,0.04,0.025287419380278252,13279
B_visits,homogeneous,1000,2.0,non-informative,2,1002,crude,2,3,0.45,0.20744255898397754,13279
B_visits,homogeneous,1000,2.0,non-informative,2,1002,crude,2,4,0.07,0.04971763810359792,13279
B_visits,homogeneous,1000,2.0,non-informative,2,1002,crude,3,1,0.06,0.029242915234930444,13279
B_visits,homogeneous,1000,2.0,non-informative,2,1002,crude,3,2,0.6,0.2662971855436219,13279
B_visits,homogeneous,1000,2.0,non-informative,2,1002,crude,3,4,0.05,0.0659521067000559,13279
B_visits,homogeneous,1000,2.0,non-informative,2,1002,crude,3,5,0.08,0.05786364078401131,13279
B_visits,homogeneous,1000,2.0,non-informative,2,1002,crude,4,5,0.3,0.1796357526944679,13279
B_visits,homogeneous,1000,2.0,non-informative,2,1002,crude,4,7,0.06,0.05730711128903271,13279
B_visits,homogeneous,1000,2.0,non-informative,2,1002,crude,5,4,0.4,0.22996407913007857,13279
B_visits,homogeneous,1000,2.0,non-informative,2,1002,crude,5,6,0.08,0.043268502693464266,13279
B_visits,homogeneous,1000,2.0,non-informative,2,1002,crude,5,7,0.04,0.04727484553545169,13279
B_visits,homogeneous,1000,2.0,non-informative,2,1002,crude,6,7,0.5,0.2278743382279493,13279
B_visits,homogeneous,1000,2.0,non-informative,2,1002,crude,6,8,0.1,0.09052542203576068,13279
B_visits,homogeneous,1000,2.0,non-informative,2,1002,crude,7,6,0.15,0.06994265806396517,13279
B_visits,homogeneous,1000,2.0,non-informative,2,1002,crude,7,8,0.12,0.07116972224052596,13279
B_visits,homogeneous,1000,2.0,non-informative,2,1002,crude,8,9,0.35,0.19910707115489384,13279
B_visits,homogeneous,1000,2.0,non-informative,2,1002,crude,8,10,0.08,0.07632437727604265,13279
B_visits,homogeneous,1000,2.0,non-informative,2,1002,crude,9,8,0.08,0.068138948944688,13279
B_visits,homogeneous,1000,2.0,non-informative,2,1002,crude,9,10,0.1,0.1042125101506993,13279
B_visits,homogeneous,1000,2.0,non-informative,2,1002,crude,10,11,0.05,0.035959082673526974,13279
B_visits,homogeneous,1000,2.0,non-informative,2,1002,oracle,0,1,0.6,0.6050943654972802,13279
B_visits,homogeneous,1000,2.0,non-informative,2,1002,oracle,0,2,0.08,0.08594186148567368,13279
B_visits,homogeneous,1000,2.0,non-informative,2,1002,oracle,1,0,0.85,0.8670199003527791,13279
B_visits,homogeneous,1000,2.0,non-informative,2,1002,oracle,1,2,0.05,0.052012148430135415,13279
B_visits,homogeneous,1000,2.0,non-informative,2,1002,oracle,1,3,0.1,0.10221517865400526,13279
B_visits,homogeneous,1000,2.0,non-informative,2,1002,oracle,2,0,0.04,0.039734039086585606,13279
B_visits,homogeneous,1000,2.0,non-informative,2,1002,oracle,2,3,0.45,0.46656773731568046,13279
B_visits,homogeneous,1000,2.0,non-informative,2,1002,oracle,2,4,0.07,0.07414289767703088,13279
B_visits,homogeneous,1000,2.0,non-informative,2,1002,oracle,3,1,0.06,0.06085240227635109,13279
B_visits,homogeneous,1000,2.0,non-informative,2,1002,oracle,3,2,0.6,0.6043478775092516,13279
B_visits,homogeneous,1000,2.0,non-informative,2,1002,oracle,3,4,0.05,0.06980128496404978,13279
B_visits,homogeneous,1000,2.0,non-informative,2,1002,oracle,3,5,0.08,0.09187519559370655,13279
B_visits,homogeneous,1000,2.0,non-informative,2,1002,oracle,4,5,0.3,0.2960437029076386,13279
B_visits,homogeneous,1000,2.0,non-informative,2,1002,oracle,4,7,0.06,0.06629354714683873,13279
B_visits,homogeneous,1000,2.0,non-informative,2,1002,oracle,5,4,0.4,0.3762974246549738,13279
B_visits,homogeneous,1000,2.0,non-informative,2,1002,oracle,5,6,0.08,0.0814210801885031,13279
B_visits,homogeneous,1000,2.0,non-informative,2,1002,oracle,5,7,0.04,0.03667616224707347,13279
B_visits,homogeneous,1000,2.0,non-informative,2,1002,oracle,6,7,0.5,0.513486115569767,13279
B_visits,homogeneous,1000,2.0,non-informative,2,1002,oracle,6,8,0.1,0.10439003448396361,13279
B_visits,homogeneous,1000,2.0,non-informative,2,1002,oracle,7,6,0.15,0.1484248533988327,13279
B_visits,homogeneous,1000,2.0,non-informative,2,1002,oracle,7,8,0.12,0.11566902368322826,13279
B_visits,homogeneous,1000,2.0,non-informative,2,1002,oracle,8,9,0.35,0.32994526838789356,13279
B_visits,homogeneous,1000,2.0,non-informative,2,1002,oracle,8,10,0.08,0.06931623285459948,13279
B_visits,homogeneous,1000,2.0,non-informative,2,1002,oracle,9,8,0.08,0.09670220985853632,13279
B_visits,homogeneous,1000,2.0,non-informative,2,1002,oracle,9,10,0.1,0.12389970638124967,13279
B_visits,homogeneous,1000,2.0,non-informative,2,1002,oracle,10,11,0.05,0.03115439422216601,13279
B_visits,homogeneous,1000,2.0,non-informative,2,1002,panel,0,1,0.6,0.5896670669643287,13279
B_visits,homogeneous,1000,2.0,non-informative,2,1002,panel,0,2,0.08,0.08789357223524102,13279
B_visits,homogeneous,1000,2.0,non-informative,2,1002,panel,1,0,0.85,0.8735446310176697,13279
B_visits,homogeneous,1000,2.0,non-informative,2,1002,panel,1,2,0.05,0.0345889445174262,13279
B_visits,homogeneous,1000,2.0,non-informative,2,1002,panel,1,3,0.1,0.1154501873964309,13279
B_visits,homogeneous,1000,2.0,non-informative,2,1002,panel,2,0,0.04,0.038744667740273464,13279
B_visits,homogeneous,1000,2.0,non-informative,2,1002,panel,2,3,0.45,0.466637791168593,13279
B_visits,homogeneous,1000,2.0,non-informative,2,1002,panel,2,4,0.07,0.0665370635918668,13279
B_visits,homogeneous,1000,2.0,non-informative,2,1002,panel,3,1,0.06,0.05840754711594994,13279
B_visits,homogeneous,1000,2.0,non-informative,2,1002,panel,3,2,0.6,0.6039098067219446,13279
B_visits,homogeneous,1000,2.0,non-informative,2,1002,panel,3,4,0.05,0.08220565967313746,13279
B_visits,homogeneous,1000,2.0,non-informative,2,1002,panel,3,5,0.08,0.09427528592561314,13279
B_visits,homogeneous,1000,2.0,non-informative,2,1002,panel,4,5,0.3,0.3196924982888606,13279
B_visits,homogeneous,1000,2.0,non-informative,2,1002,panel,4,7,0.06,0.07261800086183817,13279
B_visits,homogeneous,1000,2.0,non-informative,2,1002,panel,5,4,0.4,0.41504173096015273,13279
B_visits,homogeneous,1000,2.0,non-informative,2,1002,panel,5,6,0.08,0.08229168392485532,13279
B_visits,homogeneous,1000,2.0,non-informative,2,1002,panel,5,7,0.04,0.027067618267138858,13279
B_visits,homogeneous,1000,2.0,non-informative,2,1002,panel,6,7,0.5,0.4645721495814055,13279
B_visits,homogeneous,1000,2.0,non-informative,2,1002,panel,6,8,0.1,0.11224985323335325,13279
B_visits,homogeneous,1000,2.0,non-informative,2,1002,panel,7,6,0.15,0.1328024739548301,13279
B_visits,homogeneous,1000,2.0,non-informative,2,1002,panel,7,8,0.12,0.11208478633536646,13279
B_visits,homogeneous,1000,2.0,non-informative,2,1002,panel,8,9,0.35,0.31751597852409,13279
B_visits,homogeneous,1000,2.0,non-informative,2,1002,panel,8,10,0.08,0.0788043456138316,13279
B_visits,homogeneous,1000,2.0,non-informative,2,1002,panel,9,8,0.08,0.11047912806984966,13279
B_visits,homogeneous,1000,2.0,non-informative,2,1002,panel,9,10,0.1,0.11843052837367414,13279
B_visits,homogeneous,1000,2.0,non-informative,2,1002,panel,10,11,0.05,0.033905694081903935,13279
B_visits,homogeneous,1000,2.0,non-informative,3,1003,crude,0,1,0.6,0.23368187821503741,13399
B_visits,homogeneous,1000,2.0,non-informative,3,1003,crude,0,2,0.08,0.05260900923165764,13399
B_visits,homogeneous,1000,2.0,non-informative,3,1003,crude,1,0,0.85,0.34261213269979407,13399
B_visits,homogeneous,1000,2.0,non-informative,3,1003,crude,1,2,0.05,0.054449360942510065,13399
B_visits,homogeneous,1000,2.0,non-informative,3,1003,crude,1,3,0.1,0.04481601246806598,13399
B_visits,homogeneous,1000,2.0,non-informative,3,1003,crude,2,0,0.04,0.020731657675838462,13399
B_visits,homogeneous,1000,2.0,non-informative,3,1003,crude,2,3,0.45,0.19734943364500074,13399
B_visits,homogeneous,1000,2.0,non-informative,3,1003,crude,2,4,0.07,0.05422125853680829,13399
B_visits,homogeneous,1000,2.0,non-informative,3,1003,crude,3,1,0.06,0.022477058169502608,13399
B_visits,homogeneous,1000,2.0,non-informative,3,1003,crude,3,2,0.6,0.26735869191092576,13399
B_visits,homogeneous,1000,2.0,non-informative,3,1003,crude,3,4,0.05,0.04613711940055798,13399
B_visits,homogeneous,1000,2.0,non-informative,3,1003,crude,3,5,0.08,0.044954116339005215,13399
B_visits,homogeneous,1000,2.0,non-informative,3,1003,crude,4,5,0.3,0.16744072174191743,13399
B_visits,homogeneous,1000,2.0,non-informative,3,1003,crude,4,7,0.06,0.045254249119437144,13399
B_visits,homogeneous,1000,2.0,non-informative,3,1003,crude,5,4,0.4,0.22477704552880404,13399
B_visits,homogeneous,1000,2.0,non-informative,3,1003,crude,5,6,0.08,0.049570603196466285,13399
B_visits,homogeneous,1000,2.0,non-informative,3,1003,crude,5,7,0.04,0.059826590064700695,13399
B_visits,homogeneous,1000,2.0,non-informative,3,1003,crude,6,7,0.5,0.2567474196884323,13399
B_visits,homogeneous,1000,2.0,non-informative,3,1003,crude,6,8,0.1,0.07149928143222165,13399
B_visits,homogeneous,1000,2.0,non-informative,3,1003,crude,7,6,0.15,0.07928332606569513,13399
B_visits,homogeneous,1000,2.0,non-informative,3,1003,crude,7,8,0.12,0.06626666059222279,13399
B_visits,homogeneous,1000,2.0,non-informative,3,1003,crude,8,9,0.35,0.2049309459561232,13399
B_visits,homogeneous,1000,2.0,non-informative,3,1003,crude,8,10,0.08,0.06660255743574005,13399
B_visits,homogeneous,1000,2.0,non-informative,3,1003,crude,9,8,0.08,0.041635329772629466,13399
B_visits,homogeneous,1000,2.0,non-informative,3,1003,crude,9,10,0.1,0.07948562956592899,13399
B_visits,homogeneous,1000,2.0,non-informative,3,1003,crude,10,11,0.05,0.03157699458059832,13399
B_visits,homogeneous,1000,2.0,non-informative,3,1003,oracle,0,1,0.6,0.6013083506874972,13399
B_visits,homogeneous,1000,2.0,non-informative,3,1003,oracle,0,2,0.08,0.07665230879764438,13399
B_visits,homogeneous,1000,2.0,non-informative,3,1003,oracle,1,0,0.85,0.8503887176617554,13399
B_visits,homogeneous,1000,2.0,non-informative,3,1003,oracle,1,2,0.05,0.04854410620699113,13399
B_visits,homogeneous,1000,2.0,non-informative,3,1003,oracle,1,3,0.1,0.09925536001250865,13399
B_visits,homogeneous,1000,2.0,non-informative,3,1003,oracle,2,0,0.04,0.03838432873575805,13399
B_visits,homogeneous,1000,2.0,non-informative,3,1003,oracle,2,3,0.45,0.44871280292101157,13399
B_visits,homogeneous,1000,2.0,non-informative,3,1003,oracle,2,4,0.07,0.07715250075887367,13399
B_visits,homogeneous,1000,2.0,non-informative,3,1003,oracle,3,1,0.06,0.057061336338908995,13399
B_visits,homogeneous,1000,2.0,non-informative,3,1003,oracle,3,2,0.6,0.6253691911890531,13399
B_visits,homogeneous,1000,2.0,non-informative,3,1003,oracle,3,4,0.05,0.04265190797049763,13399
B_visits,homogeneous,1000,2.0,non-informative,3,1003,oracle,3,5,0.08,0.08184555313257653,13399
B_visits,homogeneous,1000,2.0,non-informative,3,1003,oracle,4,5,0.3,0.2776269980254435,13399
B_visits,homogeneous,1000,2.0,non-informative,3,1003,oracle,4,7,0.06,0.05796607651080688,13399
B_visits,homogeneous,1000,2.0,non-informative,3,1003,oracle,5,4,0.4,0.3859313201792022,13399
B_visits,homogeneous,1000,2.0,non-informative,3,1003,oracle,5,6,0.08,0.08213001235218559,13399
B_visits,homogeneous,1000,2.0,non-informative,3,1003,oracle,5,7,0.04,0.05023486192415235,13399
B_visits,homogeneous,1000,2.0,non-informative,3,1003,oracle,6,7,0.5,0.47857809217947145,13399
B_visits,homogeneous,1000,2.0,non-informative,3,1003,oracle,6,8,0.1,0.08675977109686325,13399
B_visits,homogeneous,1000,2.0,non-informative,3,1003,oracle,7,6,0.15,0.14792881756370482,13399
B_visits,homogeneous,1000,2.0,non-informative,3,1003,oracle,7,8,0.12,0.11347964087078727,13399
B_visits,homogeneous,1000,2.0,non-informative,3,1003,oracle,8,9,0.35,0.34821009192288743,13399
B_visits,homogeneous,1000,2.0,non-informative,3,1003,oracle,8,10,0.08,0.08882910508236924,13399
B_visits,homogeneous,1000,2.0,non-informative,3,1003,oracle,9,8,0.08,0.05775886352806095,13399
B_visits,homogeneous,1000,2.0,non-informative,3,1003,oracle,9,10,0.1,0.08663829529209142,13399
B_visits,homogeneous,1000,2.0,non-informative,3,1003,oracle,10,11,0.05,0.0423678352528482,13399
B_visits,homogeneous,1000,2.0,non-informative,3,1003,panel,0,1,0.6,0.6162198699697617,13399
B_visits,homogeneous,1000,2.0,non-informative,3,1003,panel,0,2,0.08,0.07797213600927438,13399
B_visits,homogeneous,1000,2.0,non-informative,3,1003,panel,1,0,0.85,0.8964086263233713,13399
B_visits,homogeneous,1000,2.0,non-informative,3,1003,panel,1,2,0.05,0.045323768058894355,13399
B_visits,homogeneous,1000,2.0,non-informative,3,1003,panel,1,3,0.1,0.10264621722076123,13399
B_visits,homogeneous,1000,2.0,non-informative,3,1003,panel,2,0,0.04,0.03758773072142545,13399
B_visits,homogeneous,1000,2.0,non-informative,3,1003,panel,2,3,0.45,0.44342496672934173,13399
B_visits,homogeneous,1000,2.0,non-informative,3,1003,panel,2,4,0.07,0.07888165284108392,13399
B_visits,homogeneous,1000,2.0,non-informative,3,1003,panel,3,1,0.06,0.062000883935637296,13399
B_visits,homogeneous,1000,2.0,non-informative,3,1003,panel,3,2,0.6,0.5979583201055281,13399
B_visits,homogeneous,1000,2.0,non-informative,3,1003,panel,3,4,0.05,0.04061073306359669,13399
B_visits,homogeneous,1000,2.0,non-informative,3,1003,panel,3,5,0.08,0.0843909488995115,13399
B_visits,homogeneous,1000,2.0,non-informative,3,1003,panel,4,5,0.3,0.2889748452824372,13399
B_visits,homogeneous,1000,2.0,non-informative,3,1003,panel,4,7,0.06,0.052672996124771713,13399
B_visits,homogeneous,1000,2.0,non-informative,3,1003,panel,5,4,0.4,0.3859050461210305,13399
B_visits,homogeneous,1000,2.0,non-informative,3,1003,panel,5,6,0.08,0.09011729337368045,13399
B_visits,homogeneous,1000,2.0,non-informative,3,1003,panel,5,7,0.04,0.054889117275518796,13399
B_visits,homogeneous,1000,2.0,non-informative,3,1003,panel,6,7,0.5,0.520074133739209,13399
B_visits,homogeneous,1000,2.0,non-informative,3,1003,panel,6,8,0.1,0.09834627717772593,13399
B_visits,homogeneous,1000,2.0,non-informative,3,1003,panel,7,6,0.15,0.1595592240146259,13399
B_visits,homogeneous,1000,2.0,non-informative,3,1003,panel,7,8,0.12,0.11708782362165718,13399
B_visits,homogeneous,1000,2.0,non-informative,3,1003,panel,8,9,0.35,0.3368093609970604,13399
B_visits,homogeneous,1000,2.0,non-informative,3,1003,panel,8,10,0.08,0.0966691754725532,13399
B_visits,homogeneous,1000,2.0,non-informative,3,1003,panel,9,8,0.08,0.06662750053848163,13399
B_visits,homogeneous,1000,2.0,non-informative,3,1003,panel,9,10,0.1,0.0890477626823711,13399
B_visits,homogeneous,1000,2.0,non-informative,3,1003,panel,10,11,0.05,0.0448514603261633,13399
B_visits,homogeneous,1000,2.0,non-informative,4,1004,crude,0,1,0.6,0.2227626047912422,13179
B_visits,homogeneous,1000,2.0,non-informative,4,1004,crude,0,2,0.08,0.054137525467194324,13179
B_visits,homogeneous,1000,2.0,non-informative,4,1004,crude,1,0,0.85,0.33943011872937123,13179
B_visits,homogeneous,1000,2.0,non-informative,4,1004,crude,1,2,0.05,0.06485389365300642,13179
B_visits,homogeneous,1000,2.0,non-informative,4,1004,crude,1,3,0.1,0.040428401238237766,13179
B_visits,homogeneous,1000,2.0,non-informative,4,1004,crude,2,0,0.04,0.02409898154938515,13179
B_visits,homogeneous,1000,2.0,non-informative,4,1004,crude,2,3,0.45,0.1927918523950812,13179
B_visits,homogeneous,1000,2.0,non-informative,4,1004,crude,2,4,0.07,0.047012767284866114,13179
B_visits,homogeneous,1000,2.0,non-informative,4,1004,crude,3,1,0.06,0.016351696652044626,13179
B_visits,homogeneous,1000,2.0,non-informative,4,1004,crude,3,2,0.6,0.2707114223505166,13179
B_visits,homogeneous,1000,2.0,non-informative,4,1004,crude,3,4,0.05,0.04844947156161371,13179
B_visits,homogeneous,1000,2.0,non-informative,4,1004,crude,3,5,0.08,0.04360452440545234,13179
B_visits,homogeneous,1000,2.0,non-informative,4,1004,crude,4,5,0.3,0.15210360792763997,13179
B_visits,homogeneous,1000,2.0,non-informative,4,1004,crude,4,7,0.06,0.055911602914112714,13179
B_visits,homogeneous,1000,2.0,non-informative,4,1004,crude,5,4,0.4,0.23479219179000183,13179
B_visits,homogeneous,1000,2.0,non-informative,4,1004,crude,5,6,0.08,0.05087164155450039,13179
B_visits,homogeneous,1000,2.0,non-informative,4,1004,crude,5,7,0.04,0.05576314555012543,13179
B_visits,homogeneous,1000,2.0,non-informative,4,1004,crude,6,7,0.5,0.27047098271381287,13179
B_visits,homogeneous,1000,2.0,non-informative,4,1004,crude,6,8,0.1,0.10046065072227335,13179
B_visits,homogeneous,1000,2.0,non-informative,4,1004,crude,7,6,0.15,0.06271232271318593,13179
B_visits,homogeneous,1000,2.0,non-informative,4,1004,crude,7,8,0.12,0.06271232271318593,13179
B_visits,homogeneous,1000,2.0,non-informative,4,1004,crude,8,9,0.35,0.2117329708464872,13179
B_visits,homogeneous,1000,2.0,non-informative,4,1004,crude,8,10,0.08,0.10057316115208143,13179
B_visits,homogeneous,1000,2.0,non-informative,4,1004,crude,9,8,0.08,0.029557228494688347,13179
B_visits,homogeneous,1000,2.0,non-informative,4,1004,crude,9,10,0.1,0.10556153033817267,13179
B_visits,homogeneous,1000,2.0,non-informative,4,1004,crude,10,11,0.05,0.04852073749364514,13179
B_visits,homogeneous,1000,2.0,non-informative,4,1004,oracle,0,1,0.6,0.5682943223223385,13179
B_visits,homogeneous,1000,2.0,non-informative,4,1004,oracle,0,2,0.08,0.08106038646622313,13179
B_visits,homogeneous,1000,2.0,non-informative,4,1004,oracle,1,0,0.85,0.8887037669286106,13179
B_visits,homogeneous,1000,2.0,non-informative,4,1004,oracle,1,2,0.05,0.05285637323466535,13179
B_visits,homogeneous,1000,2.0,non-informative,4,1004,oracle,1,3,0.1,0.09182675011107116,13179
B_visits,homogeneous,1000,2.0,non-informative,4,1004,oracle,2,0,0.04,0.040194829055032424,13179
B_visits,homogeneous,1000,2.0,non-informative,4,1004,oracle,2,3,0.45,0.42937093093366413,13179
B_visits,homogeneous,1000,2.0,non-informative,4,1004,oracle,2,4,0.07,0.06611485900640847,13179
B_visits,homogeneous,1000,2.0,non-informative,4,1004,oracle,3,1,0.06,0.05095900114485889,13179
B_visits,homogeneous,1000,2.0,non-informative,4,1004,oracle,3,2,0.6,0.615022427610366,13179
B_visits,homogeneous,1000,2.0,non-informative,4,1004,oracle,3,4,0.05,0.0410014951740244,13179
B_visits,homogeneous,1000,2.0,non-informative,4,1004,oracle,3,5,0.08,0.08083151905736238,13179
B_visits,homogeneous,1000,2.0,non-informative,4,1004,oracle,4,5,0.3,0.28148235979489306,13179
B_visits,homogeneous,1000,2.0,non-informative,4,1004,oracle,4,7,0.06,0.06327898010892945,13179
B_visits,homogeneous,1000,2.0,non-informative,4,1004,oracle,5,4,0.4,0.4183820414047054,13179
B_visits,homogeneous,1000,2.0,non-informative,4,1004,oracle,5,6,0.08,0.09257815384274333,13179
B_visits,homogeneous,1000,2.0,non-informative,4,1004,oracle,5,7,0.04,0.04272837869665077,13179
B_visits,homogeneous,1000,2.0,non-informative,4,1004,oracle,6,7,0.5,0.5225872567795029,13179
B_visits,homogeneous,1000,2.0,non-informative,4,1004,oracle,6,8,0.1,0.1096788069784142,13179
B_visits,homogeneous,1000,2.0,non-informative,4,1004,oracle,7,6,0.15,0.13244631334886664,13179
B_visits,homogeneous,1000,2.0,non-informative,4,1004,oracle,7,8,0.12,0.10787965845351234,13179
B_visits,homogeneous,1000,2.0,non-informative,4,1004,oracle,8,9,0.35,0.36656175124678614,13179
B_visits,homogeneous,1000,2.0,non-informative,4,1004,oracle,8,10,0.08,0.0954587893871839,13179
B_visits,homogeneous,1000,2.0,non-informative,4,1004,oracle,9,8,0.08,0.07161032319723726,13179
B_visits,homogeneous,1000,2.0,non-informative,4,1004,oracle,9,10,0.1,0.10090545541428886,13179
B_visits,homogeneous,1000,2.0,non-informative,4,1004,oracle,10,11,0.05,0.058331139402760246,13179
B_visits,homogeneous,1000,2.0,non-informative,4,1004,panel,0,1,0.6,0.5587990589660384,13179
B_visits,homogeneous,1000,2.0,non-informative,4,1004,panel,0,2,0.08,0.0762992552456938,13179
B_visits,homogeneous,1000,2.0,non-informative,4,1004,panel,1,0,0.85,0.8580487879347655,13179
B_visits,homogeneous,1000,2.0,non-informative,4,1004,panel,1,2,0.05,0.07454240204638757,13179
B_visits,homogeneous,1000,2.0,non-informative,4,1004,panel,1,3,0.1,0.0765076852587853,13179
B_visits,homogeneous,1000,2.0,non-informative,4,1004,panel,2,0,0.04,0.04513750898499238,13179
B_visits,homogeneous,1000,2.0,non-informative,4,1004,panel,2,3,0.45,0.42065890667714406,13179
B_visits,homogeneous,1000,2.0,non-informative,4,1004,panel,2,4,0.07,0.06388029792048719,13179
B_visits,homogeneous,1000,2.0,non-informative,4,1004,panel,3,1,0.06,0.04073447237267631,13179
B_visits,homogeneous,1000,2.0,non-informative,4,1004,panel,3,2,0.6,0.5840285100374237,13179
B_visits,homogeneous,1000,2.0,non-informative,4,1004,panel,3,4,0.05,0.04470037850257481,13179
B_visits,homogeneous,1000,2.0,non-informative,4,1004,panel,3,5,0.08,0.08193642174424746,13179
B_visits,homogeneous,1000,2.0,non-informative,4,1004,panel,4,5,0.3,0.2708754554196363,13179
B_visits,homogeneous,1000,2.0,non-informative,4,1004,panel,4,7,0.06,0.06314155592023969,13179
B_visits,homogeneous,1000,2.0,non-informative,4,1004,panel,5,4,0.4,0.41116554827417723,13179
B_visits,homogeneous,1000,2.0,non-informative,4,1004,panel,5,6,0.08,0.10062152241517242,13179
B_visits,homogeneous,1000,2.0,non-informative,4,1004,panel,5,7,0.04,0.0417522135465952,13179
B_visits,homogeneous,1000,2.0,non-informative,4,1004,panel,6,7,0.5,0.5389478607241474,13179
B_visits,homogeneous,1000,2.0,non-informative,4,1004,panel,6,8,0.1,0.13622008742351638,13179
B_visits,homogeneous,1000,2.0,non-informative,4,1004,panel,7,6,0.15,0.12978431687290054,13179
B_visits,homogeneous,1000,2.0,non-informative,4,1004,panel,7,8,0.12,0.09910869814326545,13179
B_visits,homogeneous,1000,2.0,non-informative,4,1004,panel,8,9,0.35,0.37373281506693673,13179
B_visits,homogeneous,1000,2.0,non-informative,4,1004,panel,8,10,0.08,0.0704600307602274,13179
B_visits,homogeneous,1000,2.0,non-informative,4,1004,panel,9,8,0.08,0.04997168382811096,13179
B_visits,homogeneous,1000,2.0,non-informative,4,1004,panel,9,10,0.1,0.13091684173194298,13179
B_visits,homogeneous,1000,2.0,non-informative,4,1004,panel,10,11,0.05,0.0550186259355601,13179
C_noninf,homogeneous,250,1.0,non-informative,0,1000,crude,0,1,0.6,0.3520833927726989,6490
C_noninf,homogeneous,250,1.0,non-informative,0,1000,crude,0,2,0.08,0.05463362991300501,6490
C_noninf,homogeneous,250,1.0,non-informative,0,1000,crude,1,0,0.85,0.5247302324394296,6490
C_noninf,homogeneous,250,1.0,non-informative,0,1000,crude,1,2,0.05,0.05711349468728486,6490
C_noninf,homogeneous,250,1.0,non-informative,0,1000,crude,1,3,0.1,0.07853105519501669,6490
C_noninf,homogeneous,250,1.0,non-informative,0,1000,crude,2,0,0.04,0.04353300159113121,6490
C_noninf,homogeneous,250,1.0,non-informative,0,1000,crude,2,3,0.45,0.29384776074013563,6490
C_noninf,homogeneous,250,1.0,non-informative,0,1000,crude,2,4,0.07,0.0637447523298707,6490
C_noninf,homogeneous,250,1.0,non-informative,0,1000,crude,3,1,0.06,0.027084083788154995,6490
C_noninf,homogeneous,250,1.0,non-informative,0,1000,crude,3,2,0.6,0.39376091045856104,6490
C_noninf,homogeneous,250,1.0,non-informative,0,1000,crude,3,4,0.05,0.047917994394428065,6490
C_noninf,homogeneous,250,1.0,non-informative,0,1000,crude,3,5,0.08,0.05416816757630999,6490
C_noninf,homogeneous,250,1.0,non-informative,0,1000,crude,4,5,0.3,0.2194104509043104,6490
C_noninf,homogeneous,250,1.0,non-informative,0,1000,crude,4,7,0.06,0.04297730481630822,6490
C_noninf,homogeneous,250,1.0,non-informative,0,1000,crude,5,4,0.4,0.2555407290970139,6490
C_noninf,homogeneous,250,1.0,non-informative,0,1000,crude,5,6,0.08,0.06879942706458066,6490
C_noninf,homogeneous,250,1.0,non-informative,0,1000,crude,5,7,0.04,0.055694774290374824,6490
C_noninf,homogeneous,250,1.0,non-informative,0,1000,crude,6,7,0.5,0.33706350276392066,6490
C_noninf,homogeneous,250,1.0,non-informative,0,1000,crude,6,8,0.1,0.12639881353647026,6490
C_noninf,homogeneous,250,1.0,non-informative,0,1000,crude,7,6,0.15,0.09762138521956439,6490
C_noninf,homogeneous,250,1.0,non-informative,0,1000,crude,7,8,0.12,0.06972956087111742,6490
C_noninf,homogeneous,250,1.0,non-informative,0,1000,crude,8,9,0.35,0.26427560169891445,6490
C_noninf,homogeneous,250,1.0,non-informative,0,1000,crude,8,10,0.08,0.09438414346389801,6490
C_noninf,homogeneous,250,1.0,non-informative,0,1000,crude,9,8,0.08,0.033510492135087486,6490
C_noninf,homogeneous,250,1.0,non-informative,0,1000,crude,9,10,0.1,0.1172867224728062,6490
C_noninf,homogeneous,250,1.0,non-informative,0,1000,crude,10,11,0.05,0.03941787679548428,6490
C_noninf,homogeneous,250,1.0,non-informative,0,1000,oracle,0,1,0.6,0.6485460025506916,6490
C_noninf,homogeneous,250,1.0,non-informative,0,1000,oracle,0,2,0.08,0.06252522897936724,6490
C_noninf,homogeneous,250,1.0,non-informative,0,1000,oracle,1,0,0.85,0.9248012062954919,6490
C_noninf,homogeneous,250,1.0,non-informative,0,1000,oracle,1,2,0.05,0.05757517237637303,6490
C_noninf,homogeneous,250,1.0,non-informative,0,1000,oracle,1,3,0.1,0.11874879302626938,6490
C_noninf,homogeneous,250,1.0,non-informative,0,1000,oracle,2,0,0.04,0.05515552169739446,6490
C_noninf,homogeneous,250,1.0,non-informative,0,1000,oracle,2,3,0.45,0.45350095617857666,6490
C_noninf,homogeneous,250,1.0,non-informative,0,1000,oracle,2,4,0.07,0.06588020647188783,6490
C_noninf,homogeneous,250,1.0,non-informative,0,1000,oracle,3,1,0.06,0.044890144294684714,6490
C_noninf,homogeneous,250,1.0,non-informative,0,1000,oracle,3,2,0.6,0.5835718758309012,6490
C_noninf,homogeneous,250,1.0,non-informative,0,1000,oracle,3,4,0.05,0.044890144294684714,6490
C_noninf,homogeneous,250,1.0,non-informative,0,1000,oracle,3,5,0.08,0.08773982748506558,6490
C_noninf,homogeneous,250,1.0,non-informative,0,1000,oracle,4,5,0.3,0.2762068449016494,6490
C_noninf,homogeneous,250,1.0,non-informative,0,1000,oracle,4,7,0.06,0.053528458314273136,6490
C_noninf,homogeneous,250,1.0,non-informative,0,1000,oracle,5,4,0.4,0.3344528360809043,6490
C_noninf,homogeneous,250,1.0,non-informative,0,1000,oracle,5,6,0.08,0.0906460957602451,6490
C_noninf,homogeneous,250,1.0,non-informative,0,1000,oracle,5,7,0.04,0.040634456720109874,6490
C_noninf,homogeneous,250,1.0,non-informative,0,1000,oracle,6,7,0.5,0.5549653642901211,6490
C_noninf,homogeneous,250,1.0,non-informative,0,1000,oracle,6,8,0.1,0.09866050920713264,6490
C_noninf,homogeneous,250,1.0,non-informative,0,1000,oracle,7,6,0.15,0.13591255224429136,6490
C_noninf,homogeneous,250,1.0,non-informative,0,1000,oracle,7,8,0.12,0.11837544872889892,6490
C_noninf,homogeneous,250,1.0,non-informative,0,1000,oracle,8,9,0.35,0.33260860696283895,6490
C_noninf,homogeneous,250,1.0,non-informative,0,1000,oracle,8,10,0.08,0.11086953565427965,6490
C_noninf,homogeneous,250,1.0,non-informative,0,1000,oracle,9,8,0.08,0.04312918417798348,6490
C_noninf,homogeneous,250,1.0,non-informative,0,1000,oracle,9,10,0.1,0.12938755253395046,6490
C_noninf,homogeneous,250,1.0,non-informative,0,1000,oracle,10,11,0.05,0.04862973957270046,6490
C_noninf,homogeneous,250,1.0,non-informative,0,1000,panel,0,1,0.6,0.6243327005913867,6490
C_noninf,homogeneous,250,1.0,non-informative,0,1000,panel,0,2,0.08,0.06340474257945851,6490
C_noninf,homogeneous,250,1.0,non-informative,0,1000,panel,1,0,0.85,0.9183016793059661,6490
C_noninf,homogeneous,250,1.0,non-informative,0,1000,panel,1,2,0.05,0.053014260850940784,6490
C_noninf,homogeneous,250,1.0,non-informative,0,1000,panel,1,3,0.1,0.12367003079261189,6490
C_noninf,homogeneous,250,1.0,non-informative,0,1000,panel,2,0,0.04,0.056557734777577126,6490
C_noninf,homogeneous,250,1.0,non-informative,0,1000,panel,2,3,0.45,0.454591390801581,6490
C_noninf,homogeneous,250,1.0,non-informative,0,1000,panel,2,4,0.07,0.07364104147179971,6490
C_noninf,homogeneous,250,1.0,non-informative,0,1000,panel,3,1,0.06,0.03791086099548669,6490
C_noninf,homogeneous,250,1.0,non-informative,0,1000,panel,3,2,0.6,0.6014554349429843,6490
C_noninf,homogeneous,250,1.0,non-informative,0,1000,panel,3,4,0.05,0.043107920481566905,6490
C_noninf,homogeneous,250,1.0,non-informative,0,1000,panel,3,5,0.08,0.07748514076713836,6490
C_noninf,homogeneous,250,1.0,non-informative,0,1000,panel,4,5,0.3,0.2858898226088599,6490
C_noninf,homogeneous,250,1.0,non-informative,0,1000,panel,4,7,0.06,0.04595787030995267,6490
C_noninf,homogeneous,250,1.0,non-informative,0,1000,panel,5,4,0.4,0.33716019350553794,6490
C_noninf,homogeneous,250,1.0,non-informative,0,1000,panel,5,6,0.08,0.08992777739500861,6490
C_noninf,homogeneous,250,1.0,non-informative,0,1000,panel,5,7,0.04,0.04897067148684747,6490
C_noninf,homogeneous,250,1.0,non-informative,0,1000,panel,6,7,0.5,0.5183001459037323,6490
C_noninf,homogeneous,250,1.0,non-informative,0,1000,panel,6,8,0.1,0.17469523409417248,6490
C_noninf,homogeneous,250,1.0,non-informative,0,1000,panel,7,6,0.15,0.1443503154276167,6490
C_noninf,homogeneous,250,1.0,non-informative,0,1000,panel,7,8,0.12,0.09272867960659524,6490
C_noninf,homogeneous,250,1.0,non-informative,0,1000,panel,8,9,0.35,0.3496912960133704,6490
C_noninf,homogeneous,250,1.0,non-informative,0,1000,panel,8,10,0.08,0.08046359420451196,6490
C_noninf,homogeneous,250,1.0,non-informative,0,1000,panel,9,8,0.08,0.04274958620956605,6490
C_noninf,homogeneous,250,1.0,non-informative,0,1000,panel,9,10,0.1,0.14326289558743585,6490
C_noninf,homogeneous,250,1.0,non-informative,0,1000,panel,10,11,0.05,0.054373167419925136,6490
C_noninf,homogeneous,250,1.0,non-informative,1,1001,crude,0,1,0.6,0.36429273675807033,6414
C_noninf,homogeneous,250,1.0,non-informative,1,1001,crude,0,2,0.08,0.05553242938385219,6414
C_noninf,homogeneous,250,1.0,non-informative,1,1001,crude,1,0,0.85,0.48104806241120446,6414
C_noninf,homogeneous,250,1.0,non-informative,1,1001,crude,1,2,0.05,0.045678154294239,6414
C_noninf,homogeneous,250,1.0,non-informative,1,1001,crude,1,3,0.1,0.04853303893762893,6414
C_noninf,homogeneous,250,1.0,non-informative,1,1001,crude,2,0,0.04,0.03022967081311058,6414
C_noninf,homogeneous,250,1.0,non-informative,1,1001,crude,2,3,0.45,0.27384525324817816,6414
C_noninf,homogeneous,250,1.0,non-informative,1,1001,crude,2,4,0.07,0.04445539825457438,6414
C_noninf,homogeneous,250,1.0,non-informative,1,1001,crude,3,1,0.06,0.03947547099500296,6414
C_noninf,homogeneous,250,1.0,non-informative,1,1001,crude,3,2,0.6,0.37106942735302784,6414
C_noninf,homogeneous,250,1.0,non-informative,1,1001,crude,3,4,0.05,0.060529055525671206,6414
C_noninf,homogeneous,250,1.0,non-informative,1,1001,crude,3,5,0.08,0.04210716906133649,6414
C_noninf,homogeneous,250,1.0,non-informative,1,1001,crude,4,5,0.3,0.22469704639606577,6414
C_noninf,homogeneous,250,1.0,non-informative,1,1001,crude,4,7,0.06,0.04648904408194464,6414
C_noninf,homogeneous,250,1.0,non-informative,1,1001,crude,5,4,0.4,0.2571428781341124,6414
C_noninf,homogeneous,250,1.0,non-informative,1,1001,crude,5,6,0.08,0.0661224543773432,6414
C_noninf,homogeneous,250,1.0,non-informative,1,1001,crude,5,7,0.04,0.062448984689713015,6414
C_noninf,homogeneous,250,1.0,non-informative,1,1001,crude,6,7,0.5,0.3899086607517943,6414
C_noninf,homogeneous,250,1.0,non-informative,1,1001,crude,6,8,0.1,0.18866548100893274,6414
C_noninf,homogeneous,250,1.0,non-informative,1,1001,crude,7,6,0.15,0.10813925555391629,6414
C_noninf,homogeneous,250,1.0,non-informative,1,1001,crude,7,8,0.12,0.06951809285608905,6414
C_noninf,homogeneous,250,1.0,non-informative,1,1001,crude,8,9,0.35,0.39208986699751575,6414
C_noninf,homogeneous,250,1.0,non-informative,1,1001,crude,8,10,0.08,0.07001604767812782,6414
C_noninf,homogeneous,250,1.0,non-informative,1,1001,crude,9,8,0.08,0.08252740167633792,6414
C_noninf,homogeneous,250,1.0,non-informative,1,1001,crude,9,10,0.1,0.13410702772404912,6414
C_noninf,homogeneous,250,1.0,non-informative,1,1001,crude,10,11,0.05,0.0,6414
C_noninf,homogeneous,250,1.0,non-informative,1,1001,oracle,0,1,0.6,0.6158768860580635,6414
C_noninf,homogeneous,250,1.0,non-informative,1,1001,oracle,0,2,0.08,0.07979426808416516,6414
C_noninf,homogeneous,250,1.0,non-informative,1,1001,oracle,1,0,0.85,0.801241688319204,6414
C_noninf,homogeneous,250,1.0,non-informative,1,1001,oracle,1,2,0.05,0.03483659514431322,6414
C_noninf,homogeneous,250,1.0,non-informative,1,1001,oracle,1,3,0.1,0.07983386387238445,6414
C_noninf,homogeneous,250,1.0,non-informative,1,1001,oracle,2,0,0.04,0.04540878225511003,6414
C_noninf,homogeneous,250,1.0,non-informative,1,1001,oracle,2,3,0.45,0.43054252804845067,6414
C_noninf,homogeneous,250,1.0,non-informative,1,1001,oracle,2,4,0.07,0.0639086565071919,6414
C_noninf,homogeneous,250,1.0,non-informative,1,1001,oracle,3,1,0.06,0.05089023368386733,6414
C_noninf,homogeneous,250,1.0,non-informative,1,1001,oracle,3,2,0.6,0.6157718275747947,6414
C_noninf,homogeneous,250,1.0,non-informative,1,1001,oracle,3,4,0.05,0.05597925705225406,6414
C_noninf,homogeneous,250,1.0,non-informative,1,1001,oracle,3,5,0.08,0.07124632715741426,6414
C_noninf,homogeneous,250,1.0,non-informative,1,1001,oracle,4,5,0.3,0.33891922833518956,6414
C_noninf,homogeneous,250,1.0,non-informative,1,1001,oracle,4,7,0.06,0.05937271153317189,6414
C_noninf,homogeneous,250,1.0,non-informative,1,1001,oracle,5,4,0.4,0.41428623187909575,6414
C_noninf,homogeneous,250,1.0,non-informative,1,1001,oracle,5,6,0.08,0.09206360708424349,6414
C_noninf,homogeneous,250,1.0,non-informative,1,1001,oracle,5,7,0.04,0.05311361947167894,6414
C_noninf,homogeneous,250,1.0,non-informative,1,1001,oracle,6,7,0.5,0.6259147692727856,6414
C_noninf,homogeneous,250,1.0,non-informative,1,1001,oracle,6,8,0.1,0.1593237594512545,6414
C_noninf,homogeneous,250,1.0,non-informative,1,1001,oracle,7,6,0.15,0.1806503012031554,6414
C_noninf,homogeneous,250,1.0,non-informative,1,1001,oracle,7,8,0.12,0.09954200270377951,6414
C_noninf,homogeneous,250,1.0,non-informative,1,1001,oracle,8,9,0.35,0.4989856021043138,6414
C_noninf,homogeneous,250,1.0,non-informative,1,1001,oracle,8,10,0.08,0.06397251309029664,6414
C_noninf,homogeneous,250,1.0,non-informative,1,1001,oracle,9,8,0.08,0.1313822201694554,6414
C_noninf,homogeneous,250,1.0,non-informative,1,1001,oracle,9,10,0.1,0.1313822201694554,6414
C_noninf,homogeneous,250,1.0,non-informative,1,1001,oracle,10,11,0.05,0.014686146011258694,6414
C_noninf,homogeneous,250,1.0,non-informative,1,1001,panel,0,1,0.6,0.6196999287151598,6414
C_noninf,homogeneous,250,1.0,non-informative,1,1001,panel,0,2,0.08,0.08110556376794253,6414
C_noninf,homogeneous,250,1.0,non-informative,1,1001,panel,1,0,0.85,0.8191735055040943,6414
C_noninf,homogeneous,250,1.0,non-informative,1,1001,panel,1,2,0.05,0.028354667352686207,6414
C_noninf,homogeneous,250,1.0,non-informative,1,1001,panel,1,3,0.1,0.08168444042555366,6414
C_noninf,homogeneous,250,1.0,non-informative,1,1001,panel,2,0,0.04,0.036899867806759995,6414
C_noninf,homogeneous,250,1.0,non-informative,1,1001,panel,2,3,0.45,0.42312784036225043,6414
C_noninf,homogeneous,250,1.0,non-informative,1,1001,panel,2,4,0.07,0.06219405451592717,6414
C_noninf,homogeneous,250,1.0,non-informative,1,1001,panel,3,1,0.06,0.05580738546666715,6414
C_noninf,homogeneous,250,1.0,non-informative,1,1001,panel,3,2,0.6,0.5689914373313828,6414
C_noninf,homogeneous,250,1.0,non-informative,1,1001,panel,3,4,0.05,0.062488360486660566,6414
C_noninf,homogeneous,250,1.0,non-informative,1,1001,panel,3,5,0.08,0.0631697873604369,6414
C_noninf,homogeneous,250,1.0,non-informative,1,1001,panel,4,5,0.3,0.3126064526895913,6414
C_noninf,homogeneous,250,1.0,non-informative,1,1001,panel,4,7,0.06,0.05215067979565633,6414
C_noninf,homogeneous,250,1.0,non-informative,1,1001,panel,5,4,0.4,0.3549918873751798,6414
C_noninf,homogeneous,250,1.0,non-informative,1,1001,panel,5,6,0.08,0.10768663492134677,6414
C_noninf,homogeneous,250,1.0,non-informative,1,1001,panel,5,7,0.04,0.051318009383261844,6414
C_noninf,homogeneous,250,1.0,non-informative,1,1001,panel,6,7,0.5,0.6301158819190853,6414
C_noninf,homogeneous,250,1.0,non-informative,1,1001,panel,6,8,0.1,0.22806173964389717,6414
C_noninf,homogeneous,250,1.0,non-informative,1,1001,panel,7,6,0.15,0.17357777204985322,6414
C_noninf,homogeneous,250,1.0,non-informative,1,1001,panel,7,8,0.12,0.07743335462821829,6414
C_noninf,homogeneous,250,1.0,non-informative,1,1001,panel,8,9,0.35,0.5571787350034003,6414
C_noninf,homogeneous,250,1.0,non-informative,1,1001,panel,8,10,0.08,1.8544023071382618e-08,6414
C_noninf,homogeneous,250,1.0,non-informative,1,1001,panel,9,8,0.08,0.11923977299920235,6414
C_noninf,homogeneous,250,1.0,non-informative,1,1001,panel,9,10,0.1,0.17394834299780407,6414
C_noninf,homogeneous,250,1.0,non-informative,1,1001,panel,10,11,0.05,6.516612142617196e-06,6414
C_noninf,homogeneous,250,1.0,non-informative,2,1002,crude,0,1,0.6,0.3451007262744815,6617
C_noninf,homogeneous,250,1.0,non-informative,2,1002,crude,0,2,0.08,0.06877007226484233,6617
C_noninf,homogeneous,250,1.0,non-informative,2,1002,crude,1,0,0.85,0.52815900801022,6617
C_noninf,homogeneous,250,1.0,non-informative,2,1002,crude,1,2,0.05,0.05358134863871797,6617
C_noninf,homogeneous,250,1.0,non-informative,2,1002,crude,1,3,0.1,0.08228564255231688,6617
C_noninf,homogeneous,250,1.0,non-informative,2,1002,crude,2,0,0.04,0.04055229522611619,6617
C_noninf,homogeneous,250,1.0,non-informative,2,1002,crude,2,3,0.45,0.25953468944714364,6617
C_noninf,homogeneous,250,1.0,non-informative,2,1002,crude,2,4,0.07,0.043255781574523935,6617
C_noninf,homogeneous,250,1.0,non-informative,2,1002,crude,3,1,0.06,0.028268790972078933,6617
C_noninf,homogeneous,250,1.0,non-informative,2,1002,crude,3,2,0.6,0.3856670768333626,6617
C_noninf,homogeneous,250,1.0,non-informative,2,1002,crude,3,4,0.05,0.03634558839267291,6617
C_noninf,homogeneous,250,1.0,non-informative,2,1002,crude,3,5,0.08,0.05451838258900937,6617
C_noninf,homogeneous,250,1.0,non-informative,2,1002,crude,4,5,0.3,0.20124478283382002,6617
C_noninf,homogeneous,250,1.0,non-informative,2,1002,crude,4,7,0.06,0.0419259964237125,6617
C_noninf,homogeneous,250,1.0,non-informative,2,1002,crude,5,4,0.4,0.31153033836323435,6617
C_noninf,homogeneous,250,1.0,non-informative,2,1002,crude,5,6,0.08,0.09383443926603445,6617
C_noninf,homogeneous,250,1.0,non-informative,2,1002,crude,5,7,0.04,0.04504053084769653,6617
C_noninf,homogeneous,250,1.0,non-informative,2,1002,crude,6,7,0.5,0.38360069889572507,6617
C_noninf,homogeneous,250,1.0,non-informative,2,1002,crude,6,8,0.1,0.0866195126538734,6617
C_noninf,homogeneous,250,1.0,non-informative,2,1002,crude,7,6,0.15,0.08973446673947127,6617
C_noninf,homogeneous,250,1.0,non-informative,2,1002,crude,7,8,0.12,0.08973446673947127,6617
C_noninf,homogeneous,250,1.0,non-informative,2,1002,crude,8,9,0.35,0.21301549750395968,6617
C_noninf,homogeneous,250,1.0,non-informative,2,1002,crude,8,10,0.08,0.07518194029551517,6617
C_noninf,homogeneous,250,1.0,non-informative,2,1002,crude,9,8,0.08,0.10964214995098995,6617
C_noninf,homogeneous,250,1.0,non-informative,2,1002,crude,9,10,0.1,0.06578528997059396,6617
C_noninf,homogeneous,250,1.0,non-informative,2,1002,crude,10,11,0.05,0.050018923826180915,6617
C_noninf,homogeneous,250,1.0,non-informative,2,1002,oracle,0,1,0.6,0.5886587531865902,6617
C_noninf,homogeneous,250,1.0,non-informative,2,1002,oracle,0,2,0.08,0.0947412156416186,6617
C_noninf,homogeneous,250,1.0,non-informative,2,1002,oracle,1,0,0.85,0.8734052863803473,6617
C_noninf,homogeneous,250,1.0,non-informative,2,1002,oracle,1,2,0.05,0.04606972939149084,6617
C_noninf,homogeneous,250,1.0,non-informative,2,1002,oracle,1,3,0.1,0.11517432347872711,6617
C_noninf,homogeneous,250,1.0,non-informative,2,1002,oracle,2,0,0.04,0.05000328214283839,6617
C_noninf,homogeneous,250,1.0,non-informative,2,1002,oracle,2,3,0.45,0.43555490498103966,6617
C_noninf,homogeneous,250,1.0,non-informative,2,1002,oracle,2,4,0.07,0.05000328214283839,6617
C_noninf,homogeneous,250,1.0,non-informative,2,1002,oracle,3,1,0.06,0.046296372368449704,6617
C_noninf,homogeneous,250,1.0,non-informative,2,1002,oracle,3,2,0.6,0.628020355606796,6617
C_noninf,homogeneous,250,1.0,non-informative,2,1002,oracle,3,4,0.05,0.04025771510299974,6617
C_noninf,homogeneous,250,1.0,non-informative,2,1002,oracle,3,5,0.08,0.07447677294054952,6617
C_noninf,homogeneous,250,1.0,non-informative,2,1002,oracle,4,5,0.3,0.2722673688197029,6617
C_noninf,homogeneous,250,1.0,non-informative,2,1002,oracle,4,7,0.06,0.04804718273288875,6617
C_noninf,homogeneous,250,1.0,non-informative,2,1002,oracle,5,4,0.4,0.4458712826061737,6617
C_noninf,homogeneous,250,1.0,non-informative,2,1002,oracle,5,6,0.08,0.12364497752944313,6617
C_noninf,homogeneous,250,1.0,non-informative,2,1002,oracle,5,7,0.04,0.026227722506245513,6617
C_noninf,homogeneous,250,1.0,non-informative,2,1002,oracle,6,7,0.5,0.4652413757642206,6617
C_noninf,homogeneous,250,1.0,non-informative,2,1002,oracle,6,8,0.1,0.11901523566061457,6617
C_noninf,homogeneous,250,1.0,non-informative,2,1002,oracle,7,6,0.15,0.13081863107667743,6617
C_noninf,homogeneous,250,1.0,non-informative,2,1002,oracle,7,8,0.12,0.10549889602957857,6617
C_noninf,homogeneous,250,1.0,non-informative,2,1002,oracle,8,9,0.35,0.27719342980352885,6617
C_noninf,homogeneous,250,1.0,non-informative,2,1002,oracle,8,10,0.08,0.11549726241813701,6617
C_noninf,homogeneous,250,1.0,non-informative,2,1002,oracle,9,8,0.08,0.12538071034486992,6617
C_noninf,homogeneous,250,1.0,non-informative,2,1002,oracle,9,10,0.1,0.07164612019706852,6617
C_noninf,homogeneous,250,1.0,non-informative,2,1002,oracle,10,11,0.05,0.08513178093991701,6617
C_noninf,homogeneous,250,1.0,non-informative,2,1002,panel,0,1,0.6,0.6114615947143159,6617
C_noninf,homogeneous,250,1.0,non-informative,2,1002,panel,0,2,0.08,0.08995778446576509,6617
C_noninf,homogeneous,250,1.0,non-informative,2,1002,panel,1,0,0.85,0.9115065870081576,6617
C_noninf,homogeneous,250,1.0,non-informative,2,1002,panel,1,2,0.05,0.03883001312502247,6617
C_noninf,homogeneous,250,1.0,non-informative,2,1002,panel,1,3,0.1,0.13240274755101988,6617
C_noninf,homogeneous,250,1.0,non-informative,2,1002,panel,2,0,0.04,0.05483208784159129,6617
C_noninf,homogeneous,250,1.0,non-informative,2,1002,panel,2,3,0.45,0.3956582750675938,6617
C_noninf,homogeneous,250,1.0,non-informative,2,1002,panel,2,4,0.07,0.05081369047605614,6617
C_noninf,homogeneous,250,1.0,non-informative,2,1002,panel,3,1,0.06,0.04398563289373076,6617
C_noninf,homogeneous,250,1.0,non-informative,2,1002,panel,3,2,0.6,0.5807162994475684,6617
C_noninf,homogeneous,250,1.0,non-informative,2,1002,panel,3,4,0.05,0.03516136534483111,6617
C_noninf,homogeneous,250,1.0,non-informative,2,1002,panel,3,5,0.08,0.07691635209233336,6617
C_noninf,homogeneous,250,1.0,non-informative,2,1002,panel,4,5,0.3,0.26862748214682136,6617
C_noninf,homogeneous,250,1.0,non-informative,2,1002,panel,4,7,0.06,0.04350071004584815,6617
C_noninf,homogeneous,250,1.0,non-informative,2,1002,panel,5,4,0.4,0.4270258704996602,6617
C_noninf,homogeneous,250,1.0,non-informative,2,1002,panel,5,6,0.08,0.12283858827770758,6617
C_noninf,homogeneous,250,1.0,non-informative,2,1002,panel,5,7,0.04,0.03266306862809736,6617
C_noninf,homogeneous,250,1.0,non-informative,2,1002,panel,6,7,0.5,0.5655217124840385,6617
C_noninf,homogeneous,250,1.0,non-informative,2,1002,panel,6,8,0.1,0.08520588865652519,6617
C_noninf,homogeneous,250,1.0,non-informative,2,1002,panel,7,6,0.15,0.13061521783433333,6617
C_noninf,homogeneous,250,1.0,non-informative,2,1002,panel,7,8,0.12,0.1216954211822982,6617
C_noninf,homogeneous,250,1.0,non-informative,2,1002,panel,8,9,0.35,0.2858374460115178,6617
C_noninf,homogeneous,250,1.0,non-informative,2,1002,panel,8,10,0.08,0.11234226287915457,6617
C_noninf,homogeneous,250,1.0,non-informative,2,1002,panel,9,8,0.08,0.14844406439043292,6617
C_noninf,homogeneous,250,1.0,non-informative,2,1002,panel,9,10,0.1,0.07184941953583246,6617
C_noninf,homogeneous,250,1.0,non-informative,2,1002,panel,10,11,0.05,0.07684484878759464,6617
C_noninf,homogeneous,250,1.0,non-informative,3,1003,crude,0,1,0.6,0.3463814317934433,6370
C_noninf,homogeneous,250,1.0,non-informative,3,1003,crude,0,2,0.08,0.07738308582619477,6370
C_noninf,homogeneous,250,1.0,non-informative,3,1003,crude,1,0,0.85,0.4961348437804272,6370
C_noninf,homogeneous,250,1.0,non-informative,3,1003,crude,1,2,0.05,0.04961348437804272,6370
C_noninf,homogeneous,250,1.0,non-informative,3,1003,crude,1,3,0.1,0.07087640625434674,6370
C_noninf,homogeneous,250,1.0,non-informative,3,1003,crude,2,0,0.04,0.022145356743506334,6370
C_noninf,homogeneous,250,1.0,non-informative,3,1003,crude,2,3,0.45,0.29896231603733553,6370
C_noninf,homogeneous,250,1.0,non-informative,3,1003,crude,2,4,0.07,0.05219976946683636,6370
C_noninf,homogeneous,250,1.0,non-informative,3,1003,crude,3,1,0.06,0.0419883100125103,6370
C_noninf,homogeneous,250,1.0,non-informative,3,1003,crude,3,2,0.6,0.37347496800601265,6370
C_noninf,homogeneous,250,1.0,non-informative,3,1003,crude,3,4,0.05,0.039778398959220286,6370
C_noninf,homogeneous,250,1.0,non-informative,3,1003,crude,3,5,0.08,0.057457687385540406,6370
C_noninf,homogeneous,250,1.0,non-informative,3,1003,crude,4,5,0.3,0.21123383797097223,6370
C_noninf,homogeneous,250,1.0,non-informative,3,1003,crude,4,7,0.06,0.04647144435361389,6370
C_noninf,homogeneous,250,1.0,non-informative,3,1003,crude,5,4,0.4,0.3195568087017358,6370
C_noninf,homogeneous,250,1.0,non-informative,3,1003,crude,5,6,0.08,0.04079448621724287,6370
C_noninf,homogeneous,250,1.0,non-informative,3,1003,crude,5,7,0.04,0.04079448621724287,6370
C_noninf,homogeneous,250,1.0,non-informative,3,1003,crude,6,7,0.5,0.35326719822476677,6370
C_noninf,homogeneous,250,1.0,non-informative,3,1003,crude,6,8,0.1,0.03925191091386297,6370
C_noninf,homogeneous,250,1.0,non-informative,3,1003,crude,7,6,0.15,0.09181784204306584,6370
C_noninf,homogeneous,250,1.0,non-informative,3,1003,crude,7,8,0.12,0.08641679251112079,6370
C_noninf,homogeneous,250,1.0,non-informative,3,1003,crude,8,9,0.35,0.30846176726559654,6370
C_noninf,homogeneous,250,1.0,non-informative,3,1003,crude,8,10,0.08,0.06609895012834212,6370
C_noninf,homogeneous,250,1.0,non-informative,3,1003,crude,9,8,0.08,0.035970899542270306,6370
C_noninf,homogeneous,250,1.0,non-informative,3,1003,crude,9,10,0.1,0.10791269862681091,6370
C_noninf,homogeneous,250,1.0,non-informative,3,1003,crude,10,11,0.05,0.1088147175532648,6370
C_noninf,homogeneous,250,1.0,non-informative,3,1003,oracle,0,1,0.6,0.6004217111820647,6370
C_noninf,homogeneous,250,1.0,non-informative,3,1003,oracle,0,2,0.08,0.08685345507665086,6370
C_noninf,homogeneous,250,1.0,non-informative,3,1003,oracle,1,0,0.85,0.8395955348051493,6370
C_noninf,homogeneous,250,1.0,non-informative,3,1003,oracle,1,2,0.05,0.048541925995158525,6370
C_noninf,homogeneous,250,1.0,non-informative,3,1003,oracle,1,3,0.1,0.10247739932311244,6370
C_noninf,homogeneous,250,1.0,non-informative,3,1003,oracle,2,0,0.04,0.02707118317900836,6370
C_noninf,homogeneous,250,1.0,non-informative,3,1003,oracle,2,3,0.45,0.45118638631680597,6370
C_noninf,homogeneous,250,1.0,non-informative,3,1003,oracle,2,4,0.07,0.05414236635801672,6370
C_noninf,homogeneous,250,1.0,non-informative,3,1003,oracle,3,1,0.06,0.06523217737074931,6370
C_noninf,homogeneous,250,1.0,non-informative,3,1003,oracle,3,2,0.6,0.5762175667749522,6370
C_noninf,homogeneous,250,1.0,non-informative,3,1003,oracle,3,4,0.05,0.04131371233480789,6370
C_noninf,homogeneous,250,1.0,non-informative,3,1003,oracle,3,5,0.08,0.08915064240669071,6370
C_noninf,homogeneous,250,1.0,non-informative,3,1003,oracle,4,5,0.3,0.31043288560224475,6370
C_noninf,homogeneous,250,1.0,non-informative,3,1003,oracle,4,7,0.06,0.05625293900174905,6370
C_noninf,homogeneous,250,1.0,non-informative,3,1003,oracle,5,4,0.4,0.44505523311721024,6370
C_noninf,homogeneous,250,1.0,non-informative,3,1003,oracle,5,6,0.08,0.05365914158150761,6370
C_noninf,homogeneous,250,1.0,non-informative,3,1003,oracle,5,7,0.04,0.05050272148847776,6370
C_noninf,homogeneous,250,1.0,non-informative,3,1003,oracle,6,7,0.5,0.4563947320121248,6370
C_noninf,homogeneous,250,1.0,non-informative,3,1003,oracle,6,8,0.1,0.07606578866868746,6370
C_noninf,homogeneous,250,1.0,non-informative,3,1003,oracle,7,6,0.15,0.15132030928934084,6370
C_noninf,homogeneous,250,1.0,non-informative,3,1003,oracle,7,8,0.12,0.09274470569346698,6370
C_noninf,homogeneous,250,1.0,non-informative,3,1003,oracle,8,9,0.35,0.40174853368827534,6370
C_noninf,homogeneous,250,1.0,non-informative,3,1003,oracle,8,10,0.08,0.08034970673765507,6370
C_noninf,homogeneous,250,1.0,non-informative,3,1003,oracle,9,8,0.08,0.06031082600123457,6370
C_noninf,homogeneous,250,1.0,non-informative,3,1003,oracle,9,10,0.1,0.07538853250154322,6370
C_noninf,homogeneous,250,1.0,non-informative,3,1003,oracle,10,11,0.05,0.0904430691058363,6370
C_noninf,homogeneous,250,1.0,non-informative,3,1003,panel,0,1,0.6,0.5844168773223113,6370
C_noninf,homogeneous,250,1.0,non-informative,3,1003,panel,0,2,0.08,0.09853084070601634,6370
C_noninf,homogeneous,250,1.0,non-informative,3,1003,panel,1,0,0.85,0.839639621343372,6370
C_noninf,homogeneous,250,1.0,non-informative,3,1003,panel,1,2,0.05,0.03447905049822393,6370
C_noninf,homogeneous,250,1.0,non-informative,3,1003,panel,1,3,0.1,0.10173880962833803,6370
C_noninf,homogeneous,250,1.0,non-informative,3,1003,panel,2,0,0.04,0.030374221454747864,6370
C_noninf,homogeneous,250,1.0,non-informative,3,1003,panel,2,3,0.45,0.448009879485065,6370
C_noninf,homogeneous,250,1.0,non-informative,3,1003,panel,2,4,0.07,0.06437766674229736,6370
C_noninf,homogeneous,250,1.0,non-informative,3,1003,panel,3,1,0.06,0.06896843574762805,6370
C_noninf,homogeneous,250,1.0,non-informative,3,1003,panel,3,2,0.6,0.5832234782925879,6370
C_noninf,homogeneous,250,1.0,non-informative,3,1003,panel,3,4,0.05,0.034160329145919335,6370
C_noninf,homogeneous,250,1.0,non-informative,3,1003,panel,3,5,0.08,0.0830935603114169,6370
C_noninf,homogeneous,250,1.0,non-informative,3,1003,panel,4,5,0.3,0.2899176066759484,6370
C_noninf,homogeneous,250,1.0,non-informative,3,1003,panel,4,7,0.06,0.05519717323145449,6370
C_noninf,homogeneous,250,1.0,non-informative,3,1003,panel,5,4,0.4,0.4244395641657527,6370
C_noninf,homogeneous,250,1.0,non-informative,3,1003,panel,5,6,0.08,0.06367922438047699,6370
C_noninf,homogeneous,250,1.0,non-informative,3,1003,panel,5,7,0.04,0.04411806651359947,6370
C_noninf,homogeneous,250,1.0,non-informative,3,1003,panel,6,7,0.5,0.5072121062376753,6370
C_noninf,homogeneous,250,1.0,non-informative,3,1003,panel,6,8,0.1,0.03603705023735223,6370
C_noninf,homogeneous,250,1.0,non-informative,3,1003,panel,7,6,0.15,0.1378835126946041,6370
C_noninf,homogeneous,250,1.0,non-informative,3,1003,panel,7,8,0.12,0.11437173624127682,6370
C_noninf,homogeneous,250,1.0,non-informative,3,1003,panel,8,9,0.35,0.4101928211851842,6370
C_noninf,homogeneous,250,1.0,non-informative,3,1003,panel,8,10,0.08,0.049751844332960954,6370
C_noninf,homogeneous,250,1.0,non-informative,3,1003,panel,9,8,0.08,0.04548628748894814,6370
C_noninf,homogeneous,250,1.0,non-informative,3,1003,panel,9,10,0.1,0.10856896668386087,6370
C_noninf,homogeneous,250,1.0,non-informative,3,1003,panel,10,11,0.05,0.0991305412406096,6370
C_noninf,homogeneous,250,1.0,non-informative,4,1004,crude,0,1,0.6,0.3243788832243259,6534
C_noninf,homogeneous,250,1.0,non-informative,4,1004,crude,0,2,0.08,0.08399096083487011,6534
C_noninf,homogeneous,250,1.0,non-informative,4,1004,crude,1,0,0.85,0.47805936581042874,6534
C_noninf,homogeneous,250,1.0,non-informative,4,1004,crude,1,2,0.05,0.06772507682314406,6534
C_noninf,homogeneous,250,1.0,non-informative,4,1004,crude,1,3,0.1,0.07967656096840478,6534
C_noninf,homogeneous,250,1.0,non-informative,4,1004,crude,2,0,0.04,0.026629435582847142,6534
C_noninf,homogeneous,250,1.0,non-informative,4,1004,crude,2,3,0.45,0.2960566661857712,6534
C_noninf,homogeneous,250,1.0,non-informative,4,1004,crude,2,4,0.07,0.0610910581018258,6534
C_noninf,homogeneous,250,1.0,non-informative,4,1004,crude,3,1,0.06,0.047730461989960296,6534
C_noninf,homogeneous,250,1.0,non-informative,4,1004,crude,3,2,0.6,0.3704793002077871,6534
C_noninf,homogeneous,250,1.0,non-informative,4,1004,crude,3,4,0.05,0.047730461989960296,6534
C_noninf,homogeneous,250,1.0,non-informative,4,1004,crude,3,5,0.08,0.08409652826802529,6534
C_noninf,homogeneous,250,1.0,non-informative,4,1004,crude,4,5,0.3,0.23668339964814428,6534
C_noninf,homogeneous,250,1.0,non-informative,4,1004,crude,4,7,0.06,0.048138996538605615,6534
C_noninf,homogeneous,250,1.0,non-informative,4,1004,crude,5,4,0.4,0.2966556199072403,6534
C_noninf,homogeneous,250,1.0,non-informative,4,1004,crude,5,6,0.08,0.06867028238593527,6534
C_noninf,homogeneous,250,1.0,non-informative,4,1004,crude,5,7,0.04,0.04669579202243598,6534
C_noninf,homogeneous,250,1.0,non-informative,4,1004,crude,6,7,0.5,0.3658026289610401,6534
C_noninf,homogeneous,250,1.0,non-informative,4,1004,crude,6,8,0.1,0.08029813806461855,6534
C_noninf,homogeneous,250,1.0,non-informative,4,1004,crude,7,6,0.15,0.11136690697557071,6534
C_noninf,homogeneous,250,1.0,non-informative,4,1004,crude,7,8,0.12,0.07656474854570486,6534
C_noninf,homogeneous,250,1.0,non-informative,4,1004,crude,8,9,0.35,0.31818535357463545,6534
C_noninf,homogeneous,250,1.0,non-informative,4,1004,crude,8,10,0.08,0.05892321362493249,6534
C_noninf,homogeneous,250,1.0,non-informative,4,1004,crude,9,8,0.08,0.047382047131869914,6534
C_noninf,homogeneous,250,1.0,non-informative,4,1004,crude,9,10,0.1,0.09476409426373983,6534
C_noninf,homogeneous,250,1.0,non-informative,4,1004,crude,10,11,0.05,0.049956787378917226,6534
C_noninf,homogeneous,250,1.0,non-informative,4,1004,oracle,0,1,0.6,0.58173969598049,6534
C_noninf,homogeneous,250,1.0,non-informative,4,1004,oracle,0,2,0.08,0.10577085381463455,6534
C_noninf,homogeneous,250,1.0,non-informative,4,1004,oracle,1,0,0.85,0.8364484117971269,6534
C_noninf,homogeneous,250,1.0,non-informative,4,1004,oracle,1,2,0.05,0.06765391566006174,6534
C_noninf,homogeneous,250,1.0,non-informative,4,1004,oracle,1,3,0.1,0.10455605147464087,6534
C_noninf,homogeneous,250,1.0,non-informative,4,1004,oracle,2,0,0.04,0.03279385948008316,6534
C_noninf,homogeneous,250,1.0,non-informative,4,1004,oracle,2,3,0.45,0.47473015628310866,6534
C_noninf,homogeneous,250,1.0,non-informative,4,1004,oracle,2,4,0.07,0.08745029194688843,6534
C_noninf,homogeneous,250,1.0,non-informative,4,1004,oracle,3,1,0.06,0.06915922647245962,6534
C_noninf,homogeneous,250,1.0,non-informative,4,1004,oracle,3,2,0.6,0.5956617247789264,6534
C_noninf,homogeneous,250,1.0,non-informative,4,1004,oracle,3,4,0.05,0.033464141841512716,6534
C_noninf,homogeneous,250,1.0,non-informative,4,1004,oracle,3,5,0.08,0.11377808226114325,6534
C_noninf,homogeneous,250,1.0,non-informative,4,1004,oracle,4,5,0.3,0.30118570899153785,6534
C_noninf,homogeneous,250,1.0,non-informative,4,1004,oracle,4,7,0.06,0.05682749226255431,6534
C_noninf,homogeneous,250,1.0,non-informative,4,1004,oracle,5,4,0.4,0.37078877136273797,6534
C_noninf,homogeneous,250,1.0,non-informative,4,1004,oracle,5,6,0.08,0.09466947353942246,6534
C_noninf,homogeneous,250,1.0,non-informative,4,1004,oracle,5,7,0.04,0.03681590637644207,6534
C_noninf,homogeneous,250,1.0,non-informative,4,1004,oracle,6,7,0.5,0.5006787425823325,6534
C_noninf,homogeneous,250,1.0,non-informative,4,1004,oracle,6,8,0.1,0.10358870536186189,6534
C_noninf,homogeneous,250,1.0,non-informative,4,1004,oracle,7,6,0.15,0.14726903269922423,6534
C_noninf,homogeneous,250,1.0,non-informative,4,1004,oracle,7,8,0.12,0.09604502132558103,6534
C_noninf,homogeneous,250,1.0,non-informative,4,1004,oracle,8,9,0.35,0.4012706224089423,6534
C_noninf,homogeneous,250,1.0,non-informative,4,1004,oracle,8,10,0.08,0.050158827801117786,6534
C_noninf,homogeneous,250,1.0,non-informative,4,1004,oracle,9,8,0.08,0.09065799066207024,6534
C_noninf,homogeneous,250,1.0,non-informative,4,1004,oracle,9,10,0.1,0.08241635514733658,6534
C_noninf,homogeneous,250,1.0,non-informative,4,1004,oracle,10,11,0.05,0.04254435869211652,6534
C_noninf,homogeneous,250,1.0,non-informative,4,1004,panel,0,1,0.6,0.5381661461887983,6534
C_noninf,homogeneous,250,1.0,non-informative,4,1004,panel,0,2,0.08,0.10785319370092189,6534
C_noninf,homogeneous,250,1.0,non-informative,4,1004,panel,1,0,0.85,0.8205202895670545,6534
C_noninf,homogeneous,250,1.0,non-informative,4,1004,panel,1,2,0.05,0.06315324430549703,6534
C_noninf,homogeneous,250,1.0,non-informative,4,1004,panel,1,3,0.1,0.11044026739412174,6534
C_noninf,homogeneous,250,1.0,non-informative,4,1004,panel,2,0,0.04,0.0346034711271064,6534
C_noninf,homogeneous,250,1.0,non-informative,4,1004,panel,2,3,0.45,0.4697357378221691,6534
C_noninf,homogeneous,250,1.0,non-informative,4,1004,panel,2,4,0.07,0.0787667589654757,6534
C_noninf,homogeneous,250,1.0,non-informative,4,1004,panel,3,1,0.06,0.07431751781360696,6534
C_noninf,homogeneous,250,1.0,non-informative,4,1004,panel,3,2,0.6,0.5822533384065616,6534
C_noninf,homogeneous,250,1.0,non-informative,4,1004,panel,3,4,0.05,0.040230161619829466,6534
C_noninf,homogeneous,250,1.0,non-informative,4,1004,panel,3,5,0.08,0.12501883383387769,6534
C_noninf,homogeneous,250,1.0,non-informative,4,1004,panel,4,5,0.3,0.31448884503144264,6534
C_noninf,homogeneous,250,1.0,non-informative,4,1004,panel,4,7,0.06,0.05393146195773604,6534
C_noninf,homogeneous,250,1.0,non-informative,4,1004,panel,5,4,0.4,0.40271629537185755,6534
C_noninf,homogeneous,250,1.0,non-informative,4,1004,panel,5,6,0.08,0.09592695693875229,6534
C_noninf,homogeneous,250,1.0,non-informative,4,1004,panel,5,7,0.04,0.04120624127371899,6534
C_noninf,homogeneous,250,1.0,non-informative,4,1004,panel,6,7,0.5,0.5236946319887062,6534
C_noninf,homogeneous,250,1.0,non-informative,4,1004,panel,6,8,0.1,0.09616415466695442,6534
C_noninf,homogeneous,250,1.0,non-informative,4,1004,panel,7,6,0.15,0.1609371702368448,6534
C_noninf,homogeneous,250,1.0,non-informative,4,1004,panel,7,8,0.12,0.09769391720117328,6534
C_noninf,homogeneous,250,1.0,non-informative,4,1004,panel,8,9,0.35,0.415459512904412,6534
C_noninf,homogeneous,250,1.0,non-informative,4,1004,panel,8,10,0.08,0.03561668706300524,6534
C_noninf,homogeneous,250,1.0,non-informative,4,1004,panel,9,8,0.08,0.06348497921614131,6534
C_noninf,homogeneous,250,1.0,non-informative,4,1004,panel,9,10,0.1,0.10297742542029419,6534
C_noninf,homogeneous,250,1.0,non-informative,4,1004,panel,10,11,0.05,0.04564803107342833,6534
C_noninf,homogeneous,500,1.0,non-informative,0,1000,crude,0,1,0.6,0.3489948626436305,12805
C_noninf,homogeneous,500,1.0,non-informative,0,1000,crude,0,2,0.08,0.053781452869705204,12805
C_noninf,homogeneous,500,1.0,non-informative,0,1000,crude,1,0,0.85,0.4994856997325101,12805
C_noninf,homogeneous,500,1.0,non-informative,0,1000,crude,1,2,0.05,0.047762814074907775,12805
C_noninf,homogeneous,500,1.0,non-informative,0,1000,crude,1,3,0.1,0.06881083383673153,12805
C_noninf,homogeneous,500,1.0,non-informative,0,1000,crude,2,0,0.04,0.035767863703137504,12805
C_noninf,homogeneous,500,1.0,non-informative,0,1000,crude,2,3,0.45,0.2893222752876011,12805
C_noninf,homogeneous,500,1.0,non-informative,0,1000,crude,2,4,0.07,0.05563889909376945,12805
C_noninf,homogeneous,500,1.0,non-informative,0,1000,crude,3,1,0.06,0.04062824888733502,12805
C_noninf,homogeneous,500,1.0,non-informative,0,1000,crude,3,2,0.6,0.38651739482005204,12805
C_noninf,homogeneous,500,1.0,non-informative,0,1000,crude,3,4,0.05,0.04721661357176772,12805
C_noninf,homogeneous,500,1.0,non-informative,0,1000,crude,3,5,0.08,0.048314674352506505,12805
C_noninf,homogeneous,500,1.0,non-informative,0,1000,crude,4,5,0.3,0.2364476827672385,12805
C_noninf,homogeneous,500,1.0,non-informative,0,1000,crude,4,7,0.06,0.04806903440872431,12805
C_noninf,homogeneous,500,1.0,non-informative,0,1000,crude,5,4,0.4,0.27561464937797175,12805
C_noninf,homogeneous,500,1.0,non-informative,0,1000,crude,5,6,0.08,0.06890366234449294,12805
C_noninf,homogeneous,500,1.0,non-informative,0,1000,crude,5,7,0.04,0.06316169048245186,12805
C_noninf,homogeneous,500,1.0,non-informative,0,1000,crude,6,7,0.5,0.32514308230997135,12805
C_noninf,homogeneous,500,1.0,non-informative,0,1000,crude,6,8,0.1,0.11612252939641834,12805
C_noninf,homogeneous,500,1.0,non-informative,0,1000,crude,7,6,0.15,0.0807474571891664,12805
C_noninf,homogeneous,500,1.0,non-informative,0,1000,crude,7,8,0.12,0.08808813511545426,12805
C_noninf,homogeneous,500,1.0,non-informative,0,1000,crude,8,9,0.35,0.26903309505636736,12805
C_noninf,homogeneous,500,1.0,non-informative,0,1000,crude,8,10,0.08,0.08967769835212246,12805
C_noninf,homogeneous,500,1.0,non-informative,0,1000,crude,9,8,0.08,0.02532553869531267,12805
C_noninf,homogeneous,500,1.0,non-informative,0,1000,crude,9,10,0.1,0.13506953970833424,12805
C_noninf,homogeneous,500,1.0,non-informative,0,1000,crude,10,11,0.05,0.06145746375290004,12805
C_noninf,homogeneous,500,1.0,non-informative,0,1000,oracle,0,1,0.6,0.6218629180912285,12805
C_noninf,homogeneous,500,1.0,non-informative,0,1000,oracle,0,2,0.08,0.06451101299824893,12805
C_noninf,homogeneous,500,1.0,non-informative,0,1000,oracle,1,0,0.85,0.8750875026782519,12805
C_noninf,homogeneous,500,1.0,non-informative,0,1000,oracle,1,2,0.05,0.046879687643477774,12805
C_noninf,homogeneous,500,1.0,non-informative,0,1000,oracle,1,3,0.1,0.10280633255148636,12805
C_noninf,homogeneous,500,1.0,non-informative,0,1000,oracle,2,0,0.04,0.046511776693214275,12805
C_noninf,homogeneous,500,1.0,non-informative,0,1000,oracle,2,3,0.45,0.4348851120815535,12805
C_noninf,homogeneous,500,1.0,non-informative,0,1000,oracle,2,4,0.07,0.0635660948140595,12805
C_noninf,homogeneous,500,1.0,non-informative,0,1000,oracle,3,1,0.06,0.06768080060725709,12805
C_noninf,homogeneous,500,1.0,non-informative,0,1000,oracle,3,2,0.6,0.5774700567941775,12805
C_noninf,homogeneous,500,1.0,non-informative,0,1000,oracle,3,4,0.05,0.04366503264984329,12805
C_noninf,homogeneous,500,1.0,non-informative,0,1000,oracle,3,5,0.08,0.07750543295347184,12805
C_noninf,homogeneous,500,1.0,non-informative,0,1000,oracle,4,5,0.3,0.2942291964600293,12805
C_noninf,homogeneous,500,1.0,non-informative,0,1000,oracle,4,7,0.06,0.06252370424775623,12805
C_noninf,homogeneous,500,1.0,non-informative,0,1000,oracle,5,4,0.4,0.3665281825249228,12805
C_noninf,homogeneous,500,1.0,non-informative,0,1000,oracle,5,6,0.08,0.09616828551396489,12805
C_noninf,homogeneous,500,1.0,non-informative,0,1000,oracle,5,7,0.04,0.04173340692115458,12805
C_noninf,homogeneous,500,1.0,non-informative,0,1000,oracle,6,7,0.5,0.5145339159092275,12805
C_noninf,homogeneous,500,1.0,non-informative,0,1000,oracle,6,8,0.1,0.1029067831818455,12805
C_noninf,homogeneous,500,1.0,non-informative,0,1000,oracle,7,6,0.15,0.12442422225517474,12805
C_noninf,homogeneous,500,1.0,non-informative,0,1000,oracle,7,8,0.12,0.13146710276018464,12805
C_noninf,homogeneous,500,1.0,non-informative,0,1000,oracle,8,9,0.35,0.39424210580915264,12805
C_noninf,homogeneous,500,1.0,non-informative,0,1000,oracle,8,10,0.08,0.10065755892999642,12805
C_noninf,homogeneous,500,1.0,non-informative,0,1000,oracle,9,8,0.08,0.05730472807896092,12805
C_noninf,homogeneous,500,1.0,non-informative,0,1000,oracle,9,10,0.1,0.1432618201974023,12805
C_noninf,homogeneous,500,1.0,non-informative,0,1000,oracle,10,11,0.05,0.06703644930759219,12805
C_noninf,homogeneous,500,1.0,non-informative,0,1000,panel,0,1,0.6,0.601468601053936,12805
C_noninf,homogeneous,500,1.0,non-informative,0,1000,panel,0,2,0.08,0.06687009002774778,12805
C_noninf,homogeneous,500,1.0,non-informative,0,1000,panel,1,0,0.85,0.8447377726736152,12805
C_noninf,homogeneous,500,1.0,non-informative,0,1000,panel,1,2,0.05,0.04076768536518151,12805
C_noninf,homogeneous,500,1.0,non-informative,0,1000,panel,1,3,0.1,0.10589181508340613,12805
C_noninf,homogeneous,500,1.0,non-informative,0,1000,panel,2,0,0.04,0.04902356288465945,12805
C_noninf,homogeneous,500,1.0,non-informative,0,1000,panel,2,3,0.45,0.4492518757737486,12805
C_noninf,homogeneous,500,1.0,non-informative,0,1000,panel,2,4,0.07,0.06572886531454963,12805
C_noninf,homogeneous,500,1.0,non-informative,0,1000,panel,3,1,0.06,0.06527134485191245,12805
C_noninf,homogeneous,500,1.0,non-informative,0,1000,panel,3,2,0.6,0.5922580550361348,12805
C_noninf,homogeneous,500,1.0,non-informative,0,1000,panel,3,4,0.05,0.04741409475213949,12805
C_noninf,homogeneous,500,1.0,non-informative,0,1000,panel,3,5,0.08,0.06514326773706579,12805
C_noninf,homogeneous,500,1.0,non-informative,0,1000,panel,4,5,0.3,0.31434058050712493,12805
C_noninf,homogeneous,500,1.0,non-informative,0,1000,panel,4,7,0.06,0.0537698009188624,12805
C_noninf,homogeneous,500,1.0,non-informative,0,1000,panel,5,4,0.4,0.3700058098207778,12805
C_noninf,homogeneous,500,1.0,non-informative,0,1000,panel,5,6,0.08,0.09060711680213036,12805
C_noninf,homogeneous,500,1.0,non-informative,0,1000,panel,5,7,0.04,0.05679809931064852,12805
C_noninf,homogeneous,500,1.0,non-informative,0,1000,panel,6,7,0.5,0.47966662875340516,12805
C_noninf,homogeneous,500,1.0,non-informative,0,1000,panel,6,8,0.1,0.13915681393161786,12805
C_noninf,homogeneous,500,1.0,non-informative,0,1000,panel,7,6,0.15,0.11748248708079047,12805
C_noninf,homogeneous,500,1.0,non-informative,0,1000,panel,7,8,0.12,0.11698670392485355,12805
C_noninf,homogeneous,500,1.0,non-informative,0,1000,panel,8,9,0.35,0.3787552809864171,12805
C_noninf,homogeneous,500,1.0,non-informative,0,1000,panel,8,10,0.08,0.06656364309469802,12805
C_noninf,homogeneous,500,1.0,non-informative,0,1000,panel,9,8,0.08,0.032715492721485,12805
C_noninf,homogeneous,500,1.0,non-informative,0,1000,panel,9,10,0.1,0.1612898430917648,12805
C_noninf,homogeneous,500,1.0,non-informative,0,1000,panel,10,11,0.05,0.07504755344148735,12805
C_noninf,homogeneous,500,1.0,non-informative,1,1001,crude,0,1,0.6,0.3513789847862801,12861
C_noninf,homogeneous,500,1.0,non-informative,1,1001,crude,0,2,0.08,0.0576890870544639,12861
C_noninf,homogeneous,500,1.0,non-informative,1,1001,crude,1,0,0.85,0.5103401977547523,12861
C_noninf,homogeneous,500,1.0,non-informative,1,1001,crude,1,2,0.05,0.05061910904559331,12861
C_noninf,homogeneous,500,1.0,non-informative,1,1001,crude,1,3,0.1,0.05476821634441244,12861
C_noninf,homogeneous,500,1.0,non-informative,1,1001,crude,2,0,0.04,0.030341944174810544,12861
C_noninf,homogeneous,500,1.0,non-informative,1,1001,crude,2,3,0.45,0.2730774975732949,12861
C_noninf,homogeneous,500,1.0,non-informative,1,1001,crude,2,4,0.07,0.05895006296820334,12861
C_noninf,homogeneous,500,1.0,non-informative,1,1001,crude,3,1,0.06,0.03604387260173087,12861
C_noninf,homogeneous,500,1.0,non-informative,1,1001,crude,3,2,0.6,0.39514764037453104,12861
C_noninf,homogeneous,500,1.0,non-informative,1,1001,crude,3,4,0.05,0.057403204513867684,12861
C_noninf,homogeneous,500,1.0,non-informative,1,1001,crude,3,5,0.08,0.05206337153583348,12861
C_noninf,homogeneous,500,1.0,non-informative,1,1001,crude,4,5,0.3,0.23876864599667624,12861
C_noninf,homogeneous,500,1.0,non-informative,1,1001,crude,4,7,0.06,0.044906029751668464,12861
C_noninf,homogeneous,500,1.0,non-informative,1,1001,crude,5,4,0.4,0.28435472450661686,12861
C_noninf,homogeneous,500,1.0,non-informative,1,1001,crude,5,6,0.08,0.05969878194061569,12861
C_noninf,homogeneous,500,1.0,non-informative,1,1001,crude,5,7,0.04,0.05812776136323107,12861
C_noninf,homogeneous,500,1.0,non-informative,1,1001,crude,6,7,0.5,0.46971831116489526,12861
C_noninf,homogeneous,500,1.0,non-informative,1,1001,crude,6,8,0.1,0.11124907369694888,12861
C_noninf,homogeneous,500,1.0,non-informative,1,1001,crude,7,6,0.15,0.12408201122980979,12861
C_noninf,homogeneous,500,1.0,non-informative,1,1001,crude,7,8,0.12,0.07367369416769956,12861
C_noninf,homogeneous,500,1.0,non-informative,1,1001,crude,8,9,0.35,0.36726343374027576,12861
C_noninf,homogeneous,500,1.0,non-informative,1,1001,crude,8,10,0.08,0.050408706591802556,12861
C_noninf,homogeneous,500,1.0,non-informative,1,1001,crude,9,8,0.08,0.05854482162271026,12861
C_noninf,homogeneous,500,1.0,non-informative,1,1001,crude,9,10,0.1,0.14636205405677566,12861
C_noninf,homogeneous,500,1.0,non-informative,1,1001,crude,10,11,0.05,0.010672039682912355,12861
C_noninf,homogeneous,500,1.0,non-informative,1,1001,oracle,0,1,0.6,0.6004033042799949,12861
C_noninf,homogeneous,500,1.0,non-informative,1,1001,oracle,0,2,0.08,0.08036894624220405,12861
C_noninf,homogeneous,500,1.0,non-informative,1,1001,oracle,1,0,0.85,0.8536908733263044,12861
C_noninf,homogeneous,500,1.0,non-informative,1,1001,oracle,1,2,0.05,0.041806604962110895,12861
C_noninf,homogeneous,500,1.0,non-informative,1,1001,oracle,1,3,0.1,0.08528547412270622,12861
C_noninf,homogeneous,500,1.0,non-informative,1,1001,oracle,2,0,0.04,0.04173023212002616,12861
C_noninf,homogeneous,500,1.0,non-informative,1,1001,oracle,2,3,0.45,0.42314455369706533,12861
C_noninf,homogeneous,500,1.0,non-informative,1,1001,oracle,2,4,0.07,0.07261060388884552,12861
C_noninf,homogeneous,500,1.0,non-informative,1,1001,oracle,3,1,0.06,0.053583400134682525,12861
C_noninf,homogeneous,500,1.0,non-informative,1,1001,oracle,3,2,0.6,0.62209020644168,12861
C_noninf,homogeneous,500,1.0,non-informative,1,1001,oracle,3,4,0.05,0.053583400134682525,12861
C_noninf,homogeneous,500,1.0,non-informative,1,1001,oracle,3,5,0.08,0.0849492928964479,12861
C_noninf,homogeneous,500,1.0,non-informative,1,1001,oracle,4,5,0.3,0.32991292520294674,12861
C_noninf,homogeneous,500,1.0,non-informative,1,1001,oracle,4,7,0.06,0.054461816223978506,12861
C_noninf,homogeneous,500,1.0,non-informative,1,1001,oracle,5,4,0.4,0.41646074608499234,12861
C_noninf,homogeneous,500,1.0,non-informative,1,1001,oracle,5,6,0.08,0.09339744673229607,12861
C_noninf,homogeneous,500,1.0,non-informative,1,1001,oracle,5,7,0.04,0.044402064839944036,12861
C_noninf,homogeneous,500,1.0,non-informative,1,1001,oracle,6,7,0.5,0.6291665225805076,12861
C_noninf,homogeneous,500,1.0,non-informative,1,1001,oracle,6,8,0.1,0.11010414145158884,12861
C_noninf,homogeneous,500,1.0,non-informative,1,1001,oracle,7,6,0.15,0.18460852964730243,12861
C_noninf,homogeneous,500,1.0,non-informative,1,1001,oracle,7,8,0.12,0.09049437727808943,12861
C_noninf,homogeneous,500,1.0,non-informative,1,1001,oracle,8,9,0.35,0.42750554494136206,12861
C_noninf,homogeneous,500,1.0,non-informative,1,1001,oracle,8,10,0.08,0.05428641840525233,12861
C_noninf,homogeneous,500,1.0,non-informative,1,1001,oracle,9,8,0.08,0.08219578033723327,12861
C_noninf,homogeneous,500,1.0,non-informative,1,1001,oracle,9,10,0.1,0.13356814304800405,12861
C_noninf,homogeneous,500,1.0,non-informative,1,1001,oracle,10,11,0.05,0.015490073827986424,12861
C_noninf,homogeneous,500,1.0,non-informative,1,1001,panel,0,1,0.6,0.599300121976562,12861
C_noninf,homogeneous,500,1.0,non-informative,1,1001,panel,0,2,0.08,0.07644087738012428,12861
C_noninf,homogeneous,500,1.0,non-informative,1,1001,panel,1,0,0.85,0.8670152724425539,12861
C_noninf,homogeneous,500,1.0,non-informative,1,1001,panel,1,2,0.05,0.03978132765728201,12861
C_noninf,homogeneous,500,1.0,non-informative,1,1001,panel,1,3,0.1,0.08823881721829814,12861
C_noninf,homogeneous,500,1.0,non-informative,1,1001,panel,2,0,0.04,0.038135188133974235,12861
C_noninf,homogeneous,500,1.0,non-informative,1,1001,panel,2,3,0.45,0.4284599459790485,12861
C_noninf,homogeneous,500,1.0,non-informative,1,1001,panel,2,4,0.07,0.07301151957065594,12861
C_noninf,homogeneous,500,1.0,non-informative,1,1001,panel,3,1,0.06,0.05323418598721952,12861
C_noninf,homogeneous,500,1.0,non-informative,1,1001,panel,3,2,0.6,0.6195943400158342,12861
C_noninf,homogeneous,500,1.0,non-informative,1,1001,panel,3,4,0.05,0.05903581847862498,12861
C_noninf,homogeneous,500,1.0,non-informative,1,1001,panel,3,5,0.08,0.07751929001341294,12861
C_noninf,homogeneous,500,1.0,non-informative,1,1001,panel,4,5,0.3,0.32376688452769886,12861
C_noninf,homogeneous,500,1.0,non-informative,1,1001,panel,4,7,0.06,0.04982354824755118,12861
C_noninf,homogeneous,500,1.0,non-informative,1,1001,panel,5,4,0.4,0.39437980661800676,12861
C_noninf,homogeneous,500,1.0,non-informative,1,1001,panel,5,6,0.08,0.09851966613022169,12861
C_noninf,homogeneous,500,1.0,non-informative,1,1001,panel,5,7,0.04,0.047154529473368983,12861
C_noninf,homogeneous,500,1.0,non-informative,1,1001,panel,6,7,0.5,0.7323302034180535,12861
C_noninf,homogeneous,500,1.0,non-informative,1,1001,panel,6,8,0.1,0.12553050910393918,12861
C_noninf,homogeneous,500,1.0,non-informative,1,1001,panel,7,6,0.15,0.1981825359360086,12861
C_noninf,homogeneous,500,1.0,non-informative,1,1001,panel,7,8,0.12,0.08529331112938254,12861
C_noninf,homogeneous,500,1.0,non-informative,1,1001,panel,8,9,0.35,0.4834316940905751,12861
C_noninf,homogeneous,500,1.0,non-informative,1,1001,panel,8,10,0.08,8.85433819346846e-06,12861
C_noninf,homogeneous,500,1.0,non-informative,1,1001,panel,9,8,0.08,0.07871600321358095,12861
C_noninf,homogeneous,500,1.0,non-informative,1,1001,panel,9,10,0.1,0.17361729555680103,12861
C_noninf,homogeneous,500,1.0,non-informative,1,1001,panel,10,11,0.05,0.009190714890651874,12861
C_noninf,homogeneous,500,1.0,non-informative,2,1002,crude,0,1,0.6,0.3438074589840629,12892
C_noninf,homogeneous,500,1.0,non-informative,2,1002,crude,0,2,0.08,0.0636921190556487,12892
C_noninf,homogeneous,500,1.0,non-informative,2,1002,crude,1,0,0.85,0.5076020179563973,12892
C_noninf,homogeneous,500,1.0,non-informative,2,1002,crude,1,2,0.05,0.06263229319167334,12892
C_noninf,homogeneous,500,1.0,non-informative,2,1002,crude,1,3,0.1,0.06543672423010646,12892
C_noninf,homogeneous,500,1.0,non-informative,2,1002,crude,2,0,0.04,0.0333966608237353,12892
C_noninf,homogeneous,500,1.0,non-informative,2,1002,crude,2,3,0.45,0.2753369147912399,12892
C_noninf,homogeneous,500,1.0,non-informative,2,1002,crude,2,4,0.07,0.04972391722645033,12892
C_noninf,homogeneous,500,1.0,non-informative,2,1002,crude,3,1,0.06,0.025590525363889276,12892
C_noninf,homogeneous,500,1.0,non-informative,2,1002,crude,3,2,0.6,0.37959279289769093,12892
C_noninf,homogeneous,500,1.0,non-informative,2,1002,crude,3,4,0.05,0.0341207004851857,12892
C_noninf,homogeneous,500,1.0,non-informative,2,1002,crude,3,5,0.08,0.06397631340972319,12892
C_noninf,homogeneous,500,1.0,non-informative,2,1002,crude,4,5,0.3,0.21281511838601025,12892
C_noninf,homogeneous,500,1.0,non-informative,2,1002,crude,4,7,0.06,0.05179627219976969,12892
C_noninf,homogeneous,500,1.0,non-informative,2,1002,crude,5,4,0.4,0.3175051857668414,12892
C_noninf,homogeneous,500,1.0,non-informative,2,1002,crude,5,6,0.08,0.07075829854232465,12892
C_noninf,homogeneous,500,1.0,non-informative,2,1002,crude,5,7,0.04,0.0562437757644119,12892
C_noninf,homogeneous,500,1.0,non-informative,2,1002,crude,6,7,0.5,0.32053632790323067,12892
C_noninf,homogeneous,500,1.0,non-informative,2,1002,crude,6,8,0.1,0.08692510587206256,12892
C_noninf,homogeneous,500,1.0,non-informative,2,1002,crude,7,6,0.15,0.08612325960915254,12892
C_noninf,homogeneous,500,1.0,non-informative,2,1002,crude,7,8,0.12,0.08211752660407567,12892
C_noninf,homogeneous,500,1.0,non-informative,2,1002,crude,8,9,0.35,0.24536866642129807,12892
C_noninf,homogeneous,500,1.0,non-informative,2,1002,crude,8,10,0.08,0.07497375918428552,12892
C_noninf,homogeneous,500,1.0,non-informative,2,1002,crude,9,8,0.08,0.050650497098450084,12892
C_noninf,homogeneous,500,1.0,non-informative,2,1002,crude,9,10,0.1,0.05788628239822867,12892
C_noninf,homogeneous,500,1.0,non-informative,2,1002,crude,10,11,0.05,0.05111803665844805,12892
C_noninf,homogeneous,500,1.0,non-informative,2,1002,oracle,0,1,0.6,0.611411683955611,12892
C_noninf,homogeneous,500,1.0,non-informative,2,1002,oracle,0,2,0.08,0.08836555687349956,12892
C_noninf,homogeneous,500,1.0,non-informative,2,1002,oracle,1,0,0.85,0.8934557136825573,12892
C_noninf,homogeneous,500,1.0,non-informative,2,1002,oracle,1,2,0.05,0.04286301398263868,12892
C_noninf,homogeneous,500,1.0,non-informative,2,1002,oracle,1,3,0.1,0.1076337906675149,12892
C_noninf,homogeneous,500,1.0,non-informative,2,1002,oracle,2,0,0.04,0.042046678301562175,12892
C_noninf,homogeneous,500,1.0,non-informative,2,1002,oracle,2,3,0.45,0.45453909129447384,12892
C_noninf,homogeneous,500,1.0,non-informative,2,1002,oracle,2,4,0.07,0.05727047561764503,12892
C_noninf,homogeneous,500,1.0,non-informative,2,1002,oracle,3,1,0.06,0.04965608739843677,12892
C_noninf,homogeneous,500,1.0,non-informative,2,1002,oracle,3,2,0.6,0.6212293487293792,12892
C_noninf,homogeneous,500,1.0,non-informative,2,1002,oracle,3,4,0.05,0.033808399930850566,12892
C_noninf,homogeneous,500,1.0,non-informative,2,1002,oracle,3,5,0.08,0.08769053732064366,12892
C_noninf,homogeneous,500,1.0,non-informative,2,1002,oracle,4,5,0.3,0.2783202031057072,12892
C_noninf,homogeneous,500,1.0,non-informative,2,1002,oracle,4,7,0.06,0.0628115633468133,12892
C_noninf,homogeneous,500,1.0,non-informative,2,1002,oracle,5,4,0.4,0.4206634490280527,12892
C_noninf,homogeneous,500,1.0,non-informative,2,1002,oracle,5,6,0.08,0.10338339001536888,12892
C_noninf,homogeneous,500,1.0,non-informative,2,1002,oracle,5,7,0.04,0.0392143893161744,12892
C_noninf,homogeneous,500,1.0,non-informative,2,1002,oracle,6,7,0.5,0.46038442963023846,12892
C_noninf,homogeneous,500,1.0,non-informative,2,1002,oracle,6,8,0.1,0.10774954736026858,12892
C_noninf,homogeneous,500,1.0,non-informative,2,1002,oracle,7,6,0.15,0.14068041173581491,12892
C_noninf,homogeneous,500,1.0,non-informative,2,1002,oracle,7,8,0.12,0.10316563527293093,12892
C_noninf,homogeneous,500,1.0,non-informative,2,1002,oracle,8,9,0.35,0.30858717450882395,12892
C_noninf,homogeneous,500,1.0,non-informative,2,1002,oracle,8,10,0.08,0.10681863732997753,12892
C_noninf,homogeneous,500,1.0,non-informative,2,1002,oracle,9,8,0.08,0.07999500822541707,12892
C_noninf,homogeneous,500,1.0,non-informative,2,1002,oracle,9,10,0.1,0.05538115954067335,12892
C_noninf,homogeneous,500,1.0,non-informative,2,1002,oracle,10,11,0.05,0.07307305668993971,12892
C_noninf,homogeneous,500,1.0,non-informative,2,1002,panel,0,1,0.6,0.6019538024896554,12892
C_noninf,homogeneous,500,1.0,non-informative,2,1002,panel,0,2,0.08,0.08256866878603072,12892
C_noninf,homogeneous,500,1.0,non-informative,2,1002,panel,1,0,0.85,0.8697273776519577,12892
C_noninf,homogeneous,500,1.0,non-informative,2,1002,panel,1,2,0.05,0.05839340813202127,12892
C_noninf,homogeneous,500,1.0,non-informative,2,1002,panel,1,3,0.1,0.10066086119751172,12892
C_noninf,homogeneous,500,1.0,non-informative,2,1002,panel,2,0,0.04,0.046668178326215594,12892
C_noninf,homogeneous,500,1.0,non-informative,2,1002,panel,2,3,0.45,0.4201253681468308,12892
C_noninf,homogeneous,500,1.0,non-informative,2,1002,panel,2,4,0.07,0.06098442953115257,12892
C_noninf,homogeneous,500,1.0,non-informative,2,1002,panel,3,1,0.06,0.03976812634008435,12892
C_noninf,homogeneous,500,1.0,non-informative,2,1002,panel,3,2,0.6,0.5743071436969639,12892
C_noninf,homogeneous,500,1.0,non-informative,2,1002,panel,3,4,0.05,0.024529983708220123,12892
C_noninf,homogeneous,500,1.0,non-informative,2,1002,panel,3,5,0.08,0.09022583575224193,12892
C_noninf,homogeneous,500,1.0,non-informative,2,1002,panel,4,5,0.3,0.29924968931714113,12892
C_noninf,homogeneous,500,1.0,non-informative,2,1002,panel,4,7,0.06,0.055526457135293736,12892
C_noninf,homogeneous,500,1.0,non-informative,2,1002,panel,5,4,0.4,0.4412688174919079,12892
C_noninf,homogeneous,500,1.0,non-informative,2,1002,panel,5,6,0.08,0.10155120925572673,12892
C_noninf,homogeneous,500,1.0,non-informative,2,1002,panel,5,7,0.04,0.049027575695738033,12892
C_noninf,homogeneous,500,1.0,non-informative,2,1002,panel,6,7,0.5,0.4605189896636767,12892
C_noninf,homogeneous,500,1.0,non-informative,2,1002,panel,6,8,0.1,0.08768127682357132,12892
C_noninf,homogeneous,500,1.0,non-informative,2,1002,panel,7,6,0.15,0.12258978766005585,12892
C_noninf,homogeneous,500,1.0,non-informative,2,1002,panel,7,8,0.12,0.11176005907708783,12892
C_noninf,homogeneous,500,1.0,non-informative,2,1002,panel,8,9,0.35,0.3192893027881012,12892
C_noninf,homogeneous,500,1.0,non-informative,2,1002,panel,8,10,0.08,0.101480882757094,12892
C_noninf,homogeneous,500,1.0,non-informative,2,1002,panel,9,8,0.08,0.0662408524780845,12892
C_noninf,homogeneous,500,1.0,non-informative,2,1002,panel,9,10,0.1,0.061774553571424924,12892
C_noninf,homogeneous,500,1.0,non-informative,2,1002,panel,10,11,0.05,0.06334523252552479,12892
C_noninf,homogeneous,500,1.0,non-informative,3,1003,crude,0,1,0.6,0.35179115417766194,12603
C_noninf,homogeneous,500,1.0,non-informative,3,1003,crude,0,2,0.08,0.06569223995987752,12603
C_noninf,homogeneous,500,1.0,non-informative,3,1003,crude,1,0,0.85,0.5016640394782841,12603
C_noninf,homogeneous,500,1.0,non-informative,3,1003,crude,1,2,0.05,0.05612420407244142,12603
C_noninf,homogeneous,500,1.0,non-informative,3,1003,crude,1,3,0.1,0.06821249418035188,12603
C_noninf,homogeneous,500,1.0,non-informative,3,1003,crude,2,0,0.04,0.020379633378233803,12603
C_noninf,homogeneous,500,1.0,non-informative,3,1003,crude,2,3,0.45,0.27355738650013833,12603
C_noninf,homogeneous,500,1.0,non-informative,3,1003,crude,2,4,0.07,0.0619227321877104,12603
C_noninf,homogeneous,500,1.0,non-informative,3,1003,crude,3,1,0.06,0.03731277263149057,12603
C_noninf,homogeneous,500,1.0,non-informative,3,1003,crude,3,2,0.6,0.3947932071977067,12603
C_noninf,homogeneous,500,1.0,non-informative,3,1003,crude,3,4,0.05,0.04212732393877968,12603
C_noninf,homogeneous,500,1.0,non-informative,3,1003,crude,3,5,0.08,0.056570977860647,12603
C_noninf,homogeneous,500,1.0,non-informative,3,1003,crude,4,5,0.3,0.22584029194507405,12603
C_noninf,homogeneous,500,1.0,non-informative,3,1003,crude,4,7,0.06,0.03764004865751234,12603
C_noninf,homogeneous,500,1.0,non-informative,3,1003,crude,5,4,0.4,0.30671281899411157,12603
C_noninf,homogeneous,500,1.0,non-informative,3,1003,crude,5,6,0.08,0.04771088295463958,12603
C_noninf,homogeneous,500,1.0,non-informative,3,1003,crude,5,7,0.04,0.046006922849116734,12603
C_noninf,homogeneous,500,1.0,non-informative,3,1003,crude,6,7,0.5,0.35651072468144696,12603
C_noninf,homogeneous,500,1.0,non-informative,3,1003,crude,6,8,0.1,0.04194243819781729,12603
C_noninf,homogeneous,500,1.0,non-informative,3,1003,crude,7,6,0.15,0.09586787798307597,12603
C_noninf,homogeneous,500,1.0,non-informative,3,1003,crude,7,8,0.12,0.09586787798307597,12603
C_noninf,homogeneous,500,1.0,non-informative,3,1003,crude,8,9,0.35,0.3274191303981768,12603
C_noninf,homogeneous,500,1.0,non-informative,3,1003,crude,8,10,0.08,0.0818547825995442,12603
C_noninf,homogeneous,500,1.0,non-informative,3,1003,crude,9,8,0.08,0.022496782960036706,12603
C_noninf,homogeneous,500,1.0,non-informative,3,1003,crude,9,10,0.1,0.11248391480018353,12603
C_noninf,homogeneous,500,1.0,non-informative,3,1003,crude,10,11,0.05,0.06454144593492156,12603
C_noninf,homogeneous,500,1.0,non-informative,3,1003,oracle,0,1,0.6,0.6042375846186989,12603
C_noninf,homogeneous,500,1.0,non-informative,3,1003,oracle,0,2,0.08,0.07948860311530676,12603
C_noninf,homogeneous,500,1.0,non-informative,3,1003,oracle,1,0,0.85,0.8461984591794195,12603
C_noninf,homogeneous,500,1.0,non-informative,3,1003,oracle,1,2,0.05,0.0448142486169786,12603
C_noninf,homogeneous,500,1.0,non-informative,3,1003,oracle,1,3,0.1,0.1045665801062834,12603
C_noninf,homogeneous,500,1.0,non-informative,3,1003,oracle,2,0,0.04,0.027507626292695826,12603
C_noninf,homogeneous,500,1.0,non-informative,3,1003,oracle,2,3,0.45,0.44394252433489656,12603
C_noninf,homogeneous,500,1.0,non-informative,3,1003,oracle,2,4,0.07,0.06647676354068158,12603
C_noninf,homogeneous,500,1.0,non-informative,3,1003,oracle,3,1,0.06,0.06054907023703652,12603
C_noninf,homogeneous,500,1.0,non-informative,3,1003,oracle,3,2,0.6,0.6206279699296243,12603
C_noninf,homogeneous,500,1.0,non-informative,3,1003,oracle,3,4,0.05,0.04657620787464348,12603
C_noninf,homogeneous,500,1.0,non-informative,3,1003,oracle,3,5,0.08,0.08616598456809042,12603
C_noninf,homogeneous,500,1.0,non-informative,3,1003,oracle,4,5,0.3,0.31227860024279014,12603
C_noninf,homogeneous,500,1.0,non-informative,3,1003,oracle,4,7,0.06,0.047960877170394385,12603
C_noninf,homogeneous,500,1.0,non-informative,3,1003,oracle,5,4,0.4,0.40997214826760336,12603
C_noninf,homogeneous,500,1.0,non-informative,3,1003,oracle,5,6,0.08,0.06673965204356333,12603
C_noninf,homogeneous,500,1.0,non-informative,3,1003,oracle,5,7,0.04,0.04131502269363445,12603
C_noninf,homogeneous,500,1.0,non-informative,3,1003,oracle,6,7,0.5,0.49355425990870455,12603
C_noninf,homogeneous,500,1.0,non-informative,3,1003,oracle,6,8,0.1,0.10141525888535025,12603
C_noninf,homogeneous,500,1.0,non-informative,3,1003,oracle,7,6,0.15,0.1563148660746099,12603
C_noninf,homogeneous,500,1.0,non-informative,3,1003,oracle,7,8,0.12,0.11652562743743647,12603
C_noninf,homogeneous,500,1.0,non-informative,3,1003,oracle,8,9,0.35,0.5010904016313729,12603
C_noninf,homogeneous,500,1.0,non-informative,3,1003,oracle,8,10,0.08,0.0746304853493534,12603
C_noninf,homogeneous,500,1.0,non-informative,3,1003,oracle,9,8,0.08,0.044467820530786385,12603
C_noninf,homogeneous,500,1.0,non-informative,3,1003,oracle,9,10,0.1,0.12069837001213447,12603
C_noninf,homogeneous,500,1.0,non-informative,3,1003,oracle,10,11,0.05,0.08614210686478323,12603
C_noninf,homogeneous,500,1.0,non-informative,3,1003,panel,0,1,0.6,0.5987539303835535,12603
C_noninf,homogeneous,500,1.0,non-informative,3,1003,panel,0,2,0.08,0.08052531356518355,12603
C_noninf,homogeneous,500,1.0,non-informative,3,1003,panel,1,0,0.85,0.859720371024952,12603
C_noninf,homogeneous,500,1.0,non-informative,3,1003,panel,1,2,0.05,0.047558186480469285,12603
C_noninf,homogeneous,500,1.0,non-informative,3,1003,panel,1,3,0.1,0.10330032371806853,12603
C_noninf,homogeneous,500,1.0,non-informative,3,1003,panel,2,0,0.04,0.027640850790239552,12603
C_noninf,homogeneous,500,1.0,non-informative,3,1003,panel,2,3,0.45,0.42019055662697685,12603
C_noninf,homogeneous,500,1.0,non-informative,3,1003,panel,2,4,0.07,0.07681980929182658,12603
C_noninf,homogeneous,500,1.0,non-informative,3,1003,panel,3,1,0.06,0.06320540340952766,12603
C_noninf,homogeneous,500,1.0,non-informative,3,1003,panel,3,2,0.6,0.6186201532275376,12603
C_noninf,homogeneous,500,1.0,non-informative,3,1003,panel,3,4,0.05,0.035448399433649344,12603
C_noninf,homogeneous,500,1.0,non-informative,3,1003,panel,3,5,0.08,0.08194607445336677,12603
C_noninf,homogeneous,500,1.0,non-informative,3,1003,panel,4,5,0.3,0.31118459928183023,12603
C_noninf,homogeneous,500,1.0,non-informative,3,1003,panel,4,7,0.06,0.040882987377137595,12603
C_noninf,homogeneous,500,1.0,non-informative,3,1003,panel,5,4,0.4,0.41596870121418894,12603
C_noninf,homogeneous,500,1.0,non-informative,3,1003,panel,5,6,0.08,0.07210048321973654,12603
C_noninf,homogeneous,500,1.0,non-informative,3,1003,panel,5,7,0.04,0.04666485936384057,12603
C_noninf,homogeneous,500,1.0,non-informative,3,1003,panel,6,7,0.5,0.5216627962781826,12603
C_noninf,homogeneous,500,1.0,non-informative,3,1003,panel,6,8,0.1,0.06042622142413748,12603
C_noninf,homogeneous,500,1.0,non-informative,3,1003,panel,7,6,0.15,0.14445579482296664,12603
C_noninf,homogeneous,500,1.0,non-informative,3,1003,panel,7,8,0.12,0.137551143547439,12603
C_noninf,homogeneous,500,1.0,non-informative,3,1003,panel,8,9,0.35,0.46971571390823724,12603
C_noninf,homogeneous,500,1.0,non-informative,3,1003,panel,8,10,0.08,0.07945382801556806,12603
C_noninf,homogeneous,500,1.0,non-informative,3,1003,panel,9,8,0.08,0.029411943209756194,12603
C_noninf,homogeneous,500,1.0,non-informative,3,1003,panel,9,10,0.1,0.12341586922393798,12603
C_noninf,homogeneous,500,1.0,non-informative,3,1003,panel,10,11,0.05,0.06995293223107318,12603
C_noninf,homogeneous,500,1.0,non-informative,4,1004,crude,0,1,0.6,0.35049694591548414,13242
C_noninf,homogeneous,500,1.0,non-informative,4,1004,crude,0,2,0.08,0.07496177455995905,13242
C_noninf,homogeneous,500,1.0,non-informative,4,1004,crude,1,0,0.85,0.49277580702682006,13242
C_noninf,homogeneous,500,1.0,non-informative,4,1004,crude,1,2,0.05,0.06340865163948052,13242
C_noninf,homogeneous,500,1.0,non-informative,4,1004,crude,1,3,0.1,0.07337286832568461,13242
C_noninf,homogeneous,500,1.0,non-informative,4,1004,crude,2,0,0.04,0.0267892892077539,13242
C_noninf,homogeneous,500,1.0,non-informative,4,1004,crude,2,3,0.45,0.2975783206591041,13242
C_noninf,homogeneous,500,1.0,non-informative,4,1004,crude,2,4,0.07,0.057198752632771833,13242
C_noninf,homogeneous,500,1.0,non-informative,4,1004,crude,3,1,0.06,0.04093889697252554,13242
C_noninf,homogeneous,500,1.0,non-informative,4,1004,crude,3,2,0.6,0.39538355760307564,13242
C_noninf,homogeneous,500,1.0,non-informative,4,1004,crude,3,4,0.05,0.057098987882732995,13242
C_noninf,homogeneous,500,1.0,non-informative,4,1004,crude,3,5,0.08,0.06356302424681598,13242
C_noninf,homogeneous,500,1.0,non-informative,4,1004,crude,4,5,0.3,0.2238308003508197,13242
C_noninf,homogeneous,500,1.0,non-informative,4,1004,crude,4,7,0.06,0.057309335355523884,13242
C_noninf,homogeneous,500,1.0,non-informative,4,1004,crude,5,4,0.4,0.2964484983911596,13242
C_noninf,homogeneous,500,1.0,non-informative,4,1004,crude,5,6,0.08,0.06965729743617412,13242
C_noninf,homogeneous,500,1.0,non-informative,4,1004,crude,5,7,0.04,0.05183798878971097,13242
C_noninf,homogeneous,500,1.0,non-informative,4,1004,crude,6,7,0.5,0.3892522201842004,13242
C_noninf,homogeneous,500,1.0,non-informative,4,1004,crude,6,8,0.1,0.07890247706436494,13242
C_noninf,homogeneous,500,1.0,non-informative,4,1004,crude,7,6,0.15,0.1014057505599999,13242
C_noninf,homogeneous,500,1.0,non-informative,4,1004,crude,7,8,0.12,0.08005717149473676,13242
C_noninf,homogeneous,500,1.0,non-informative,4,1004,crude,8,9,0.35,0.280166508559367,13242
C_noninf,homogeneous,500,1.0,non-informative,4,1004,crude,8,10,0.08,0.050429971540686055,13242
C_noninf,homogeneous,500,1.0,non-informative,4,1004,crude,9,8,0.08,0.06066997299634652,13242
C_noninf,homogeneous,500,1.0,non-informative,4,1004,crude,9,10,0.1,0.09376268553980825,13242
C_noninf,homogeneous,500,1.0,non-informative,4,1004,crude,10,11,0.05,0.03462388078305369,13242
C_noninf,homogeneous,500,1.0,non-informative,4,1004,oracle,0,1,0.6,0.5994988481684339,13242
C_noninf,homogeneous,500,1.0,non-informative,4,1004,oracle,0,2,0.08,0.0987810602095715,13242
C_noninf,homogeneous,500,1.0,non-informative,4,1004,oracle,1,0,0.85,0.8373408546966553,13242
C_noninf,homogeneous,500,1.0,non-informative,4,1004,oracle,1,2,0.05,0.06347734461468513,13242
C_noninf,homogeneous,500,1.0,non-informative,4,1004,oracle,1,3,0.1,0.10081695909391168,13242
C_noninf,homogeneous,500,1.0,non-informative,4,1004,oracle,2,0,0.04,0.03712058629413123,13242
C_noninf,homogeneous,500,1.0,non-informative,4,1004,oracle,2,3,0.45,0.46186575639044053,13242
C_noninf,homogeneous,500,1.0,non-informative,4,1004,oracle,2,4,0.07,0.07852431716066222,13242
C_noninf,homogeneous,500,1.0,non-informative,4,1004,oracle,3,1,0.06,0.06829949116128813,13242
C_noninf,homogeneous,500,1.0,non-informative,4,1004,oracle,3,2,0.6,0.6178969590997785,13242
C_noninf,homogeneous,500,1.0,non-informative,4,1004,oracle,3,4,0.05,0.04268718197580507,13242
C_noninf,homogeneous,500,1.0,non-informative,4,1004,oracle,3,5,0.08,0.09071026169858579,13242
C_noninf,homogeneous,500,1.0,non-informative,4,1004,oracle,4,5,0.3,0.30120134411452926,13242
C_noninf,homogeneous,500,1.0,non-informative,4,1004,oracle,4,7,0.06,0.06738741936121671,13242
C_noninf,homogeneous,500,1.0,non-informative,4,1004,oracle,5,4,0.4,0.4101470646340684,13242
C_noninf,homogeneous,500,1.0,non-informative,4,1004,oracle,5,6,0.08,0.09201017799775679,13242
C_noninf,homogeneous,500,1.0,non-informative,4,1004,oracle,5,7,0.04,0.040546858100706386,13242
C_noninf,homogeneous,500,1.0,non-informative,4,1004,oracle,6,7,0.5,0.551194474481813,13242
C_noninf,homogeneous,500,1.0,non-informative,4,1004,oracle,6,8,0.1,0.09359906170445882,13242
C_noninf,homogeneous,500,1.0,non-informative,4,1004,oracle,7,6,0.15,0.134007462655986,13242
C_noninf,homogeneous,500,1.0,non-informative,4,1004,oracle,7,8,0.12,0.10010196005627871,13242
C_noninf,homogeneous,500,1.0,non-informative,4,1004,oracle,8,9,0.35,0.3586672030141711,13242
C_noninf,homogeneous,500,1.0,non-informative,4,1004,oracle,8,10,0.08,0.04913249356358509,13242
C_noninf,homogeneous,500,1.0,non-informative,4,1004,oracle,9,8,0.08,0.10459883211294517,13242
C_noninf,homogeneous,500,1.0,non-informative,4,1004,oracle,9,10,0.1,0.09033535500663446,13242
C_noninf,homogeneous,500,1.0,non-informative,4,1004,oracle,10,11,0.05,0.037617192113565665,13242
C_noninf,homogeneous,500,1.0,non-informative,4,1004,panel,0,1,0.6,0.6032995470098991,13242
C_noninf,homogeneous,500,1.0,non-informative,4,1004,panel,0,2,0.08,0.09609107809050851,13242
C_noninf,homogeneous,500,1.0,non-informative,4,1004,panel,1,0,0.85,0.850734883477744,13242
C_noninf,homogeneous,500,1.0,non-informative,4,1004,panel,1,2,0.05,0.05909593566332427,13242
C_noninf,homogeneous,500,1.0,non-informative,4,1004,panel,1,3,0.1,0.10776712844295476,13242
C_noninf,homogeneous,500,1.0,non-informative,4,1004,panel,2,0,0.04,0.03706817261725927,13242
C_noninf,homogeneous,500,1.0,non-informative,4,1004,panel,2,3,0.45,0.480661303898139,13242
C_noninf,homogeneous,500,1.0,non-informative,4,1004,panel,2,4,0.07,0.07027600875017864,13242
C_noninf,homogeneous,500,1.0,non-informative,4,1004,panel,3,1,0.06,0.07151115372450967,13242
C_noninf,homogeneous,500,1.0,non-informative,4,1004,panel,3,2,0.6,0.6323568735198241,13242
C_noninf,homogeneous,500,1.0,non-informative,4,1004,panel,3,4,0.05,0.057183088260138716,13242
C_noninf,homogeneous,500,1.0,non-informative,4,1004,panel,3,5,0.08,0.09094338270146751,13242
C_noninf,homogeneous,500,1.0,non-informative,4,1004,panel,4,5,0.3,0.2995917253075904,13242
C_noninf,homogeneous,500,1.0,non-informative,4,1004,panel,4,7,0.06,0.06235700630046936,13242
C_noninf,homogeneous,500,1.0,non-informative,4,1004,panel,5,4,0.4,0.4078979956486488,13242
C_noninf,homogeneous,500,1.0,non-informative,4,1004,panel,5,6,0.08,0.09687507917798134,13242
C_noninf,homogeneous,500,1.0,non-informative,4,1004,panel,5,7,0.04,0.04377460544454229,13242
C_noninf,homogeneous,500,1.0,non-informative,4,1004,panel,6,7,0.5,0.5766523854048615,13242
C_noninf,homogeneous,500,1.0,non-informative,4,1004,panel,6,8,0.1,0.09520073696163314,13242
C_noninf,homogeneous,500,1.0,non-informative,4,1004,panel,7,6,0.15,0.14582134640775704,13242
C_noninf,homogeneous,500,1.0,non-informative,4,1004,panel,7,8,0.12,0.1005672281821224,13242
C_noninf,homogeneous,500,1.0,non-informative,4,1004,panel,8,9,0.35,0.3593549595249063,13242
C_noninf,homogeneous,500,1.0,non-informative,4,1004,panel,8,10,0.08,0.03681577792295821,13242
C_noninf,homogeneous,500,1.0,non-informative,4,1004,panel,9,8,0.08,0.07761989472798227,13242
C_noninf,homogeneous,500,1.0,non-informative,4,1004,panel,9,10,0.1,0.10207963206969556,13242
C_noninf,homogeneous,500,1.0,non-informative,4,1004,panel,10,11,0.05,0.04109454389307223,13242
C_noninf,homogeneous,1000,1.0,non-informative,0,1000,crude,0,1,0.6,0.3543480227351107,26013
C_noninf,homogeneous,1000,1.0,non-informative,0,1000,crude,0,2,0.08,0.0613969346323211,26013
C_noninf,homogeneous,1000,1.0,non-informative,0,1000,crude,1,0,0.85,0.5075329713872839,26013
C_noninf,homogeneous,1000,1.0,non-informative,0,1000,crude,1,2,0.05,0.0496236530052749,26013
C_noninf,homogeneous,1000,1.0,non-informative,0,1000,crude,1,3,0.1,0.0649545376735713,26013
C_noninf,homogeneous,1000,1.0,non-informative,0,1000,crude,2,0,0.04,0.0329904366356707,26013
C_noninf,homogeneous,1000,1.0,non-informative,0,1000,crude,2,3,0.45,0.2908790937510971,26013
C_noninf,homogeneous,1000,1.0,non-informative,0,1000,crude,2,4,0.07,0.0551181685254499,26013
C_noninf,homogeneous,1000,1.0,non-informative,0,1000,crude,3,1,0.06,0.0417826158103929,26013
C_noninf,homogeneous,1000,1.0,non-informative,0,1000,crude,3,2,0.6,0.392069751097523,26013
C_noninf,homogeneous,1000,1.0,non-informative,0,1000,crude,3,4,0.05,0.0526575432130979,26013
C_noninf,homogeneous,1000,1.0,non-informative,0,1000,crude,3,5,0.08,0.0549470016136674,26013
C_noninf,homogeneous,1000,1.0,non-informative,0,1000,crude,4,5,0.3,0.2224589921432403,26013
C_noninf,homogeneous,1000,1.0,non-informative,0,1000,crude,4,7,0.06,0.0527665533924667,26013
C_noninf,homogeneous,1000,1.0,non-informative,0,1000,crude,5,4,0.4,0.2729352943199911,26013
C_noninf,homogeneous,1000,1.0,non-informative,0,1000,crude,5,6,0.08,0.0571864426194267,26013
C_noninf,homogeneous,1000,1.0,non-informative,0,1000,crude,5,7,0.04,0.0537205976121887,26013
C_noninf,homogeneous,1000,1.0,non-informative,0,1000,crude,6,7,0.5,0.3379734559786122,26013
C_noninf,homogeneous,1000,1.0,non-informative,0,1000,crude,6,8,0.1,0.0965638445653177,26013
C_noninf,homogeneous,1000,1.0,non-informative,0,1000,crude,7,6,0.15,0.1041721671366988,26013
C_noninf,homogeneous,1000,1.0,non-informative,0,1000,crude,7,8,0.12,0.0886062111277668,26013
C_noninf,homogeneous,1000,1.0,non-informative,0,1000,crude,8,9,0.35,0.2370516760177315,26013
C_noninf,homogeneous,1000,1.0,non-informative,0,1000,crude,8,10,0.08,0.091493629340177,26013
C_noninf,homogeneous,1000,1.0,non-informative,0,1000,crude,9,8,0.08,0.0470500556131658,26013
C_noninf,homogeneous,1000,1.0,non-informative,0,1000,crude,9,10,0.1,0.122330144594231,26013
C_noninf,homogeneous,1000,1.0,non-informative,0,1000,crude,10,11,0.05,0.0404956371473106,26013
C_noninf,homogeneous,1000,1.0,non-informative,0,1000,oracle,0,1,0.6,0.617742720236514,26013
C_noninf,homogeneous,1000,1.0,non-informative,0,1000,oracle,0,2,0.08,0.0754271754950405,26013
C_noninf,homogeneous,1000,1.0,non-informative,0,1000,oracle,1,0,0.85,0.8717264362344533,26013
C_noninf,homogeneous,1000,1.0,non-informative,0,1000,oracle,1,2,0.05,0.0459883941866503,26013
C_noninf,homogeneous,1000,1.0,non-informative,0,1000,oracle,1,3,0.1,0.0997783909585361,26013
C_noninf,homogeneous,1000,1.0,non-informative,0,1000,oracle,2,0,0.04,0.0442550813387485,26013
C_noninf,homogeneous,1000,1.0,non-informative,0,1000,oracle,2,3,0.45,0.4433340891633923,26013
C_noninf,homogeneous,1000,1.0,non-informative,0,1000,oracle,2,4,0.07,0.0657951651761925,26013
C_noninf,homogeneous,1000,1.0,non-informative,0,1000,oracle,3,1,0.06,0.0691279794673802,26013
C_noninf,homogeneous,1000,1.0,non-informative,0,1000,oracle,3,2,0.6,0.592120807732888,26013
C_noninf,homogeneous,1000,1.0,non-informative,0,1000,oracle,3,4,0.05,0.0470296909491193,26013
C_noninf,homogeneous,1000,1.0,non-informative,0,1000,oracle,3,5,0.08,0.0861266629429655,26013
C_noninf,homogeneous,1000,1.0,non-informative,0,1000,oracle,4,5,0.3,0.2859877406707365,26013
C_noninf,homogeneous,1000,1.0,non-informative,0,1000,oracle,4,7,0.06,0.0642477429339825,26013
C_noninf,homogeneous,1000,1.0,non-informative,0,1000,oracle,5,4,0.4,0.3641278759378248,26013
C_noninf,homogeneous,1000,1.0,non-informative,0,1000,oracle,5,6,0.08,0.0793716943055483,26013
C_noninf,homogeneous,1000,1.0,non-informative,0,1000,oracle,5,7,0.04,0.0425497742668918,26013
C_noninf,homogeneous,1000,1.0,non-informative,0,1000,oracle,6,7,0.5,0.5140363317950137,26013
C_noninf,homogeneous,1000,1.0,non-informative,0,1000,oracle,6,8,0.1,0.1040687052100334,26013
C_noninf,homogeneous,1000,1.0,non-informative,0,1000,oracle,7,6,0.15,0.1490004967063284,26013
C_noninf,homogeneous,1000,1.0,non-informative,0,1000,oracle,7,8,0.12,0.1264246638720362,26013
C_noninf,homogeneous,1000,1.0,non-informative,0,1000,oracle,8,9,0.35,0.3608007511645134,26013
C_noninf,homogeneous,1000,1.0,non-informative,0,1000,oracle,8,10,0.08,0.0883593676321257,26013
C_noninf,homogeneous,1000,1.0,non-informative,0,1000,oracle,9,8,0.08,0.0752368893598326,26013
C_noninf,homogeneous,1000,1.0,non-informative,0,1000,oracle,9,10,0.1,0.1544336150017617,26013
C_noninf,homogeneous,1000,1.0,non-informative,0,1000,oracle,10,11,0.05,0.0415191182772916,26013
C_noninf,homogeneous,1000,1.0,non-informative,0,1000,panel,0,1,0.6,0.6173983944362295,26013
C_noninf,homogeneous,1000,1.0,non-informative,0,1000,panel,0,2,0.08,0.0774828996262461,26013
C_noninf,homogeneous,1000,1.0,non-informative,0,1000,panel,1,0,0.85,0.8701859461124618,26013
C_noninf,homogeneous,1000,1.0,non-informative,0,1000,panel,1,2,0.05,0.0424590691224747,26013
C_noninf,homogeneous,1000,1.0,non-informative,0,1000,panel,1,3,0.1,0.1022730425207898,26013
C_noninf,homogeneous,1000,1.0,non-informative,0,1000,panel,2,0,0.04,0.0454933188255424,26013
C_noninf,homogeneous,1000,1.0,non-informative,0,1000,panel,2,3,0.45,0.4570852098716429,26013
C_noninf,homogeneous,1000,1.0,non-informative,0,1000,panel,2,4,0.07,0.0635909510024044,26013
C_noninf,homogeneous,1000,1.0,non-informative,0,1000,panel,3,1,0.06,0.0677122588072488,26013
C_noninf,homogeneous,1000,1.0,non-informative,0,1000,panel,3,2,0.6,0.6078426540009747,26013
C_noninf,homogeneous,1000,1.0,non-informative,0,1000,panel,3,4,0.05,0.0571512835866201,26013
C_noninf,homogeneous,1000,1.0,non-informative,0,1000,panel,3,5,0.08,0.0762684402625843,26013
C_noninf,homogeneous,1000,1.0,non-informative,0,1000,panel,4,5,0.3,0.294784568853714,26013
C_noninf,homogeneous,1000,1.0,non-informative,0,1000,panel,4,7,0.06,0.0609977395251544,26013
C_noninf,homogeneous,1000,1.0,non-informative,0,1000,panel,5,4,0.4,0.3623447823037655,26013
C_noninf,homogeneous,1000,1.0,non-informative,0,1000,panel,5,6,0.08,0.0790525696390124,26013
C_noninf,homogeneous,1000,1.0,non-informative,0,1000,panel,5,7,0.04,0.0483670535867141,26013
C_noninf,homogeneous,1000,1.0,non-informative,0,1000,panel,6,7,0.5,0.5130592243354085,26013
C_noninf,homogeneous,1000,1.0,non-informative,0,1000,panel,6,8,0.1,0.1222118759394849,26013
C_noninf,homogeneous,1000,1.0,non-informative,0,1000,panel,7,6,0.15,0.1534082504856694,26013
C_noninf,homogeneous,1000,1.0,non-informative,0,1000,panel,7,8,0.12,0.1144329103696637,26013
C_noninf,homogeneous,1000,1.0,non-informative,0,1000,panel,8,9,0.35,0.3174665755980657,26013
C_noninf,homogeneous,1000,1.0,non-informative,0,1000,panel,8,10,0.08,0.0907510898568371,26013
C_noninf,homogeneous,1000,1.0,non-informative,0,1000,panel,9,8,0.08,0.0598299561481797,26013
C_noninf,homogeneous,1000,1.0,non-informative,0,1000,panel,9,10,0.1,0.1392646225453834,26013
C_noninf,homogeneous,1000,1.0,non-informative,0,1000,panel,10,11,0.05,0.0451118698747091,26013
C_noninf,homogeneous,1000,1.0,non-informative,1,1001,crude,0,1,0.6,0.3425853878084046,25778
C_noninf,homogeneous,1000,1.0,non-informative,1,1001,crude,0,2,0.08,0.0619445565392106,25778
C_noninf,homogeneous,1000,1.0,non-informative,1,1001,crude,1,0,0.85,0.4926400385842156,25778
C_noninf,homogeneous,1000,1.0,non-informative,1,1001,crude,1,2,0.05,0.0488602005481066,25778
C_noninf,homogeneous,1000,1.0,non-informative,1,1001,crude,1,3,0.1,0.0569362667544052,25778
C_noninf,homogeneous,1000,1.0,non-informative,1,1001,crude,2,0,0.04,0.0330197247606192,25778
C_noninf,homogeneous,1000,1.0,non-informative,1,1001,crude,2,3,0.45,0.2702725619295129,25778
C_noninf,homogeneous,1000,1.0,non-informative,1,1001,crude,2,4,0.07,0.0574787801388556,25778
C_noninf,homogeneous,1000,1.0,non-informative,1,1001,crude,3,1,0.06,0.0343473182082316,25778
C_noninf,homogeneous,1000,1.0,non-informative,1,1001,crude,3,2,0.6,0.3896859374897556,25778
C_noninf,homogeneous,1000,1.0,non-informative,1,1001,crude,3,4,0.05,0.0549557091331706,25778
C_noninf,homogeneous,1000,1.0,non-informative,1,1001,crude,3,5,0.08,0.0480862454915243,25778
C_noninf,homogeneous,1000,1.0,non-informative,1,1001,crude,4,5,0.3,0.2378149148001966,25778
C_noninf,homogeneous,1000,1.0,non-informative,1,1001,crude,4,7,0.06,0.0504631648478466,25778
C_noninf,homogeneous,1000,1.0,non-informative,1,1001,crude,5,4,0.4,0.2874387795883811,25778
C_noninf,homogeneous,1000,1.0,non-informative,1,1001,crude,5,6,0.08,0.0574877559176762,25778
C_noninf,homogeneous,1000,1.0,non-informative,1,1001,crude,5,7,0.04,0.052629635699281,25778
C_noninf,homogeneous,1000,1.0,non-informative,1,1001,crude,6,7,0.5,0.4178142959078352,25778
C_noninf,homogeneous,1000,1.0,non-informative,1,1001,crude,6,8,0.1,0.0946610514166189,25778
C_noninf,homogeneous,1000,1.0,non-informative,1,1001,crude,7,6,0.15,0.1131035639921297,25778
C_noninf,homogeneous,1000,1.0,non-informative,1,1001,crude,7,8,0.12,0.0878474283434017,25778
C_noninf,homogeneous,1000,1.0,non-informative,1,1001,crude,8,9,0.35,0.3052002020276463,25778
C_noninf,homogeneous,1000,1.0,non-informative,1,1001,crude,8,10,0.08,0.0707171199820156,25778
C_noninf,homogeneous,1000,1.0,non-informative,1,1001,crude,9,8,0.08,0.0595273306717176,25778
C_noninf,homogeneous,1000,1.0,non-informative,1,1001,crude,9,10,0.1,0.1227751195104175,25778
C_noninf,homogeneous,1000,1.0,non-informative,1,1001,crude,10,11,0.05,0.0111984528217581,25778
C_noninf,homogeneous,1000,1.0,non-informative,1,1001,oracle,0,1,0.6,0.604395290530073,25778
C_noninf,homogeneous,1000,1.0,non-informative,1,1001,oracle,0,2,0.08,0.0774417857808282,25778
C_noninf,homogeneous,1000,1.0,non-informative,1,1001,oracle,1,0,0.85,0.8543100356733779,25778
C_noninf,homogeneous,1000,1.0,non-informative,1,1001,oracle,1,2,0.05,0.0418739181348796,25778
C_noninf,homogeneous,1000,1.0,non-informative,1,1001,oracle,1,3,0.1,0.091958408453069,25778
C_noninf,homogeneous,1000,1.0,non-informative,1,1001,oracle,2,0,0.04,0.0479258691049314,25778
C_noninf,homogeneous,1000,1.0,non-informative,1,1001,oracle,2,3,0.45,0.4289563325672793,25778
C_noninf,homogeneous,1000,1.0,non-informative,1,1001,oracle,2,4,0.07,0.0708985997502705,25778
C_noninf,homogeneous,1000,1.0,non-informative,1,1001,oracle,3,1,0.06,0.0538232430813172,25778
C_noninf,homogeneous,1000,1.0,non-informative,1,1001,oracle,3,2,0.6,0.6336463617300536,25778
C_noninf,homogeneous,1000,1.0,non-informative,1,1001,oracle,3,4,0.05,0.0507651042698788,25778
C_noninf,homogeneous,1000,1.0,non-informative,1,1001,oracle,3,5,0.08,0.0733953314745235,25778
C_noninf,homogeneous,1000,1.0,non-informative,1,1001,oracle,4,5,0.3,0.3217662252438025,25778
C_noninf,homogeneous,1000,1.0,non-informative,1,1001,oracle,4,7,0.06,0.0590548646673874,25778
C_noninf,homogeneous,1000,1.0,non-informative,1,1001,oracle,5,4,0.4,0.4025318754969449,25778
C_noninf,homogeneous,1000,1.0,non-informative,1,1001,oracle,5,6,0.08,0.0825504822796469,25778
C_noninf,homogeneous,1000,1.0,non-informative,1,1001,oracle,5,7,0.04,0.0416683386744884,25778
C_noninf,homogeneous,1000,1.0,non-informative,1,1001,oracle,6,7,0.5,0.5966065908077228,25778
C_noninf,homogeneous,1000,1.0,non-informative,1,1001,oracle,6,8,0.1,0.0974654331517567,25778
C_noninf,homogeneous,1000,1.0,non-informative,1,1001,oracle,7,6,0.15,0.1669170685838527,25778
C_noninf,homogeneous,1000,1.0,non-informative,1,1001,oracle,7,8,0.12,0.105849848370248,25778
C_noninf,homogeneous,1000,1.0,non-informative,1,1001,oracle,8,9,0.35,0.3603955828256919,25778
C_noninf,homogeneous,1000,1.0,non-informative,1,1001,oracle,8,10,0.08,0.0679991665708852,25778
C_noninf,homogeneous,1000,1.0,non-informative,1,1001,oracle,9,8,0.08,0.0856636829881122,25778
C_noninf,homogeneous,1000,1.0,non-informative,1,1001,oracle,9,10,0.1,0.1142182439841497,25778
C_noninf,homogeneous,1000,1.0,non-informative,1,1001,oracle,10,11,0.05,0.0171441902873386,25778
C_noninf,homogeneous,1000,1.0,non-informative,1,1001,panel,0,1,0.6,0.5771915615505706,25778
C_noninf,homogeneous,1000,1.0,non-informative,1,1001,panel,0,2,0.08,0.0810127281185482,25778
C_noninf,homogeneous,1000,1.0,non-informative,1,1001,panel,1,0,0.85,0.8248266868255413,25778
C_noninf,homogeneous,1000,1.0,non-informative,1,1001,panel,1,2,0.05,0.0370016789019948,25778
C_noninf,homogeneous,1000,1.0,non-informative,1,1001,panel,1,3,0.1,0.09139228704451,25778
C_noninf,homogeneous,1000,1.0,non-informative,1,1001,panel,2,0,0.04,0.0454344171911626,25778
C_noninf,homogeneous,1000,1.0,non-informative,1,1001,panel,2,3,0.45,0.4209596007243699,25778
C_noninf,homogeneous,1000,1.0,non-informative,1,1001,panel,2,4,0.07,0.0687832829717645,25778
C_noninf,homogeneous,1000,1.0,non-informative,1,1001,panel,3,1,0.06,0.0572929463599911,25778
C_noninf,homogeneous,1000,1.0,non-informative,1,1001,panel,3,2,0.6,0.6062113435875467,25778
C_noninf,homogeneous,1000,1.0,non-informative,1,1001,panel,3,4,0.05,0.0593677363177511,25778
C_noninf,homogeneous,1000,1.0,non-informative,1,1001,panel,3,5,0.08,0.0693770964813884,25778
C_noninf,homogeneous,1000,1.0,non-informative,1,1001,panel,4,5,0.3,0.3190563606373467,25778
C_noninf,homogeneous,1000,1.0,non-informative,1,1001,panel,4,7,0.06,0.0563781106621115,25778
C_noninf,homogeneous,1000,1.0,non-informative,1,1001,panel,5,4,0.4,0.3935079687165331,25778
C_noninf,homogeneous,1000,1.0,non-informative,1,1001,panel,5,6,0.08,0.0827564974957112,25778
C_noninf,homogeneous,1000,1.0,non-informative,1,1001,panel,5,7,0.04,0.0459348598482423,25778
C_noninf,homogeneous,1000,1.0,non-informative,1,1001,panel,6,7,0.5,0.6284218264054603,25778
C_noninf,homogeneous,1000,1.0,non-informative,1,1001,panel,6,8,0.1,0.0960471725394849,25778
C_noninf,homogeneous,1000,1.0,non-informative,1,1001,panel,7,6,0.15,0.1727270057250348,25778
C_noninf,homogeneous,1000,1.0,non-informative,1,1001,panel,7,8,0.12,0.1060547873000675,25778
C_noninf,homogeneous,1000,1.0,non-informative,1,1001,panel,8,9,0.35,0.3779039652007713,25778
C_noninf,homogeneous,1000,1.0,non-informative,1,1001,panel,8,10,0.08,0.0489719104626579,25778
C_noninf,homogeneous,1000,1.0,non-informative,1,1001,panel,9,8,0.08,0.0787972275434583,25778
C_noninf,homogeneous,1000,1.0,non-informative,1,1001,panel,9,10,0.1,0.135521817099835,25778
C_noninf,homogeneous,1000,1.0,non-informative,1,1001,panel,10,11,0.05,0.0098176832560957,25778
C_noninf,homogeneous,1000,1.0,non-informative,2,1002,crude,0,1,0.6,0.34595640617164136,25969
C_noninf,homogeneous,1000,1.0,non-informative,2,1002,crude,0,2,0.08,0.0630409451246102,25969
C_noninf,homogeneous,1000,1.0,non-informative,2,1002,crude,1,0,0.85,0.5040990714658973,25969
C_noninf,homogeneous,1000,1.0,non-informative,2,1002,crude,1,2,0.05,0.05778381144262638,25969
C_noninf,homogeneous,1000,1.0,non-informative,2,1002,crude,1,3,0.1,0.06425214854441291,25969
C_noninf,homogeneous,1000,1.0,non-informative,2,1002,crude,2,0,0.04,0.02875151918834465,25969
C_noninf,homogeneous,1000,1.0,non-informative,2,1002,crude,2,3,0.45,0.2947030716805326,25969
C_noninf,homogeneous,1000,1.0,non-informative,2,1002,crude,2,4,0.07,0.05510707844432724,25969
C_noninf,homogeneous,1000,1.0,non-informative,2,1002,crude,3,1,0.06,0.03393648130688294,25969
C_noninf,homogeneous,1000,1.0,non-informative,2,1002,crude,3,2,0.6,0.37439601957916013,25969
C_noninf,homogeneous,1000,1.0,non-informative,2,1002,crude,3,4,0.05,0.04269428293446563,25969
C_noninf,homogeneous,1000,1.0,non-informative,2,1002,crude,3,5,0.08,0.060209886189631016,25969
C_noninf,homogeneous,1000,1.0,non-informative,2,1002,crude,4,5,0.3,0.20776808870533925,25969
C_noninf,homogeneous,1000,1.0,non-informative,2,1002,crude,4,7,0.06,0.045986003633448416,25969
C_noninf,homogeneous,1000,1.0,non-informative,2,1002,crude,5,4,0.4,0.3054750316175412,25969
C_noninf,homogeneous,1000,1.0,non-informative,2,1002,crude,5,6,0.08,0.06652178338949322,25969
C_noninf,homogeneous,1000,1.0,non-informative,2,1002,crude,5,7,0.04,0.05076662416566587,25969
C_noninf,homogeneous,1000,1.0,non-informative,2,1002,crude,6,7,0.5,0.3331792151881656,25969
C_noninf,homogeneous,1000,1.0,non-informative,2,1002,crude,6,8,0.1,0.0955842010785721,25969
C_noninf,homogeneous,1000,1.0,non-informative,2,1002,crude,7,6,0.15,0.10645257870283094,25969
C_noninf,homogeneous,1000,1.0,non-informative,2,1002,crude,7,8,0.12,0.07762167197081422,25969
C_noninf,homogeneous,1000,1.0,non-informative,2,1002,crude,8,9,0.35,0.2638840992117457,25969
C_noninf,homogeneous,1000,1.0,non-informative,2,1002,crude,8,10,0.08,0.08314156550507057,25969
C_noninf,homogeneous,1000,1.0,non-informative,2,1002,crude,9,8,0.08,0.060406042309813286,25969
C_noninf,homogeneous,1000,1.0,non-informative,2,1002,crude,9,10,0.1,0.04974615249043447,25969
C_noninf,homogeneous,1000,1.0,non-informative,2,1002,crude,10,11,0.05,0.057203061507851954,25969
C_noninf,homogeneous,1000,1.0,non-informative,2,1002,oracle,0,1,0.6,0.6014926136921681,25969
C_noninf,homogeneous,1000,1.0,non-informative,2,1002,oracle,0,2,0.08,0.08128278563407677,25969
C_noninf,homogeneous,1000,1.0,non-informative,2,1002,oracle,1,0,0.85,0.8660737449331715,25969
C_noninf,homogeneous,1000,1.0,non-informative,2,1002,oracle,1,2,0.05,0.045861338835565084,25969
C_noninf,homogeneous,1000,1.0,non-informative,2,1002,oracle,1,3,0.1,0.10274703796814101,25969
C_noninf,homogeneous,1000,1.0,non-informative,2,1002,oracle,2,0,0.04,0.036818567389918865,25969
C_noninf,homogeneous,1000,1.0,non-informative,2,1002,oracle,2,3,0.45,0.45848805497130546,25969
C_noninf,homogeneous,1000,1.0,non-informative,2,1002,oracle,2,4,0.07,0.06356047423101784,25969
C_noninf,homogeneous,1000,1.0,non-informative,2,1002,oracle,3,1,0.06,0.05523397803687121,25969
C_noninf,homogeneous,1000,1.0,non-informative,2,1002,oracle,3,2,0.6,0.59132847074768,25969
C_noninf,homogeneous,1000,1.0,non-informative,2,1002,oracle,3,4,0.05,0.04332076708774213,25969
C_noninf,homogeneous,1000,1.0,non-informative,2,1002,oracle,3,5,0.08,0.08176794787811327,25969
C_noninf,homogeneous,1000,1.0,non-informative,2,1002,oracle,4,5,0.3,0.2853385801158664,25969
C_noninf,homogeneous,1000,1.0,non-informative,2,1002,oracle,4,7,0.06,0.05557155867425113,25969
C_noninf,homogeneous,1000,1.0,non-informative,2,1002,oracle,5,4,0.4,0.4093671022859372,25969
C_noninf,homogeneous,1000,1.0,non-informative,2,1002,oracle,5,6,0.08,0.09682126485601004,25969
C_noninf,homogeneous,1000,1.0,non-informative,2,1002,oracle,5,7,0.04,0.041616157701267475,25969
C_noninf,homogeneous,1000,1.0,non-informative,2,1002,oracle,6,7,0.5,0.4868899376567347,25969
C_noninf,homogeneous,1000,1.0,non-informative,2,1002,oracle,6,8,0.1,0.10451564106767604,25969
C_noninf,homogeneous,1000,1.0,non-informative,2,1002,oracle,7,6,0.15,0.15728047647508292,25969
C_noninf,homogeneous,1000,1.0,non-informative,2,1002,oracle,7,8,0.12,0.10927929209632384,25969
C_noninf,homogeneous,1000,1.0,non-informative,2,1002,oracle,8,9,0.35,0.37478710158499207,25969
C_noninf,homogeneous,1000,1.0,non-informative,2,1002,oracle,8,10,0.08,0.09609925681666463,25969
C_noninf,homogeneous,1000,1.0,non-informative,2,1002,oracle,9,8,0.08,0.0946348180491228,25969
C_noninf,homogeneous,1000,1.0,non-informative,2,1002,oracle,9,10,0.1,0.059146761280701746,25969
C_noninf,homogeneous,1000,1.0,non-informative,2,1002,oracle,10,11,0.05,0.07677234143565556,25969
C_noninf,homogeneous,1000,1.0,non-informative,2,1002,panel,0,1,0.6,0.5942782590661372,25969
C_noninf,homogeneous,1000,1.0,non-informative,2,1002,panel,0,2,0.08,0.08141681490475484,25969
C_noninf,homogeneous,1000,1.0,non-informative,2,1002,panel,1,0,0.85,0.8523797488177364,25969
C_noninf,homogeneous,1000,1.0,non-informative,2,1002,panel,1,2,0.05,0.050729044470354645,25969
C_noninf,homogeneous,1000,1.0,non-informative,2,1002,panel,1,3,0.1,0.09744119051988456,25969
C_noninf,homogeneous,1000,1.0,non-informative,2,1002,panel,2,0,0.04,0.03813651968667997,25969
C_noninf,homogeneous,1000,1.0,non-informative,2,1002,panel,2,3,0.45,0.4527895884119555,25969
C_noninf,homogeneous,1000,1.0,non-informative,2,1002,panel,2,4,0.07,0.06491381867890954,25969
C_noninf,homogeneous,1000,1.0,non-informative,2,1002,panel,3,1,0.06,0.05173877339806488,25969
C_noninf,homogeneous,1000,1.0,non-informative,2,1002,panel,3,2,0.6,0.5775655567759187,25969
C_noninf,homogeneous,1000,1.0,non-informative,2,1002,panel,3,4,0.05,0.03646776102723927,25969
C_noninf,homogeneous,1000,1.0,non-informative,2,1002,panel,3,5,0.08,0.08558770432852829,25969
C_noninf,homogeneous,1000,1.0,non-informative,2,1002,panel,4,5,0.3,0.2858678269366741,25969
C_noninf,homogeneous,1000,1.0,non-informative,2,1002,panel,4,7,0.06,0.04991321406852206,25969
C_noninf,homogeneous,1000,1.0,non-informative,2,1002,panel,5,4,0.4,0.4148035467631857,25969
C_noninf,homogeneous,1000,1.0,non-informative,2,1002,panel,5,6,0.08,0.09989031782477242,25969
C_noninf,homogeneous,1000,1.0,non-informative,2,1002,panel,5,7,0.04,0.044992725824608136,25969
C_noninf,homogeneous,1000,1.0,non-informative,2,1002,panel,6,7,0.5,0.4892860566985431,25969
C_noninf,homogeneous,1000,1.0,non-informative,2,1002,panel,6,8,0.1,0.11992968355936671,25969
C_noninf,homogeneous,1000,1.0,non-informative,2,1002,panel,7,6,0.15,0.15509371716089407,25969
C_noninf,homogeneous,1000,1.0,non-informative,2,1002,panel,7,8,0.12,0.10567768068365685,25969
C_noninf,homogeneous,1000,1.0,non-informative,2,1002,panel,8,9,0.35,0.35233263205223114,25969
C_noninf,homogeneous,1000,1.0,non-informative,2,1002,panel,8,10,0.08,0.10313038524916579,25969
C_noninf,homogeneous,1000,1.0,non-informative,2,1002,panel,9,8,0.08,0.07873036527952453,25969
C_noninf,homogeneous,1000,1.0,non-informative,2,1002,panel,9,10,0.1,0.05159956185630914,25969
C_noninf,homogeneous,1000,1.0,non-informative,2,1002,panel,10,11,0.05,0.06732484534068296,25969
C_noninf,homogeneous,1000,1.0,non-informative,3,1003,crude,0,1,0.6,0.34510214538298256,25494
C_noninf,homogeneous,1000,1.0,non-informative,3,1003,crude,0,2,0.08,0.06428967910473841,25494
C_noninf,homogeneous,1000,1.0,non-informative,3,1003,crude,1,0,0.85,0.5015901290765623,25494
C_noninf,homogeneous,1000,1.0,non-informative,3,1003,crude,1,2,0.05,0.05764920107675255,25494
C_noninf,homogeneous,1000,1.0,non-informative,3,1003,crude,1,3,0.1,0.061436374870115856,25494
C_noninf,homogeneous,1000,1.0,non-informative,3,1003,crude,2,0,0.04,0.02391246998427737,25494
C_noninf,homogeneous,1000,1.0,non-informative,3,1003,crude,2,3,0.45,0.2865443437099,25494
C_noninf,homogeneous,1000,1.0,non-informative,3,1003,crude,2,4,0.07,0.06241559961997822,25494
C_noninf,homogeneous,1000,1.0,non-informative,3,1003,crude,3,1,0.06,0.0410354001664901,25494
C_noninf,homogeneous,1000,1.0,non-informative,3,1003,crude,3,2,0.6,0.40719743242132483,25494
C_noninf,homogeneous,1000,1.0,non-informative,3,1003,crude,3,4,0.05,0.04987379404850335,25494
C_noninf,homogeneous,1000,1.0,non-informative,3,1003,crude,3,5,0.08,0.062500071022808,25494
C_noninf,homogeneous,1000,1.0,non-informative,3,1003,crude,4,5,0.3,0.22088686513752392,25494
C_noninf,homogeneous,1000,1.0,non-informative,3,1003,crude,4,7,0.06,0.04866072029019711,25494
C_noninf,homogeneous,1000,1.0,non-informative,3,1003,crude,5,4,0.4,0.3095237489516476,25494
C_noninf,homogeneous,1000,1.0,non-informative,3,1003,crude,5,6,0.08,0.0576646984348275,25494
C_noninf,homogeneous,1000,1.0,non-informative,3,1003,crude,5,7,0.04,0.04918459572382346,25494
C_noninf,homogeneous,1000,1.0,non-informative,3,1003,crude,6,7,0.5,0.3458869523028125,25494
C_noninf,homogeneous,1000,1.0,non-informative,3,1003,crude,6,8,0.1,0.059205874718499446,25494
C_noninf,homogeneous,1000,1.0,non-informative,3,1003,crude,7,6,0.15,0.09788821192301934,25494
C_noninf,homogeneous,1000,1.0,non-informative,3,1003,crude,7,8,0.12,0.09919338808199293,25494
C_noninf,homogeneous,1000,1.0,non-informative,3,1003,crude,8,9,0.35,0.2562879016244991,25494
C_noninf,homogeneous,1000,1.0,non-informative,3,1003,crude,8,10,0.08,0.0854293005414997,25494
C_noninf,homogeneous,1000,1.0,non-informative,3,1003,crude,9,8,0.08,0.031106349151487935,25494
C_noninf,homogeneous,1000,1.0,non-informative,3,1003,crude,9,10,0.1,0.07603774237030383,25494
C_noninf,homogeneous,1000,1.0,non-informative,3,1003,crude,10,11,0.05,0.04479767410476049,25494
C_noninf,homogeneous,1000,1.0,non-informative,3,1003,oracle,0,1,0.6,0.5900442661016013,25494
C_noninf,homogeneous,1000,1.0,non-informative,3,1003,oracle,0,2,0.08,0.08210377119170777,25494
C_noninf,homogeneous,1000,1.0,non-informative,3,1003,oracle,1,0,0.85,0.8338272622450646,25494
C_noninf,homogeneous,1000,1.0,non-informative,3,1003,oracle,1,2,0.05,0.048947635373809154,25494
C_noninf,homogeneous,1000,1.0,non-informative,3,1003,oracle,1,3,0.1,0.09789527074761831,25494
C_noninf,homogeneous,1000,1.0,non-informative,3,1003,oracle,2,0,0.04,0.03366142869734635,25494
C_noninf,homogeneous,1000,1.0,non-informative,3,1003,oracle,2,3,0.45,0.44591492603778804,25494
C_noninf,homogeneous,1000,1.0,non-informative,3,1003,oracle,2,4,0.07,0.07247107590134566,25494
C_noninf,homogeneous,1000,1.0,non-informative,3,1003,oracle,3,1,0.06,0.06393180225518112,25494
C_noninf,homogeneous,1000,1.0,non-informative,3,1003,oracle,3,2,0.6,0.6155719245713154,25494
C_noninf,homogeneous,1000,1.0,non-informative,3,1003,oracle,3,4,0.05,0.0523631904185293,25494
C_noninf,homogeneous,1000,1.0,non-informative,3,1003,oracle,3,5,0.08,0.08646015162129256,25494
C_noninf,homogeneous,1000,1.0,non-informative,3,1003,oracle,4,5,0.3,0.3123881464544542,25494
C_noninf,homogeneous,1000,1.0,non-informative,3,1003,oracle,4,7,0.06,0.05259059704620441,25494
C_noninf,homogeneous,1000,1.0,non-informative,3,1003,oracle,5,4,0.4,0.41749460150602163,25494
C_noninf,homogeneous,1000,1.0,non-informative,3,1003,oracle,5,6,0.08,0.07569081515853446,25494
C_noninf,homogeneous,1000,1.0,non-informative,3,1003,oracle,5,7,0.04,0.04541448909512067,25494
C_noninf,homogeneous,1000,1.0,non-informative,3,1003,oracle,6,7,0.5,0.4959511730272521,25494
C_noninf,homogeneous,1000,1.0,non-informative,3,1003,oracle,6,8,0.1,0.08317193584929072,25494
C_noninf,homogeneous,1000,1.0,non-informative,3,1003,oracle,7,6,0.15,0.14060859723032262,25494
C_noninf,homogeneous,1000,1.0,non-informative,3,1003,oracle,7,8,0.12,0.12392622128774197,25494
C_noninf,homogeneous,1000,1.0,non-informative,3,1003,oracle,8,9,0.35,0.36652524650179935,25494
C_noninf,homogeneous,1000,1.0,non-informative,3,1003,oracle,8,10,0.08,0.08885460521255742,25494
C_noninf,homogeneous,1000,1.0,non-informative,3,1003,oracle,9,8,0.08,0.05320940026359844,25494
C_noninf,homogeneous,1000,1.0,non-informative,3,1003,oracle,9,10,0.1,0.0916384115650862,25494
C_noninf,homogeneous,1000,1.0,non-informative,3,1003,oracle,10,11,0.05,0.07024880168840328,25494
C_noninf,homogeneous,1000,1.0,non-informative,3,1003,panel,0,1,0.6,0.5893882571974379,25494
C_noninf,homogeneous,1000,1.0,non-informative,3,1003,panel,0,2,0.08,0.080874515625697,25494
C_noninf,homogeneous,1000,1.0,non-informative,3,1003,panel,1,0,0.85,0.8519122798020832,25494
C_noninf,homogeneous,1000,1.0,non-informative,3,1003,panel,1,2,0.05,0.051761858303782576,25494
C_noninf,homogeneous,1000,1.0,non-informative,3,1003,panel,1,3,0.1,0.09579906168208271,25494
C_noninf,homogeneous,1000,1.0,non-informative,3,1003,panel,2,0,0.04,0.03238628170158516,25494
C_noninf,homogeneous,1000,1.0,non-informative,3,1003,panel,2,3,0.45,0.45719966849284227,25494
C_noninf,homogeneous,1000,1.0,non-informative,3,1003,panel,2,4,0.07,0.07614336627677391,25494
C_noninf,homogeneous,1000,1.0,non-informative,3,1003,panel,3,1,0.06,0.06702861542625953,25494
C_noninf,homogeneous,1000,1.0,non-informative,3,1003,panel,3,2,0.6,0.6486999874936807,25494
C_noninf,homogeneous,1000,1.0,non-informative,3,1003,panel,3,4,0.05,0.04388770262637589,25494
C_noninf,homogeneous,1000,1.0,non-informative,3,1003,panel,3,5,0.08,0.08917545346481566,25494
C_noninf,homogeneous,1000,1.0,non-informative,3,1003,panel,4,5,0.3,0.30374529505482983,25494
C_noninf,homogeneous,1000,1.0,non-informative,3,1003,panel,4,7,0.06,0.0519309332834248,25494
C_noninf,homogeneous,1000,1.0,non-informative,3,1003,panel,5,4,0.4,0.42127191882629383,25494
C_noninf,homogeneous,1000,1.0,non-informative,3,1003,panel,5,6,0.08,0.07902475158678811,25494
C_noninf,homogeneous,1000,1.0,non-informative,3,1003,panel,5,7,0.04,0.04518064244465758,25494
C_noninf,homogeneous,1000,1.0,non-informative,3,1003,panel,6,7,0.5,0.5054723123407348,25494
C_noninf,homogeneous,1000,1.0,non-informative,3,1003,panel,6,8,0.1,0.07418920402521707,25494
C_noninf,homogeneous,1000,1.0,non-informative,3,1003,panel,7,6,0.15,0.1420226436707063,25494
C_noninf,homogeneous,1000,1.0,non-informative,3,1003,panel,7,8,0.12,0.13365738845998448,25494
C_noninf,homogeneous,1000,1.0,non-informative,3,1003,panel,8,9,0.35,0.3479499338665669,25494
C_noninf,homogeneous,1000,1.0,non-informative,3,1003,panel,8,10,0.08,0.08714213581004222,25494
C_noninf,homogeneous,1000,1.0,non-informative,3,1003,panel,9,8,0.08,0.03982410391365719,25494
C_noninf,homogeneous,1000,1.0,non-informative,3,1003,panel,9,10,0.1,0.09311847988230731,25494
C_noninf,homogeneous,1000,1.0,non-informative,3,1003,panel,10,11,0.05,0.0609384210816702,25494
C_noninf,homogeneous,1000,1.0,non-informative,4,1004,crude,0,1,0.6,0.36163719461771043,26156
C_noninf,homogeneous,1000,1.0,non-informative,4,1004,crude,0,2,0.08,0.06569189406817125,26156
C_noninf,homogeneous,1000,1.0,non-informative,4,1004,crude,1,0,0.85,0.4971747091049907,26156
C_noninf,homogeneous,1000,1.0,non-informative,4,1004,crude,1,2,0.05,0.0635921139552895,26156
C_noninf,homogeneous,1000,1.0,non-informative,4,1004,crude,1,3,0.1,0.06892851512636275,26156
C_noninf,homogeneous,1000,1.0,non-informative,4,1004,crude,2,0,0.04,0.028720198117973137,26156
C_noninf,homogeneous,1000,1.0,non-informative,4,1004,crude,2,3,0.45,0.29816100414580005,26156
C_noninf,homogeneous,1000,1.0,non-informative,4,1004,crude,2,4,0.07,0.0585740882669189,26156
C_noninf,homogeneous,1000,1.0,non-informative,4,1004,crude,3,1,0.06,0.0426349398579514,26156
C_noninf,homogeneous,1000,1.0,non-informative,4,1004,crude,3,2,0.6,0.3946464945825758,26156
C_noninf,homogeneous,1000,1.0,non-informative,4,1004,crude,3,4,0.05,0.04919416137455931,26156
C_noninf,homogeneous,1000,1.0,non-informative,4,1004,crude,3,5,0.08,0.05957959544252183,26156
C_noninf,homogeneous,1000,1.0,non-informative,4,1004,crude,4,5,0.3,0.2222828014944622,26156
C_noninf,homogeneous,1000,1.0,non-informative,4,1004,crude,4,7,0.06,0.061494480616488274,26156
C_noninf,homogeneous,1000,1.0,non-informative,4,1004,crude,5,4,0.4,0.2984596122238894,26156
C_noninf,homogeneous,1000,1.0,non-informative,4,1004,crude,5,6,0.08,0.06313568720120737,26156
C_noninf,homogeneous,1000,1.0,non-informative,4,1004,crude,5,7,0.04,0.047556751398312044,26156
C_noninf,homogeneous,1000,1.0,non-informative,4,1004,crude,6,7,0.5,0.36800230759093966,26156
C_noninf,homogeneous,1000,1.0,non-informative,4,1004,crude,6,8,0.1,0.06764748301304038,26156
C_noninf,homogeneous,1000,1.0,non-informative,4,1004,crude,7,6,0.15,0.11544247683656834,26156
C_noninf,homogeneous,1000,1.0,non-informative,4,1004,crude,7,8,0.12,0.09417675741930576,26156
C_noninf,homogeneous,1000,1.0,non-informative,4,1004,crude,8,9,0.35,0.2670600163974851,26156
C_noninf,homogeneous,1000,1.0,non-informative,4,1004,crude,8,10,0.08,0.05637933679502463,26156
C_noninf,homogeneous,1000,1.0,non-informative,4,1004,crude,9,8,0.08,0.062064192994814506,26156
C_noninf,homogeneous,1000,1.0,non-informative,4,1004,crude,9,10,0.1,0.09591738917380424,26156
C_noninf,homogeneous,1000,1.0,non-informative,4,1004,crude,10,11,0.05,0.052843625583536745,26156
C_noninf,homogeneous,1000,1.0,non-informative,4,1004,oracle,0,1,0.6,0.614470648394739,26156
C_noninf,homogeneous,1000,1.0,non-informative,4,1004,oracle,0,2,0.08,0.08673706826989014,26156
C_noninf,homogeneous,1000,1.0,non-informative,4,1004,oracle,1,0,0.85,0.8505969957014604,26156
C_noninf,homogeneous,1000,1.0,non-informative,4,1004,oracle,1,2,0.05,0.05618873816932311,26156
C_noninf,homogeneous,1000,1.0,non-informative,4,1004,oracle,1,3,0.1,0.10552519119604584,26156
C_noninf,homogeneous,1000,1.0,non-informative,4,1004,oracle,2,0,0.04,0.04005438423403365,26156
C_noninf,homogeneous,1000,1.0,non-informative,4,1004,oracle,2,3,0.45,0.46470503190040896,26156
C_noninf,homogeneous,1000,1.0,non-informative,4,1004,oracle,2,4,0.07,0.07602915525904536,26156
C_noninf,homogeneous,1000,1.0,non-informative,4,1004,oracle,3,1,0.06,0.06670338754484796,26156
C_noninf,homogeneous,1000,1.0,non-informative,4,1004,oracle,3,2,0.6,0.6241918623099186,26156
C_noninf,homogeneous,1000,1.0,non-informative,4,1004,oracle,3,4,0.05,0.04284201313856088,26156
C_noninf,homogeneous,1000,1.0,non-informative,4,1004,oracle,3,5,0.08,0.08514172231334251,26156
C_noninf,homogeneous,1000,1.0,non-informative,4,1004,oracle,4,5,0.3,0.2936430290952703,26156
C_noninf,homogeneous,1000,1.0,non-informative,4,1004,oracle,4,7,0.06,0.06983942313617239,26156
C_noninf,homogeneous,1000,1.0,non-informative,4,1004,oracle,5,4,0.4,0.39980079481075026,26156
C_noninf,homogeneous,1000,1.0,non-informative,4,1004,oracle,5,6,0.08,0.089376624788032,26156
C_noninf,homogeneous,1000,1.0,non-informative,4,1004,oracle,5,7,0.04,0.03431423987397657,26156
C_noninf,homogeneous,1000,1.0,non-informative,4,1004,oracle,6,7,0.5,0.5366023113867877,26156
C_noninf,homogeneous,1000,1.0,non-informative,4,1004,oracle,6,8,0.1,0.08899745652268674,26156
C_noninf,homogeneous,1000,1.0,non-informative,4,1004,oracle,7,6,0.15,0.15309992363359776,26156
C_noninf,homogeneous,1000,1.0,non-informative,4,1004,oracle,7,8,0.12,0.11389140660548125,26156
C_noninf,homogeneous,1000,1.0,non-informative,4,1004,oracle,8,9,0.35,0.3437274477520704,26156
C_noninf,homogeneous,1000,1.0,non-informative,4,1004,oracle,8,10,0.08,0.05207991632607128,26156
C_noninf,homogeneous,1000,1.0,non-informative,4,1004,oracle,9,8,0.08,0.0902472023182383,26156
C_noninf,homogeneous,1000,1.0,non-informative,4,1004,oracle,9,10,0.1,0.0926863158944069,26156
C_noninf,homogeneous,1000,1.0,non-informative,4,1004,oracle,10,11,0.05,0.049549586090092954,26156
C_noninf,homogeneous,1000,1.0,non-informative,4,1004,panel,0,1,0.6,0.6240414858070912,26156
C_noninf,homogeneous,1000,1.0,non-informative,4,1004,panel,0,2,0.08,0.08185688012380762,26156
C_noninf,homogeneous,1000,1.0,non-informative,4,1004,panel,1,0,0.85,0.8621081170192089,26156
C_noninf,homogeneous,1000,1.0,non-informative,4,1004,panel,1,2,0.05,0.060964243169064826,26156
C_noninf,homogeneous,1000,1.0,non-informative,4,1004,panel,1,3,0.1,0.10639362899228189,26156
C_noninf,homogeneous,1000,1.0,non-informative,4,1004,panel,2,0,0.04,0.038363988340419014,26156
C_noninf,homogeneous,1000,1.0,non-informative,4,1004,panel,2,3,0.45,0.47744052375122475,26156
C_noninf,homogeneous,1000,1.0,non-informative,4,1004,panel,2,4,0.07,0.07320574282973148,26156
C_noninf,homogeneous,1000,1.0,non-informative,4,1004,panel,3,1,0.06,0.07084024139590726,26156
C_noninf,homogeneous,1000,1.0,non-informative,4,1004,panel,3,2,0.6,0.6290957586714826,26156
C_noninf,homogeneous,1000,1.0,non-informative,4,1004,panel,3,4,0.05,0.04407141779396123,26156
C_noninf,homogeneous,1000,1.0,non-informative,4,1004,panel,3,5,0.08,0.08930465374986078,26156
C_noninf,homogeneous,1000,1.0,non-informative,4,1004,panel,4,5,0.3,0.2975469264266153,26156
C_noninf,homogeneous,1000,1.0,non-informative,4,1004,panel,4,7,0.06,0.06918774927440464,26156
C_noninf,homogeneous,1000,1.0,non-informative,4,1004,panel,5,4,0.4,0.40964848895529854,26156
C_noninf,homogeneous,1000,1.0,non-informative,4,1004,panel,5,6,0.08,0.08510679970066969,26156
C_noninf,homogeneous,1000,1.0,non-informative,4,1004,panel,5,7,0.04,0.040116561064450613,26156
C_noninf,homogeneous,1000,1.0,non-informative,4,1004,panel,6,7,0.5,0.543556984596675,26156
C_noninf,homogeneous,1000,1.0,non-informative,4,1004,panel,6,8,0.1,0.07466370255004033,26156
C_noninf,homogeneous,1000,1.0,non-informative,4,1004,panel,7,6,0.15,0.16618167685326496,26156
C_noninf,homogeneous,1000,1.0,non-informative,4,1004,panel,7,8,0.12,0.12008770759951032,26156
C_noninf,homogeneous,1000,1.0,non-informative,4,1004,panel,8,9,0.35,0.34539173957087493,26156
C_noninf,homogeneous,1000,1.0,non-informative,4,1004,panel,8,10,0.08,0.04514861450508096,26156
C_noninf,homogeneous,1000,1.0,non-informative,4,1004,panel,9,8,0.08,0.08046984549288969,26156
C_noninf,homogeneous,1000,1.0,non-informative,4,1004,panel,9,10,0.1,0.10315205436826473,26156
C_noninf,homogeneous,1000,1.0,non-informative,4,1004,panel,10,11,0.05,0.05263573725029814,26156
C_noninf,homogeneous,2000,1.0,non-informative,0,1000,crude,0,1,0.6,0.3484650193506749,51372
C_noninf,homogeneous,2000,1.0,non-informative,0,1000,crude,0,2,0.08,0.0662782018987698,51372
C_noninf,homogeneous,2000,1.0,non-informative,0,1000,crude,1,0,0.85,0.5094940966133769,51372
C_noninf,homogeneous,2000,1.0,non-informative,0,1000,crude,1,2,0.05,0.0534828057218461,51372
C_noninf,homogeneous,2000,1.0,non-informative,0,1000,crude,1,3,0.1,0.0645258141907294,51372
C_noninf,homogeneous,2000,1.0,non-informative,0,1000,crude,2,0,0.04,0.0270704293124885,51372
C_noninf,homogeneous,2000,1.0,non-informative,0,1000,crude,2,3,0.45,0.2865934581561288,51372
C_noninf,homogeneous,2000,1.0,non-informative,0,1000,crude,2,4,0.07,0.0561024839374762,51372
C_noninf,homogeneous,2000,1.0,non-informative,0,1000,crude,3,1,0.06,0.0345397142058448,51372
C_noninf,homogeneous,2000,1.0,non-informative,0,1000,crude,3,2,0.6,0.3830768302830061,51372
C_noninf,homogeneous,2000,1.0,non-informative,0,1000,crude,3,4,0.05,0.0556631757862788,51372
C_noninf,homogeneous,2000,1.0,non-informative,0,1000,crude,3,5,0.08,0.0536650105016431,51372
C_noninf,homogeneous,2000,1.0,non-informative,0,1000,crude,4,5,0.3,0.2166602865913861,51372
C_noninf,homogeneous,2000,1.0,non-informative,0,1000,crude,4,7,0.06,0.0541650716478465,51372
C_noninf,homogeneous,2000,1.0,non-informative,0,1000,crude,5,4,0.4,0.2799854149136167,51372
C_noninf,homogeneous,2000,1.0,non-informative,0,1000,crude,5,6,0.08,0.06288903165752,51372
C_noninf,homogeneous,2000,1.0,non-informative,0,1000,crude,5,7,0.04,0.0495358811001014,51372
C_noninf,homogeneous,2000,1.0,non-informative,0,1000,crude,6,7,0.5,0.3612468048534391,51372
C_noninf,homogeneous,2000,1.0,non-informative,0,1000,crude,6,8,0.1,0.0947532602894266,51372
C_noninf,homogeneous,2000,1.0,non-informative,0,1000,crude,7,6,0.15,0.1172154835963757,51372
C_noninf,homogeneous,2000,1.0,non-informative,0,1000,crude,7,8,0.12,0.0830750514809265,51372
C_noninf,homogeneous,2000,1.0,non-informative,0,1000,crude,8,9,0.35,0.253961753359944,51372
C_noninf,homogeneous,2000,1.0,non-informative,0,1000,crude,8,10,0.08,0.089986448040925,51372
C_noninf,homogeneous,2000,1.0,non-informative,0,1000,crude,9,8,0.08,0.0533754524959585,51372
C_noninf,homogeneous,2000,1.0,non-informative,0,1000,crude,9,10,0.1,0.1045269278045854,51372
C_noninf,homogeneous,2000,1.0,non-informative,0,1000,crude,10,11,0.05,0.0511273355189157,51372
C_noninf,homogeneous,2000,1.0,non-informative,0,1000,oracle,0,1,0.6,0.5966498678022155,51372
C_noninf,homogeneous,2000,1.0,non-informative,0,1000,oracle,0,2,0.08,0.0800383969002972,51372
C_noninf,homogeneous,2000,1.0,non-informative,0,1000,oracle,1,0,0.85,0.8657330337349008,51372
C_noninf,homogeneous,2000,1.0,non-informative,0,1000,oracle,1,2,0.05,0.0483179214936529,51372
C_noninf,homogeneous,2000,1.0,non-informative,0,1000,oracle,1,3,0.1,0.0997388287713019,51372
C_noninf,homogeneous,2000,1.0,non-informative,0,1000,oracle,2,0,0.04,0.036261372610107,51372
C_noninf,homogeneous,2000,1.0,non-informative,0,1000,oracle,2,3,0.45,0.4399329491797639,51372
C_noninf,homogeneous,2000,1.0,non-informative,0,1000,oracle,2,4,0.07,0.0669588309043775,51372
C_noninf,homogeneous,2000,1.0,non-informative,0,1000,oracle,3,1,0.06,0.0604642737340273,51372
C_noninf,homogeneous,2000,1.0,non-informative,0,1000,oracle,3,2,0.6,0.5927759172616325,51372
C_noninf,homogeneous,2000,1.0,non-informative,0,1000,oracle,3,4,0.05,0.0505752570018266,51372
C_noninf,homogeneous,2000,1.0,non-informative,0,1000,oracle,3,5,0.08,0.0802423071984288,51372
C_noninf,homogeneous,2000,1.0,non-informative,0,1000,oracle,4,5,0.3,0.2882618658054957,51372
C_noninf,homogeneous,2000,1.0,non-informative,0,1000,oracle,4,7,0.06,0.0666059614171789,51372
C_noninf,homogeneous,2000,1.0,non-informative,0,1000,oracle,5,4,0.4,0.37745124770589,51372
C_noninf,homogeneous,2000,1.0,non-informative,0,1000,oracle,5,6,0.08,0.0885480224347871,51372
C_noninf,homogeneous,2000,1.0,non-informative,0,1000,oracle,5,7,0.04,0.0383572078749769,51372
C_noninf,homogeneous,2000,1.0,non-informative,0,1000,oracle,6,7,0.5,0.5133408617452635,51372
C_noninf,homogeneous,2000,1.0,non-informative,0,1000,oracle,6,8,0.1,0.1092214599458007,51372
C_noninf,homogeneous,2000,1.0,non-informative,0,1000,oracle,7,6,0.15,0.1630690633836994,51372
C_noninf,homogeneous,2000,1.0,non-informative,0,1000,oracle,7,8,0.12,0.1118790985027323,51372
C_noninf,homogeneous,2000,1.0,non-informative,0,1000,oracle,8,9,0.35,0.3578353984000683,51372
C_noninf,homogeneous,2000,1.0,non-informative,0,1000,oracle,8,10,0.08,0.0816420569165204,51372
C_noninf,homogeneous,2000,1.0,non-informative,0,1000,oracle,9,8,0.08,0.0789153658291726,51372
C_noninf,homogeneous,2000,1.0,non-informative,0,1000,oracle,9,10,0.1,0.1277677351519938,51372
C_noninf,homogeneous,2000,1.0,non-informative,0,1000,oracle,10,11,0.05,0.0492687567015685,51372
C_noninf,homogeneous,2000,1.0,non-informative,0,1000,panel,0,1,0.6,0.6037301875133926,51372
C_noninf,homogeneous,2000,1.0,non-informative,0,1000,panel,0,2,0.08,0.0835082847088813,51372
C_noninf,homogeneous,2000,1.0,non-informative,0,1000,panel,1,0,0.85,0.8765549452943011,51372
C_noninf,homogeneous,2000,1.0,non-informative,0,1000,panel,1,2,0.05,0.044663138729765,51372
C_noninf,homogeneous,2000,1.0,non-informative,0,1000,panel,1,3,0.1,0.0995503498768276,51372
C_noninf,homogeneous,2000,1.0,non-informative,0,1000,panel,2,0,0.04,0.0377117295670496,51372
C_noninf,homogeneous,2000,1.0,non-informative,0,1000,panel,2,3,0.45,0.4449208225344896,51372
C_noninf,homogeneous,2000,1.0,non-informative,0,1000,panel,2,4,0.07,0.0644158123510378,51372
C_noninf,homogeneous,2000,1.0,non-informative,0,1000,panel,3,1,0.06,0.0590522318731052,51372
C_noninf,homogeneous,2000,1.0,non-informative,0,1000,panel,3,2,0.6,0.5947166164294653,51372
C_noninf,homogeneous,2000,1.0,non-informative,0,1000,panel,3,4,0.05,0.0588327948931589,51372
C_noninf,homogeneous,2000,1.0,non-informative,0,1000,panel,3,5,0.08,0.0745797811073158,51372
C_noninf,homogeneous,2000,1.0,non-informative,0,1000,panel,4,5,0.3,0.2897669945301585,51372
C_noninf,homogeneous,2000,1.0,non-informative,0,1000,panel,4,7,0.06,0.0636973288153824,51372
C_noninf,homogeneous,2000,1.0,non-informative,0,1000,panel,5,4,0.4,0.373980672257555,51372
C_noninf,homogeneous,2000,1.0,non-informative,0,1000,panel,5,6,0.08,0.0895355804530431,51372
C_noninf,homogeneous,2000,1.0,non-informative,0,1000,panel,5,7,0.04,0.0402329788140799,51372
C_noninf,homogeneous,2000,1.0,non-informative,0,1000,panel,6,7,0.5,0.5483222562188372,51372
C_noninf,homogeneous,2000,1.0,non-informative,0,1000,panel,6,8,0.1,0.1083376429713863,51372
C_noninf,homogeneous,2000,1.0,non-informative,0,1000,panel,7,6,0.15,0.1749457967590847,51372
C_noninf,homogeneous,2000,1.0,non-informative,0,1000,panel,7,8,0.12,0.1100980126342127,51372
C_noninf,homogeneous,2000,1.0,non-informative,0,1000,panel,8,9,0.35,0.3281033912193302,51372
C_noninf,homogeneous,2000,1.0,non-informative,0,1000,panel,8,10,0.08,0.0885237129617683,51372
C_noninf,homogeneous,2000,1.0,non-informative,0,1000,panel,9,8,0.08,0.0689742647839142,51372
C_noninf,homogeneous,2000,1.0,non-informative,0,1000,panel,9,10,0.1,0.1163033434545554,51372
C_noninf,homogeneous,2000,1.0,non-informative,0,1000,panel,10,11,0.05,0.0516459252560252,51372
C_noninf,homogeneous,2000,1.0,non-informative,1,1001,crude,0,1,0.6,0.3410253291208943,51707
C_noninf,homogeneous,2000,1.0,non-informative,1,1001,crude,0,2,0.08,0.0626036836067342,51707
C_noninf,homogeneous,2000,1.0,non-informative,1,1001,crude,1,0,0.85,0.4862654849934206,51707
C_noninf,homogeneous,2000,1.0,non-informative,1,1001,crude,1,2,0.05,0.0492864507690532,51707
C_noninf,homogeneous,2000,1.0,non-informative,1,1001,crude,1,3,0.1,0.0635155934597004,51707
C_noninf,homogeneous,2000,1.0,non-informative,1,1001,crude,2,0,0.04,0.0321735038326536,51707
C_noninf,homogeneous,2000,1.0,non-informative,1,1001,crude,2,3,0.45,0.2773715734144298,51707
C_noninf,homogeneous,2000,1.0,non-informative,1,1001,crude,2,4,0.07,0.0571529322741548,51707
C_noninf,homogeneous,2000,1.0,non-informative,1,1001,crude,3,1,0.06,0.0378904627340934,51707
C_noninf,homogeneous,2000,1.0,non-informative,1,1001,crude,3,2,0.6,0.3913326991177174,51707
C_noninf,homogeneous,2000,1.0,non-informative,1,1001,crude,3,4,0.05,0.0542591426352218,51707
C_noninf,homogeneous,2000,1.0,non-informative,1,1001,crude,3,5,0.08,0.0554716374427128,51707
C_noninf,homogeneous,2000,1.0,non-informative,1,1001,crude,4,5,0.3,0.2277041716635079,51707
C_noninf,homogeneous,2000,1.0,non-informative,1,1001,crude,4,7,0.06,0.0589041679592858,51707
C_noninf,homogeneous,2000,1.0,non-informative,1,1001,crude,5,4,0.4,0.2896232785798819,51707
C_noninf,homogeneous,2000,1.0,non-informative,1,1001,crude,5,6,0.08,0.0542273372660204,51707
C_noninf,homogeneous,2000,1.0,non-informative,1,1001,crude,5,7,0.04,0.0595679083604012,51707
C_noninf,homogeneous,2000,1.0,non-informative,1,1001,crude,6,7,0.5,0.3791378472755235,51707
C_noninf,homogeneous,2000,1.0,non-informative,1,1001,crude,6,8,0.1,0.0960482546431326,51707
C_noninf,homogeneous,2000,1.0,non-informative,1,1001,crude,7,6,0.15,0.1099738419361681,51707
C_noninf,homogeneous,2000,1.0,non-informative,1,1001,crude,7,8,0.12,0.0866788901959945,51707
C_noninf,homogeneous,2000,1.0,non-informative,1,1001,crude,8,9,0.35,0.2712034856244745,51707
C_noninf,homogeneous,2000,1.0,non-informative,1,1001,crude,8,10,0.08,0.084292975261661,51707
C_noninf,homogeneous,2000,1.0,non-informative,1,1001,crude,9,8,0.08,0.0553563619370369,51707
C_noninf,homogeneous,2000,1.0,non-informative,1,1001,crude,9,10,0.1,0.1071413456845877,51707
C_noninf,homogeneous,2000,1.0,non-informative,1,1001,crude,10,11,0.05,0.0328623339322493,51707
C_noninf,homogeneous,2000,1.0,non-informative,1,1001,oracle,0,1,0.6,0.5940089243559165,51707
C_noninf,homogeneous,2000,1.0,non-informative,1,1001,oracle,0,2,0.08,0.0784737507012723,51707
C_noninf,homogeneous,2000,1.0,non-informative,1,1001,oracle,1,0,0.85,0.8398882452796862,51707
C_noninf,homogeneous,2000,1.0,non-informative,1,1001,oracle,1,2,0.05,0.0433083801070376,51707
C_noninf,homogeneous,2000,1.0,non-informative,1,1001,oracle,1,3,0.1,0.0960773286840592,51707
C_noninf,homogeneous,2000,1.0,non-informative,1,1001,oracle,2,0,0.04,0.0423048243448722,51707
C_noninf,homogeneous,2000,1.0,non-informative,1,1001,oracle,2,3,0.45,0.4396192575930269,51707
C_noninf,homogeneous,2000,1.0,non-informative,1,1001,oracle,2,4,0.07,0.0694033062985,51707
C_noninf,homogeneous,2000,1.0,non-informative,1,1001,oracle,3,1,0.06,0.0596383421889136,51707
C_noninf,homogeneous,2000,1.0,non-informative,1,1001,oracle,3,2,0.6,0.6241152510069813,51707
C_noninf,homogeneous,2000,1.0,non-informative,1,1001,oracle,3,4,0.05,0.0494998240167983,51707
C_noninf,homogeneous,2000,1.0,non-informative,1,1001,oracle,3,5,0.08,0.0834936790644791,51707
C_noninf,homogeneous,2000,1.0,non-informative,1,1001,oracle,4,5,0.3,0.3092708069211556,51707
C_noninf,homogeneous,2000,1.0,non-informative,1,1001,oracle,4,7,0.06,0.0643038311420224,51707
C_noninf,homogeneous,2000,1.0,non-informative,1,1001,oracle,5,4,0.4,0.4004527349506847,51707
C_noninf,homogeneous,2000,1.0,non-informative,1,1001,oracle,5,6,0.08,0.0816107471827569,51707
C_noninf,homogeneous,2000,1.0,non-informative,1,1001,oracle,5,7,0.04,0.050006585283552,51707
C_noninf,homogeneous,2000,1.0,non-informative,1,1001,oracle,6,7,0.5,0.5383817438320105,51707
C_noninf,homogeneous,2000,1.0,non-informative,1,1001,oracle,6,8,0.1,0.0936962703354051,51707
C_noninf,homogeneous,2000,1.0,non-informative,1,1001,oracle,7,6,0.15,0.1553860086442632,51707
C_noninf,homogeneous,2000,1.0,non-informative,1,1001,oracle,7,8,0.12,0.1137466207069116,51707
C_noninf,homogeneous,2000,1.0,non-informative,1,1001,oracle,8,9,0.35,0.337569236983439,51707
C_noninf,homogeneous,2000,1.0,non-informative,1,1001,oracle,8,10,0.08,0.0779005931500244,51707
C_noninf,homogeneous,2000,1.0,non-informative,1,1001,oracle,9,8,0.08,0.0704042876474385,51707
C_noninf,homogeneous,2000,1.0,non-informative,1,1001,oracle,9,10,0.1,0.1071369594634934,51707
C_noninf,homogeneous,2000,1.0,non-informative,1,1001,oracle,10,11,0.05,0.0325250557602983,51707
C_noninf,homogeneous,2000,1.0,non-informative,1,1001,panel,0,1,0.6,0.5699131934505499,51707
C_noninf,homogeneous,2000,1.0,non-informative,1,1001,panel,0,2,0.08,0.081296333192459,51707
C_noninf,homogeneous,2000,1.0,non-informative,1,1001,panel,1,0,0.85,0.8114635668244632,51707
C_noninf,homogeneous,2000,1.0,non-informative,1,1001,panel,1,2,0.05,0.0359756801184125,51707
C_noninf,homogeneous,2000,1.0,non-informative,1,1001,panel,1,3,0.1,0.1011221418929907,51707
C_noninf,homogeneous,2000,1.0,non-informative,1,1001,panel,2,0,0.04,0.0420214268765168,51707
C_noninf,homogeneous,2000,1.0,non-informative,1,1001,panel,2,3,0.45,0.4330021123035744,51707
C_noninf,homogeneous,2000,1.0,non-informative,1,1001,panel,2,4,0.07,0.0680882874415062,51707
C_noninf,homogeneous,2000,1.0,non-informative,1,1001,panel,3,1,0.06,0.0597842932825484,51707
C_noninf,homogeneous,2000,1.0,non-informative,1,1001,panel,3,2,0.6,0.6126555122016168,51707
C_noninf,homogeneous,2000,1.0,non-informative,1,1001,panel,3,4,0.05,0.0540225900956527,51707
C_noninf,homogeneous,2000,1.0,non-informative,1,1001,panel,3,5,0.08,0.0820583319928922,51707
C_noninf,homogeneous,2000,1.0,non-informative,1,1001,panel,4,5,0.3,0.3090508782691756,51707
C_noninf,homogeneous,2000,1.0,non-informative,1,1001,panel,4,7,0.06,0.0638709718663061,51707
C_noninf,homogeneous,2000,1.0,non-informative,1,1001,panel,5,4,0.4,0.3967397040725311,51707
C_noninf,homogeneous,2000,1.0,non-informative,1,1001,panel,5,6,0.08,0.0769162517203178,51707
C_noninf,homogeneous,2000,1.0,non-informative,1,1001,panel,5,7,0.04,0.0556008490566982,51707
C_noninf,homogeneous,2000,1.0,non-informative,1,1001,panel,6,7,0.5,0.558955078760665,51707
C_noninf,homogeneous,2000,1.0,non-informative,1,1001,panel,6,8,0.1,0.1015816993241529,51707
C_noninf,homogeneous,2000,1.0,non-informative,1,1001,panel,7,6,0.15,0.1638207037511454,51707
C_noninf,homogeneous,2000,1.0,non-informative,1,1001,panel,7,8,0.12,0.1120433562526993,51707
C_noninf,homogeneous,2000,1.0,non-informative,1,1001,panel,8,9,0.35,0.3549119800009505,51707
C_noninf,homogeneous,2000,1.0,non-informative,1,1001,panel,8,10,0.08,0.0744045882659047,51707
C_noninf,homogeneous,2000,1.0,non-informative,1,1001,panel,9,8,0.08,0.0725304582254385,51707
C_noninf,homogeneous,2000,1.0,non-informative,1,1001,panel,9,10,0.1,0.1146857062980623,51707
C_noninf,homogeneous,2000,1.0,non-informative,1,1001,panel,10,11,0.05,0.0321219283344379,51707
C_noninf,homogeneous,2000,1.0,non-informative,2,1002,crude,0,1,0.6,0.3407734842573534,52289
C_noninf,homogeneous,2000,1.0,non-informative,2,1002,crude,0,2,0.08,0.0662907395489602,52289
C_noninf,homogeneous,2000,1.0,non-informative,2,1002,crude,1,0,0.85,0.5077165525172032,52289
C_noninf,homogeneous,2000,1.0,non-informative,2,1002,crude,1,2,0.05,0.0591264845969401,52289
C_noninf,homogeneous,2000,1.0,non-informative,2,1002,crude,1,3,0.1,0.0584838054165385,52289
C_noninf,homogeneous,2000,1.0,non-informative,2,1002,crude,2,0,0.04,0.0303461433811204,52289
C_noninf,homogeneous,2000,1.0,non-informative,2,1002,crude,2,3,0.45,0.2862588429773206,52289
C_noninf,homogeneous,2000,1.0,non-informative,2,1002,crude,2,4,0.07,0.0575996861628909,52289
C_noninf,homogeneous,2000,1.0,non-informative,2,1002,crude,3,1,0.06,0.034288673888109,52289
C_noninf,homogeneous,2000,1.0,non-informative,2,1002,crude,3,2,0.6,0.3814614970052132,52289
C_noninf,homogeneous,2000,1.0,non-informative,2,1002,crude,3,4,0.05,0.0445752760545417,52289
C_noninf,homogeneous,2000,1.0,non-informative,2,1002,crude,3,5,0.08,0.0585764845588529,52289
C_noninf,homogeneous,2000,1.0,non-informative,2,1002,crude,4,5,0.3,0.2211975330258065,52289
C_noninf,homogeneous,2000,1.0,non-informative,2,1002,crude,4,7,0.06,0.045626994146457,52289
C_noninf,homogeneous,2000,1.0,non-informative,2,1002,crude,5,4,0.4,0.3096293797596584,52289
C_noninf,homogeneous,2000,1.0,non-informative,2,1002,crude,5,6,0.08,0.0608638226704341,52289
C_noninf,homogeneous,2000,1.0,non-informative,2,1002,crude,5,7,0.04,0.0473839156360427,52289
C_noninf,homogeneous,2000,1.0,non-informative,2,1002,crude,6,7,0.5,0.3403765908686815,52289
C_noninf,homogeneous,2000,1.0,non-informative,2,1002,crude,6,8,0.1,0.0925585466397292,52289
C_noninf,homogeneous,2000,1.0,non-informative,2,1002,crude,7,6,0.15,0.1144298587954097,52289
C_noninf,homogeneous,2000,1.0,non-informative,2,1002,crude,7,8,0.12,0.0872141085954204,52289
C_noninf,homogeneous,2000,1.0,non-informative,2,1002,crude,8,9,0.35,0.2527246165469745,52289
C_noninf,homogeneous,2000,1.0,non-informative,2,1002,crude,8,10,0.08,0.0848702070493571,52289
C_noninf,homogeneous,2000,1.0,non-informative,2,1002,crude,9,8,0.08,0.0642598909895208,52289
C_noninf,homogeneous,2000,1.0,non-informative,2,1002,crude,9,10,0.1,0.0749698728211077,52289
C_noninf,homogeneous,2000,1.0,non-informative,2,1002,crude,10,11,0.05,0.0475934378167938,52289
C_noninf,homogeneous,2000,1.0,non-informative,2,1002,oracle,0,1,0.6,0.5913269590727207,52289
C_noninf,homogeneous,2000,1.0,non-informative,2,1002,oracle,0,2,0.08,0.0835359540363029,52289
C_noninf,homogeneous,2000,1.0,non-informative,2,1002,oracle,1,0,0.85,0.8820569636424892,52289
C_noninf,homogeneous,2000,1.0,non-informative,2,1002,oracle,1,2,0.05,0.0484283833295102,52289
C_noninf,homogeneous,2000,1.0,non-informative,2,1002,oracle,1,3,0.1,0.094435347492545,52289
C_noninf,homogeneous,2000,1.0,non-informative,2,1002,oracle,2,0,0.04,0.0394039776754195,52289
C_noninf,homogeneous,2000,1.0,non-informative,2,1002,oracle,2,3,0.45,0.4495463414604351,52289
C_noninf,homogeneous,2000,1.0,non-informative,2,1002,oracle,2,4,0.07,0.0678203077298085,52289
C_noninf,homogeneous,2000,1.0,non-informative,2,1002,oracle,3,1,0.06,0.0581724956933111,52289
C_noninf,homogeneous,2000,1.0,non-informative,2,1002,oracle,3,2,0.6,0.6022398950278541,52289
C_noninf,homogeneous,2000,1.0,non-informative,2,1002,oracle,3,4,0.05,0.0438401416819156,52289
C_noninf,homogeneous,2000,1.0,non-informative,2,1002,oracle,3,5,0.08,0.0820597523789703,52289
C_noninf,homogeneous,2000,1.0,non-informative,2,1002,oracle,4,5,0.3,0.2945883613523204,52289
C_noninf,homogeneous,2000,1.0,non-informative,2,1002,oracle,4,7,0.06,0.0512660265210531,52289
C_noninf,homogeneous,2000,1.0,non-informative,2,1002,oracle,5,4,0.4,0.4104248010350311,52289
C_noninf,homogeneous,2000,1.0,non-informative,2,1002,oracle,5,6,0.08,0.0874675805484492,52289
C_noninf,homogeneous,2000,1.0,non-informative,2,1002,oracle,5,7,0.04,0.0415569952831998,52289
C_noninf,homogeneous,2000,1.0,non-informative,2,1002,oracle,6,7,0.5,0.5002359378864402,52289
C_noninf,homogeneous,2000,1.0,non-informative,2,1002,oracle,6,8,0.1,0.1058191407067469,52289
C_noninf,homogeneous,2000,1.0,non-informative,2,1002,oracle,7,6,0.15,0.1674681772179511,52289
C_noninf,homogeneous,2000,1.0,non-informative,2,1002,oracle,7,8,0.12,0.1190505069338496,52289
C_noninf,homogeneous,2000,1.0,non-informative,2,1002,oracle,8,9,0.35,0.3611614688699979,52289
C_noninf,homogeneous,2000,1.0,non-informative,2,1002,oracle,8,10,0.08,0.0936344548922216,52289
C_noninf,homogeneous,2000,1.0,non-informative,2,1002,oracle,9,8,0.08,0.0946782035046021,52289
C_noninf,homogeneous,2000,1.0,non-informative,2,1002,oracle,9,10,0.1,0.0806518029854018,52289
C_noninf,homogeneous,2000,1.0,non-informative,2,1002,oracle,10,11,0.05,0.0600615012359763,52289
C_noninf,homogeneous,2000,1.0,non-informative,2,1002,panel,0,1,0.6,0.5821018949364588,52289
C_noninf,homogeneous,2000,1.0,non-informative,2,1002,panel,0,2,0.08,0.0843405441482115,52289
C_noninf,homogeneous,2000,1.0,non-informative,2,1002,panel,1,0,0.85,0.8641054851627964,52289
C_noninf,homogeneous,2000,1.0,non-informative,2,1002,panel,1,2,0.05,0.0525436623027553,52289
C_noninf,homogeneous,2000,1.0,non-informative,2,1002,panel,1,3,0.1,0.0890960377000227,52289
C_noninf,homogeneous,2000,1.0,non-informative,2,1002,panel,2,0,0.04,0.0408453818098478,52289
C_noninf,homogeneous,2000,1.0,non-informative,2,1002,panel,2,3,0.45,0.44201876904648,52289
C_noninf,homogeneous,2000,1.0,non-informative,2,1002,panel,2,4,0.07,0.0679143399902987,52289
C_noninf,homogeneous,2000,1.0,non-informative,2,1002,panel,3,1,0.06,0.0548717465144806,52289
C_noninf,homogeneous,2000,1.0,non-informative,2,1002,panel,3,2,0.6,0.5908854482657032,52289
C_noninf,homogeneous,2000,1.0,non-informative,2,1002,panel,3,4,0.05,0.0397271652404314,52289
C_noninf,homogeneous,2000,1.0,non-informative,2,1002,panel,3,5,0.08,0.084734192573293,52289
C_noninf,homogeneous,2000,1.0,non-informative,2,1002,panel,4,5,0.3,0.3005983525055934,52289
C_noninf,homogeneous,2000,1.0,non-informative,2,1002,panel,4,7,0.06,0.0496192227544778,52289
C_noninf,homogeneous,2000,1.0,non-informative,2,1002,panel,5,4,0.4,0.4230035347592136,52289
C_noninf,homogeneous,2000,1.0,non-informative,2,1002,panel,5,6,0.08,0.0875329370034896,52289
C_noninf,homogeneous,2000,1.0,non-informative,2,1002,panel,5,7,0.04,0.0426019247980913,52289
C_noninf,homogeneous,2000,1.0,non-informative,2,1002,panel,6,7,0.5,0.5040262262534946,52289
C_noninf,homogeneous,2000,1.0,non-informative,2,1002,panel,6,8,0.1,0.1217275825865991,52289
C_noninf,homogeneous,2000,1.0,non-informative,2,1002,panel,7,6,0.15,0.1686575106104196,52289
C_noninf,homogeneous,2000,1.0,non-informative,2,1002,panel,7,8,0.12,0.1159736874901949,52289
C_noninf,homogeneous,2000,1.0,non-informative,2,1002,panel,8,9,0.35,0.3431231074959837,52289
C_noninf,homogeneous,2000,1.0,non-informative,2,1002,panel,8,10,0.08,0.0998800177264359,52289
C_noninf,homogeneous,2000,1.0,non-informative,2,1002,panel,9,8,0.08,0.0843446148876755,52289
C_noninf,homogeneous,2000,1.0,non-informative,2,1002,panel,9,10,0.1,0.0794362786939172,52289
C_noninf,homogeneous,2000,1.0,non-informative,2,1002,panel,10,11,0.05,0.0504327482817244,52289
C_noninf,homogeneous,2000,1.0,non-informative,3,1003,crude,0,1,0.6,0.342507944631654,51297
C_noninf,homogeneous,2000,1.0,non-informative,3,1003,crude,0,2,0.08,0.0637974851984454,51297
C_noninf,homogeneous,2000,1.0,non-informative,3,1003,crude,1,0,0.85,0.4990316770270457,51297
C_noninf,homogeneous,2000,1.0,non-informative,3,1003,crude,1,2,0.05,0.0563387911537263,51297
C_noninf,homogeneous,2000,1.0,non-informative,3,1003,crude,1,3,0.1,0.0621893579273825,51297
C_noninf,homogeneous,2000,1.0,non-informative,3,1003,crude,2,0,0.04,0.0267968440145984,51297
C_noninf,homogeneous,2000,1.0,non-informative,3,1003,crude,2,3,0.45,0.2770992166250332,51297
C_noninf,homogeneous,2000,1.0,non-informative,3,1003,crude,2,4,0.07,0.0623274742265475,51297
C_noninf,homogeneous,2000,1.0,non-informative,3,1003,crude,3,1,0.06,0.03342005069975,51297
C_noninf,homogeneous,2000,1.0,non-informative,3,1003,crude,3,2,0.6,0.3995075785483884,51297
C_noninf,homogeneous,2000,1.0,non-informative,3,1003,crude,3,4,0.05,0.0527362267922661,51297
C_noninf,homogeneous,2000,1.0,non-informative,3,1003,crude,3,5,0.08,0.0567221043986583,51297
C_noninf,homogeneous,2000,1.0,non-informative,3,1003,crude,4,5,0.3,0.2233756915753026,51297
C_noninf,homogeneous,2000,1.0,non-informative,3,1003,crude,4,7,0.06,0.0491319129306254,51297
C_noninf,homogeneous,2000,1.0,non-informative,3,1003,crude,5,4,0.4,0.2985388672419782,51297
C_noninf,homogeneous,2000,1.0,non-informative,3,1003,crude,5,6,0.08,0.0577420854336336,51297
C_noninf,homogeneous,2000,1.0,non-informative,3,1003,crude,5,7,0.04,0.0446374986685536,51297
C_noninf,homogeneous,2000,1.0,non-informative,3,1003,crude,6,7,0.5,0.3538110617619474,51297
C_noninf,homogeneous,2000,1.0,non-informative,3,1003,crude,6,8,0.1,0.0688835695465738,51297
C_noninf,homogeneous,2000,1.0,non-informative,3,1003,crude,7,6,0.15,0.1102533548592429,51297
C_noninf,homogeneous,2000,1.0,non-informative,3,1003,crude,7,8,0.12,0.102234929051298,51297
C_noninf,homogeneous,2000,1.0,non-informative,3,1003,crude,8,9,0.35,0.2636745936651872,51297
C_noninf,homogeneous,2000,1.0,non-informative,3,1003,crude,8,10,0.08,0.0817595639271898,51297
C_noninf,homogeneous,2000,1.0,non-informative,3,1003,crude,9,8,0.08,0.0480508629472957,51297
C_noninf,homogeneous,2000,1.0,non-informative,3,1003,crude,9,10,0.1,0.0887092854411614,51297
C_noninf,homogeneous,2000,1.0,non-informative,3,1003,crude,10,11,0.05,0.0401323363792104,51297
C_noninf,homogeneous,2000,1.0,non-informative,3,1003,oracle,0,1,0.6,0.5841225549474474,51297
C_noninf,homogeneous,2000,1.0,non-informative,3,1003,oracle,0,2,0.08,0.0819007815137955,51297
C_noninf,homogeneous,2000,1.0,non-informative,3,1003,oracle,1,0,0.85,0.8372838734696387,51297
C_noninf,homogeneous,2000,1.0,non-informative,3,1003,oracle,1,2,0.05,0.0510323416283605,51297
C_noninf,homogeneous,2000,1.0,non-informative,3,1003,oracle,1,3,0.1,0.0932279141435851,51297
C_noninf,homogeneous,2000,1.0,non-informative,3,1003,oracle,2,0,0.04,0.0364304092333918,51297
C_noninf,homogeneous,2000,1.0,non-informative,3,1003,oracle,2,3,0.45,0.4350219455516785,51297
C_noninf,homogeneous,2000,1.0,non-informative,3,1003,oracle,2,4,0.07,0.0748089686931681,51297
C_noninf,homogeneous,2000,1.0,non-informative,3,1003,oracle,3,1,0.06,0.056327934163255,51297
C_noninf,homogeneous,2000,1.0,non-informative,3,1003,oracle,3,2,0.6,0.6085801140813056,51297
C_noninf,homogeneous,2000,1.0,non-informative,3,1003,oracle,3,4,0.05,0.0494732120164038,51297
C_noninf,homogeneous,2000,1.0,non-informative,3,1003,oracle,3,5,0.08,0.079574383183011,51297
C_noninf,homogeneous,2000,1.0,non-informative,3,1003,oracle,4,5,0.3,0.3060605184230183,51297
C_noninf,homogeneous,2000,1.0,non-informative,3,1003,oracle,4,7,0.06,0.0532390985828275,51297
C_noninf,homogeneous,2000,1.0,non-informative,3,1003,oracle,5,4,0.4,0.4054382810267075,51297
C_noninf,homogeneous,2000,1.0,non-informative,3,1003,oracle,5,6,0.08,0.074349713426101,51297
C_noninf,homogeneous,2000,1.0,non-informative,3,1003,oracle,5,7,0.04,0.0394982852576162,51297
C_noninf,homogeneous,2000,1.0,non-informative,3,1003,oracle,6,7,0.5,0.506935336824749,51297
C_noninf,homogeneous,2000,1.0,non-informative,3,1003,oracle,6,8,0.1,0.084741429439361,51297
C_noninf,homogeneous,2000,1.0,non-informative,3,1003,oracle,7,6,0.15,0.1577248342056047,51297
C_noninf,homogeneous,2000,1.0,non-informative,3,1003,oracle,7,8,0.12,0.1299997656929007,51297
C_noninf,homogeneous,2000,1.0,non-informative,3,1003,oracle,8,9,0.35,0.3664600186469754,51297
C_noninf,homogeneous,2000,1.0,non-informative,3,1003,oracle,8,10,0.08,0.0754476508979067,51297
C_noninf,homogeneous,2000,1.0,non-informative,3,1003,oracle,9,8,0.08,0.0660700615160399,51297
C_noninf,homogeneous,2000,1.0,non-informative,3,1003,oracle,9,10,0.1,0.1038243823823485,51297
C_noninf,homogeneous,2000,1.0,non-informative,3,1003,oracle,10,11,0.05,0.0531629676925461,51297
C_noninf,homogeneous,2000,1.0,non-informative,3,1003,panel,0,1,0.6,0.5799178802734071,51297
C_noninf,homogeneous,2000,1.0,non-informative,3,1003,panel,0,2,0.08,0.07968390754523,51297
C_noninf,homogeneous,2000,1.0,non-informative,3,1003,panel,1,0,0.85,0.8436310636993068,51297
C_noninf,homogeneous,2000,1.0,non-informative,3,1003,panel,1,2,0.05,0.0488593644962501,51297
C_noninf,homogeneous,2000,1.0,non-informative,3,1003,panel,1,3,0.1,0.0960935475323304,51297
C_noninf,homogeneous,2000,1.0,non-informative,3,1003,panel,2,0,0.04,0.0363390557708825,51297
C_noninf,homogeneous,2000,1.0,non-informative,3,1003,panel,2,3,0.45,0.434038005682746,51297
C_noninf,homogeneous,2000,1.0,non-informative,3,1003,panel,2,4,0.07,0.0750194023453022,51297
C_noninf,homogeneous,2000,1.0,non-informative,3,1003,panel,3,1,0.06,0.0552254364691821,51297
C_noninf,homogeneous,2000,1.0,non-informative,3,1003,panel,3,2,0.6,0.6307389155384601,51297
C_noninf,homogeneous,2000,1.0,non-informative,3,1003,panel,3,4,0.05,0.0483131713869392,51297
C_noninf,homogeneous,2000,1.0,non-informative,3,1003,panel,3,5,0.08,0.0790390869417304,51297
C_noninf,homogeneous,2000,1.0,non-informative,3,1003,panel,4,5,0.3,0.3004599933325587,51297
C_noninf,homogeneous,2000,1.0,non-informative,3,1003,panel,4,7,0.06,0.0545465870874229,51297
C_noninf,homogeneous,2000,1.0,non-informative,3,1003,panel,5,4,0.4,0.4038884097034543,51297
C_noninf,homogeneous,2000,1.0,non-informative,3,1003,panel,5,6,0.08,0.0781744875901612,51297
C_noninf,homogeneous,2000,1.0,non-informative,3,1003,panel,5,7,0.04,0.0357042135685768,51297
C_noninf,homogeneous,2000,1.0,non-informative,3,1003,panel,6,7,0.5,0.5265438845193442,51297
C_noninf,homogeneous,2000,1.0,non-informative,3,1003,panel,6,8,0.1,0.0800782559572072,51297
C_noninf,homogeneous,2000,1.0,non-informative,3,1003,panel,7,6,0.15,0.1612478576427208,51297
C_noninf,homogeneous,2000,1.0,non-informative,3,1003,panel,7,8,0.12,0.1352663762755639,51297
C_noninf,homogeneous,2000,1.0,non-informative,3,1003,panel,8,9,0.35,0.3485395428426045,51297
C_noninf,homogeneous,2000,1.0,non-informative,3,1003,panel,8,10,0.08,0.0856972303042847,51297
C_noninf,homogeneous,2000,1.0,non-informative,3,1003,panel,9,8,0.08,0.0625119242326052,51297
C_noninf,homogeneous,2000,1.0,non-informative,3,1003,panel,9,10,0.1,0.0994476814684386,51297
C_noninf,homogeneous,2000,1.0,non-informative,3,1003,panel,10,11,0.05,0.0478111201240899,51297
C_noninf,homogeneous,2000,1.0,non-informative,4,1004,crude,0,1,0.6,0.350723167473819,52124
C_noninf,homogeneous,2000,1.0,non-informative,4,1004,crude,0,2,0.08,0.0636673137351122,52124
C_noninf,homogeneous,2000,1.0,non-informative,4,1004,crude,1,0,0.85,0.4905562518909114,52124
C_noninf,homogeneous,2000,1.0,non-informative,4,1004,crude,1,2,0.05,0.0618057656567403,52124
C_noninf,homogeneous,2000,1.0,non-informative,4,1004,crude,1,3,0.1,0.0643990145654148,52124
C_noninf,homogeneous,2000,1.0,non-informative,4,1004,crude,2,0,0.04,0.0285448675019106,52124
C_noninf,homogeneous,2000,1.0,non-informative,4,1004,crude,2,3,0.45,0.2921419542954162,52124
C_noninf,homogeneous,2000,1.0,non-informative,4,1004,crude,2,4,0.07,0.0602395134867906,52124
C_noninf,homogeneous,2000,1.0,non-informative,4,1004,crude,3,1,0.06,0.0386339962065394,52124
C_noninf,homogeneous,2000,1.0,non-informative,4,1004,crude,3,2,0.6,0.3914532850927306,52124
C_noninf,homogeneous,2000,1.0,non-informative,4,1004,crude,3,4,0.05,0.0517013772763983,52124
C_noninf,homogeneous,2000,1.0,non-informative,4,1004,crude,3,5,0.08,0.0579509943098091,52124
C_noninf,homogeneous,2000,1.0,non-informative,4,1004,crude,4,5,0.3,0.2310731744510153,52124
C_noninf,homogeneous,2000,1.0,non-informative,4,1004,crude,4,7,0.06,0.0547790798638387,52124
C_noninf,homogeneous,2000,1.0,non-informative,4,1004,crude,5,4,0.4,0.2921691536952354,52124
C_noninf,homogeneous,2000,1.0,non-informative,4,1004,crude,5,6,0.08,0.0581238369420229,52124
C_noninf,homogeneous,2000,1.0,non-informative,4,1004,crude,5,7,0.04,0.0441741160759374,52124
C_noninf,homogeneous,2000,1.0,non-informative,4,1004,crude,6,7,0.5,0.3206075118621259,52124
C_noninf,homogeneous,2000,1.0,non-informative,4,1004,crude,6,8,0.1,0.0745271847749678,52124
C_noninf,homogeneous,2000,1.0,non-informative,4,1004,crude,7,6,0.15,0.1130735589325403,52124
C_noninf,homogeneous,2000,1.0,non-informative,4,1004,crude,7,8,0.12,0.0976003350786137,52124
C_noninf,homogeneous,2000,1.0,non-informative,4,1004,crude,8,9,0.35,0.2577274452965238,52124
C_noninf,homogeneous,2000,1.0,non-informative,4,1004,crude,8,10,0.08,0.067736059340753,52124
C_noninf,homogeneous,2000,1.0,non-informative,4,1004,crude,9,8,0.08,0.0610472006271989,52124
C_noninf,homogeneous,2000,1.0,non-informative,4,1004,crude,9,10,0.1,0.1022540610505581,52124
C_noninf,homogeneous,2000,1.0,non-informative,4,1004,crude,10,11,0.05,0.0581963914047188,52124
C_noninf,homogeneous,2000,1.0,non-informative,4,1004,oracle,0,1,0.6,0.6091599502292837,52124
C_noninf,homogeneous,2000,1.0,non-informative,4,1004,oracle,0,2,0.08,0.0823403104027105,52124
C_noninf,homogeneous,2000,1.0,non-informative,4,1004,oracle,1,0,0.85,0.8502596113665045,52124
C_noninf,homogeneous,2000,1.0,non-informative,4,1004,oracle,1,2,0.05,0.0547273251022302,52124
C_noninf,homogeneous,2000,1.0,non-informative,4,1004,oracle,1,3,0.1,0.1010690116807316,52124
C_noninf,homogeneous,2000,1.0,non-informative,4,1004,oracle,2,0,0.04,0.0399907667645928,52124
C_noninf,homogeneous,2000,1.0,non-informative,4,1004,oracle,2,3,0.45,0.4650134087071259,52124
C_noninf,homogeneous,2000,1.0,non-informative,4,1004,oracle,2,4,0.07,0.0751517307798387,52124
C_noninf,homogeneous,2000,1.0,non-informative,4,1004,oracle,3,1,0.06,0.0646624134236579,52124
C_noninf,homogeneous,2000,1.0,non-informative,4,1004,oracle,3,2,0.6,0.6200313668112659,52124
C_noninf,homogeneous,2000,1.0,non-informative,4,1004,oracle,3,4,0.05,0.0487067529684696,52124
C_noninf,homogeneous,2000,1.0,non-informative,4,1004,oracle,3,5,0.08,0.0803381500112114,52124
C_noninf,homogeneous,2000,1.0,non-informative,4,1004,oracle,4,5,0.3,0.3004608185209808,52124
C_noninf,homogeneous,2000,1.0,non-informative,4,1004,oracle,4,7,0.06,0.0640843004537756,52124
C_noninf,homogeneous,2000,1.0,non-informative,4,1004,oracle,5,4,0.4,0.382278301322767,52124
C_noninf,homogeneous,2000,1.0,non-informative,4,1004,oracle,5,6,0.08,0.0823195162140471,52124
C_noninf,homogeneous,2000,1.0,non-informative,4,1004,oracle,5,7,0.04,0.0334540499682657,52124
C_noninf,homogeneous,2000,1.0,non-informative,4,1004,oracle,6,7,0.5,0.4725460130764284,52124
C_noninf,homogeneous,2000,1.0,non-informative,4,1004,oracle,6,8,0.1,0.1012598599449489,52124
C_noninf,homogeneous,2000,1.0,non-informative,4,1004,oracle,7,6,0.15,0.1529388923286403,52124
C_noninf,homogeneous,2000,1.0,non-informative,4,1004,oracle,7,8,0.12,0.1250821655116379,52124
C_noninf,homogeneous,2000,1.0,non-informative,4,1004,oracle,8,9,0.35,0.3427888336510404,52124
C_noninf,homogeneous,2000,1.0,non-informative,4,1004,oracle,8,10,0.08,0.0723183193356625,52124
C_noninf,homogeneous,2000,1.0,non-informative,4,1004,oracle,9,8,0.08,0.084828363301311,52124
C_noninf,homogeneous,2000,1.0,non-informative,4,1004,oracle,9,10,0.1,0.096946700915784,52124
C_noninf,homogeneous,2000,1.0,non-informative,4,1004,oracle,10,11,0.05,0.0545875940344679,52124
C_noninf,homogeneous,2000,1.0,non-informative,4,1004,panel,0,1,0.6,0.6021095738923601,52124
C_noninf,homogeneous,2000,1.0,non-informative,4,1004,panel,0,2,0.08,0.0799999022377382,52124
C_noninf,homogeneous,2000,1.0,non-informative,4,1004,panel,1,0,0.85,0.8411242866941454,52124
C_noninf,homogeneous,2000,1.0,non-informative,4,1004,panel,1,2,0.05,0.0583928253800325,52124
C_noninf,homogeneous,2000,1.0,non-informative,4,1004,panel,1,3,0.1,0.1012841253425369,52124
C_noninf,homogeneous,2000,1.0,non-informative,4,1004,panel,2,0,0.04,0.039293827048331,52124
C_noninf,homogeneous,2000,1.0,non-informative,4,1004,panel,2,3,0.45,0.464729160793754,52124
C_noninf,homogeneous,2000,1.0,non-informative,4,1004,panel,2,4,0.07,0.0743160832245477,52124
C_noninf,homogeneous,2000,1.0,non-informative,4,1004,panel,3,1,0.06,0.0660586585843479,52124
C_noninf,homogeneous,2000,1.0,non-informative,4,1004,panel,3,2,0.6,0.6178260791964696,52124
C_noninf,homogeneous,2000,1.0,non-informative,4,1004,panel,3,4,0.05,0.0486628440601265,52124
C_noninf,homogeneous,2000,1.0,non-informative,4,1004,panel,3,5,0.08,0.0837929689483129,52124
C_noninf,homogeneous,2000,1.0,non-informative,4,1004,panel,4,5,0.3,0.3102059963411362,52124
C_noninf,homogeneous,2000,1.0,non-informative,4,1004,panel,4,7,0.06,0.0641332079929543,52124
C_noninf,homogeneous,2000,1.0,non-informative,4,1004,panel,5,4,0.4,0.3983012075558693,52124
C_noninf,homogeneous,2000,1.0,non-informative,4,1004,panel,5,6,0.08,0.0787832001854372,52124
C_noninf,homogeneous,2000,1.0,non-informative,4,1004,panel,5,7,0.04,0.0371436021040331,52124
C_noninf,homogeneous,2000,1.0,non-informative,4,1004,panel,6,7,0.5,0.4664711987564112,52124
C_noninf,homogeneous,2000,1.0,non-informative,4,1004,panel,6,8,0.1,0.099536729115664,52124
C_noninf,homogeneous,2000,1.0,non-informative,4,1004,panel,7,6,0.15,0.1599138781653045,52124
C_noninf,homogeneous,2000,1.0,non-informative,4,1004,panel,7,8,0.12,0.1270977309329873,52124
C_noninf,homogeneous,2000,1.0,non-informative,4,1004,panel,8,9,0.35,0.3568806230892618,52124
C_noninf,homogeneous,2000,1.0,non-informative,4,1004,panel,8,10,0.08,0.0631749462899539,52124
C_noninf,homogeneous,2000,1.0,non-informative,4,1004,panel,9,8,0.08,0.0792384467791965,52124
C_noninf,homogeneous,2000,1.0,non-informative,4,1004,panel,9,10,0.1,0.1093401451586656,52124
C_noninf,homogeneous,2000,1.0,non-informative,4,1004,panel,10,11,0.05,0.0594278246384154,52124
C_noninf,homogeneous,4000,1.0,non-informative,0,1000,crude,0,1,0.6,0.3501494161991673,102602
C_noninf,homogeneous,4000,1.0,non-informative,0,1000,crude,0,2,0.08,0.0651959893428654,102602
C_noninf,homogeneous,4000,1.0,non-informative,0,1000,crude,1,0,0.85,0.5023149900794585,102602
C_noninf,homogeneous,4000,1.0,non-informative,0,1000,crude,1,2,0.05,0.0564984663698776,102602
C_noninf,homogeneous,4000,1.0,non-informative,0,1000,crude,1,3,0.1,0.0649040762441155,102602
C_noninf,homogeneous,4000,1.0,non-informative,0,1000,crude,2,0,0.04,0.0291215019462673,102602
C_noninf,homogeneous,4000,1.0,non-informative,0,1000,crude,2,3,0.45,0.2868026706829364,102602
C_noninf,homogeneous,4000,1.0,non-informative,0,1000,crude,2,4,0.07,0.0546150726736395,102602
C_noninf,homogeneous,4000,1.0,non-informative,0,1000,crude,3,1,0.06,0.0358701165658746,102602
C_noninf,homogeneous,4000,1.0,non-informative,0,1000,crude,3,2,0.6,0.3825669404256833,102602
C_noninf,homogeneous,4000,1.0,non-informative,0,1000,crude,3,4,0.05,0.0523046321239447,102602
C_noninf,homogeneous,4000,1.0,non-informative,0,1000,crude,3,5,0.08,0.052161723293005,102602
C_noninf,homogeneous,4000,1.0,non-informative,0,1000,crude,4,5,0.3,0.214394489262872,102602
C_noninf,homogeneous,4000,1.0,non-informative,0,1000,crude,4,7,0.06,0.0543555631823152,102602
C_noninf,homogeneous,4000,1.0,non-informative,0,1000,crude,5,4,0.4,0.2818773989411476,102602
C_noninf,homogeneous,4000,1.0,non-informative,0,1000,crude,5,6,0.08,0.0619227237948516,102602
C_noninf,homogeneous,4000,1.0,non-informative,0,1000,crude,5,7,0.04,0.0451519861004126,102602
C_noninf,homogeneous,4000,1.0,non-informative,0,1000,crude,6,7,0.5,0.3601744745183648,102602
C_noninf,homogeneous,4000,1.0,non-informative,0,1000,crude,6,8,0.1,0.0983809907249237,102602
C_noninf,homogeneous,4000,1.0,non-informative,0,1000,crude,7,6,0.15,0.1073575602129443,102602
C_noninf,homogeneous,4000,1.0,non-informative,0,1000,crude,7,8,0.12,0.0911005582378413,102602
C_noninf,homogeneous,4000,1.0,non-informative,0,1000,crude,8,9,0.35,0.2436463316731068,102602
C_noninf,homogeneous,4000,1.0,non-informative,0,1000,crude,8,10,0.08,0.0802710782643956,102602
C_noninf,homogeneous,4000,1.0,non-informative,0,1000,crude,9,8,0.08,0.0546639320409422,102602
C_noninf,homogeneous,4000,1.0,non-informative,0,1000,crude,9,10,0.1,0.1039686550582626,102602
C_noninf,homogeneous,4000,1.0,non-informative,0,1000,crude,10,11,0.05,0.0562054667480794,102602
C_noninf,homogeneous,4000,1.0,non-informative,0,1000,oracle,0,1,0.6,0.5957591980281776,102602
C_noninf,homogeneous,4000,1.0,non-informative,0,1000,oracle,0,2,0.08,0.0822107740379352,102602
C_noninf,homogeneous,4000,1.0,non-informative,0,1000,oracle,1,0,0.85,0.8488245810197131,102602
C_noninf,homogeneous,4000,1.0,non-informative,0,1000,oracle,1,2,0.05,0.0495346824859213,102602
C_noninf,homogeneous,4000,1.0,non-informative,0,1000,oracle,1,3,0.1,0.09841759283387,102602
C_noninf,homogeneous,4000,1.0,non-informative,0,1000,oracle,2,0,0.04,0.0406491987295369,102602
C_noninf,homogeneous,4000,1.0,non-informative,0,1000,oracle,2,3,0.45,0.4427415080447683,102602
C_noninf,homogeneous,4000,1.0,non-informative,0,1000,oracle,2,4,0.07,0.0641779114059277,102602
C_noninf,homogeneous,4000,1.0,non-informative,0,1000,oracle,3,1,0.06,0.0600066936456074,102602
C_noninf,homogeneous,4000,1.0,non-informative,0,1000,oracle,3,2,0.6,0.5940241078219731,102602
C_noninf,homogeneous,4000,1.0,non-informative,0,1000,oracle,3,4,0.05,0.0498884689559499,102602
C_noninf,homogeneous,4000,1.0,non-informative,0,1000,oracle,3,5,0.08,0.0772919941571055,102602
C_noninf,homogeneous,4000,1.0,non-informative,0,1000,oracle,4,5,0.3,0.2881009181281991,102602
C_noninf,homogeneous,4000,1.0,non-informative,0,1000,oracle,4,7,0.06,0.0638694820886213,102602
C_noninf,homogeneous,4000,1.0,non-informative,0,1000,oracle,5,4,0.4,0.3830951600052616,102602
C_noninf,homogeneous,4000,1.0,non-informative,0,1000,oracle,5,6,0.08,0.0849043877099455,102602
C_noninf,homogeneous,4000,1.0,non-informative,0,1000,oracle,5,7,0.04,0.0397861140476556,102602
C_noninf,homogeneous,4000,1.0,non-informative,0,1000,oracle,6,7,0.5,0.5176131276796089,102602
C_noninf,homogeneous,4000,1.0,non-informative,0,1000,oracle,6,8,0.1,0.1126252110897509,102602
C_noninf,homogeneous,4000,1.0,non-informative,0,1000,oracle,7,6,0.15,0.1527300480776763,102602
C_noninf,homogeneous,4000,1.0,non-informative,0,1000,oracle,7,8,0.12,0.1183799815025855,102602
C_noninf,homogeneous,4000,1.0,non-informative,0,1000,oracle,8,9,0.35,0.3278031641254937,102602
C_noninf,homogeneous,4000,1.0,non-informative,0,1000,oracle,8,10,0.08,0.07761586253853,102602
C_noninf,homogeneous,4000,1.0,non-informative,0,1000,oracle,9,8,0.08,0.0771789681762031,102602
C_noninf,homogeneous,4000,1.0,non-informative,0,1000,oracle,9,10,0.1,0.1157684522643046,102602
C_noninf,homogeneous,4000,1.0,non-informative,0,1000,oracle,10,11,0.05,0.0554941027968903,102602
C_noninf,homogeneous,4000,1.0,non-informative,0,1000,panel,0,1,0.6,0.6030981069342898,102602
C_noninf,homogeneous,4000,1.0,non-informative,0,1000,panel,0,2,0.08,0.0820616177218759,102602
C_noninf,homogeneous,4000,1.0,non-informative,0,1000,panel,1,0,0.85,0.8631869742815316,102602
C_noninf,homogeneous,4000,1.0,non-informative,0,1000,panel,1,2,0.05,0.04796775788929,102602
C_noninf,homogeneous,4000,1.0,non-informative,0,1000,panel,1,3,0.1,0.0997306127458239,102602
C_noninf,homogeneous,4000,1.0,non-informative,0,1000,panel,2,0,0.04,0.0403654401680567,102602
C_noninf,homogeneous,4000,1.0,non-informative,0,1000,panel,2,3,0.45,0.4448243402376815,102602
C_noninf,homogeneous,4000,1.0,non-informative,0,1000,panel,2,4,0.07,0.0638537307055072,102602
C_noninf,homogeneous,4000,1.0,non-informative,0,1000,panel,3,1,0.06,0.0604231530250547,102602
C_noninf,homogeneous,4000,1.0,non-informative,0,1000,panel,3,2,0.6,0.5942381969815128,102602
C_noninf,homogeneous,4000,1.0,non-informative,0,1000,panel,3,4,0.05,0.0535214519751819,102602
C_noninf,homogeneous,4000,1.0,non-informative,0,1000,panel,3,5,0.08,0.0727433086536345,102602
C_noninf,homogeneous,4000,1.0,non-informative,0,1000,panel,4,5,0.3,0.2866961606719244,102602
C_noninf,homogeneous,4000,1.0,non-informative,0,1000,panel,4,7,0.06,0.0641049203810473,102602
C_noninf,homogeneous,4000,1.0,non-informative,0,1000,panel,5,4,0.4,0.3758868408345677,102602
C_noninf,homogeneous,4000,1.0,non-informative,0,1000,panel,5,6,0.08,0.0876517388728835,102602
C_noninf,homogeneous,4000,1.0,non-informative,0,1000,panel,5,7,0.04,0.0367118108555153,102602
C_noninf,homogeneous,4000,1.0,non-informative,0,1000,panel,6,7,0.5,0.5368216321031427,102602
C_noninf,homogeneous,4000,1.0,non-informative,0,1000,panel,6,8,0.1,0.1150221180586236,102602
C_noninf,homogeneous,4000,1.0,non-informative,0,1000,panel,7,6,0.15,0.1599641389556628,102602
C_noninf,homogeneous,4000,1.0,non-informative,0,1000,panel,7,8,0.12,0.1169234783406047,102602
C_noninf,homogeneous,4000,1.0,non-informative,0,1000,panel,8,9,0.35,0.3121417386872944,102602
C_noninf,homogeneous,4000,1.0,non-informative,0,1000,panel,8,10,0.08,0.0787349227054808,102602
C_noninf,homogeneous,4000,1.0,non-informative,0,1000,panel,9,8,0.08,0.0704139992029215,102602
C_noninf,homogeneous,4000,1.0,non-informative,0,1000,panel,9,10,0.1,0.1141584981827288,102602
C_noninf,homogeneous,4000,1.0,non-informative,0,1000,panel,10,11,0.05,0.0558709068038914,102602
C_noninf,homogeneous,4000,1.0,non-informative,1,1001,crude,0,1,0.6,0.34545513667447,103132
C_noninf,homogeneous,4000,1.0,non-informative,1,1001,crude,0,2,0.08,0.0642072216538141,103132
C_noninf,homogeneous,4000,1.0,non-informative,1,1001,crude,1,0,0.85,0.4887605050584697,103132
C_noninf,homogeneous,4000,1.0,non-informative,1,1001,crude,1,2,0.05,0.0558644123556616,103132
C_noninf,homogeneous,4000,1.0,non-informative,1,1001,crude,1,3,0.1,0.0658477864268255,103132
C_noninf,homogeneous,4000,1.0,non-informative,1,1001,crude,2,0,0.04,0.030185387403898,103132
C_noninf,homogeneous,4000,1.0,non-informative,1,1001,crude,2,3,0.45,0.281532992322631,103132
C_noninf,homogeneous,4000,1.0,non-informative,1,1001,crude,2,4,0.07,0.0586938088409129,103132
C_noninf,homogeneous,4000,1.0,non-informative,1,1001,crude,3,1,0.06,0.0376433238307958,103132
C_noninf,homogeneous,4000,1.0,non-informative,1,1001,crude,3,2,0.6,0.387314511602798,103132
C_noninf,homogeneous,4000,1.0,non-informative,1,1001,crude,3,4,0.05,0.0557297645776235,103132
C_noninf,homogeneous,4000,1.0,non-informative,1,1001,crude,3,5,0.08,0.054112278006769,103132
C_noninf,homogeneous,4000,1.0,non-informative,1,1001,crude,4,5,0.3,0.2236437458047502,103132
C_noninf,homogeneous,4000,1.0,non-informative,1,1001,crude,4,7,0.06,0.0548242662129513,103132
C_noninf,homogeneous,4000,1.0,non-informative,1,1001,crude,5,4,0.4,0.2890823078049883,103132
C_noninf,homogeneous,4000,1.0,non-informative,1,1001,crude,5,6,0.08,0.0549951490802983,103132
C_noninf,homogeneous,4000,1.0,non-informative,1,1001,crude,5,7,0.04,0.0511107333460021,103132
C_noninf,homogeneous,4000,1.0,non-informative,1,1001,crude,6,7,0.5,0.3474899746371895,103132
C_noninf,homogeneous,4000,1.0,non-informative,1,1001,crude,6,8,0.1,0.0926112233087726,103132
C_noninf,homogeneous,4000,1.0,non-informative,1,1001,crude,7,6,0.15,0.1056967517121244,103132
C_noninf,homogeneous,4000,1.0,non-informative,1,1001,crude,7,8,0.12,0.0864276387994582,103132
C_noninf,homogeneous,4000,1.0,non-informative,1,1001,crude,8,9,0.35,0.277768994040846,103132
C_noninf,homogeneous,4000,1.0,non-informative,1,1001,crude,8,10,0.08,0.0845801781162437,103132
C_noninf,homogeneous,4000,1.0,non-informative,1,1001,crude,9,8,0.08,0.0519639692588325,103132
C_noninf,homogeneous,4000,1.0,non-informative,1,1001,crude,9,10,0.1,0.0985523554908892,103132
C_noninf,homogeneous,4000,1.0,non-informative,1,1001,crude,10,11,0.05,0.0324692769940403,103132
C_noninf,homogeneous,4000,1.0,non-informative,1,1001,oracle,0,1,0.6,0.604039288749225,103132
C_noninf,homogeneous,4000,1.0,non-informative,1,1001,oracle,0,2,0.08,0.082847697875717,103132
C_noninf,homogeneous,4000,1.0,non-informative,1,1001,oracle,1,0,0.85,0.8466525852464879,103132
C_noninf,homogeneous,4000,1.0,non-informative,1,1001,oracle,1,2,0.05,0.0484948366997924,103132
C_noninf,homogeneous,4000,1.0,non-informative,1,1001,oracle,1,3,0.1,0.0998104021561723,103132
C_noninf,homogeneous,4000,1.0,non-informative,1,1001,oracle,2,0,0.04,0.0412722826737897,103132
C_noninf,homogeneous,4000,1.0,non-informative,1,1001,oracle,2,3,0.45,0.4468425358335595,103132
C_noninf,homogeneous,4000,1.0,non-informative,1,1001,oracle,2,4,0.07,0.0719123613800926,103132
C_noninf,homogeneous,4000,1.0,non-informative,1,1001,oracle,3,1,0.06,0.0606890849641627,103132
C_noninf,homogeneous,4000,1.0,non-informative,1,1001,oracle,3,2,0.6,0.6097739415639151,103132
C_noninf,homogeneous,4000,1.0,non-informative,1,1001,oracle,3,4,0.05,0.050742417832269,103132
C_noninf,homogeneous,4000,1.0,non-informative,1,1001,oracle,3,5,0.08,0.0810148830162932,103132
C_noninf,homogeneous,4000,1.0,non-informative,1,1001,oracle,4,5,0.3,0.3022884468497137,103132
C_noninf,homogeneous,4000,1.0,non-informative,1,1001,oracle,4,7,0.06,0.063026940445425,103132
C_noninf,homogeneous,4000,1.0,non-informative,1,1001,oracle,5,4,0.4,0.3905167410140295,103132
C_noninf,homogeneous,4000,1.0,non-informative,1,1001,oracle,5,6,0.08,0.0819967175240938,103132
C_noninf,homogeneous,4000,1.0,non-informative,1,1001,oracle,5,7,0.04,0.0436529287538341,103132
C_noninf,homogeneous,4000,1.0,non-informative,1,1001,oracle,6,7,0.5,0.499254641582811,103132
C_noninf,homogeneous,4000,1.0,non-informative,1,1001,oracle,6,8,0.1,0.1027243363256719,103132
C_noninf,homogeneous,4000,1.0,non-informative,1,1001,oracle,7,6,0.15,0.1530706985551473,103132
C_noninf,homogeneous,4000,1.0,non-informative,1,1001,oracle,7,8,0.12,0.117054063600995,103132
C_noninf,homogeneous,4000,1.0,non-informative,1,1001,oracle,8,9,0.35,0.3567541019377261,103132
C_noninf,homogeneous,4000,1.0,non-informative,1,1001,oracle,8,10,0.08,0.0809654699433137,103132
C_noninf,homogeneous,4000,1.0,non-informative,1,1001,oracle,9,8,0.08,0.0715348940048439,103132
C_noninf,homogeneous,4000,1.0,non-informative,1,1001,oracle,9,10,0.1,0.0996922459003675,103132
C_noninf,homogeneous,4000,1.0,non-informative,1,1001,oracle,10,11,0.05,0.032993972816372,103132
C_noninf,homogeneous,4000,1.0,non-informative,1,1001,panel,0,1,0.6,0.5860225572477045,103132
C_noninf,homogeneous,4000,1.0,non-informative,1,1001,panel,0,2,0.08,0.0824232773564707,103132
C_noninf,homogeneous,4000,1.0,non-informative,1,1001,panel,1,0,0.85,0.8270213745241686,103132
C_noninf,homogeneous,4000,1.0,non-informative,1,1001,panel,1,2,0.05,0.0459172621103198,103132
C_noninf,homogeneous,4000,1.0,non-informative,1,1001,panel,1,3,0.1,0.1040809117466201,103132
C_noninf,homogeneous,4000,1.0,non-informative,1,1001,panel,2,0,0.04,0.0410469332264898,103132
C_noninf,homogeneous,4000,1.0,non-informative,1,1001,panel,2,3,0.45,0.4427341675446878,103132
C_noninf,homogeneous,4000,1.0,non-informative,1,1001,panel,2,4,0.07,0.071181470120104,103132
C_noninf,homogeneous,4000,1.0,non-informative,1,1001,panel,3,1,0.06,0.0618631703708754,103132
C_noninf,homogeneous,4000,1.0,non-informative,1,1001,panel,3,2,0.6,0.6053132259812268,103132
C_noninf,homogeneous,4000,1.0,non-informative,1,1001,panel,3,4,0.05,0.055740093424316,103132
C_noninf,homogeneous,4000,1.0,non-informative,1,1001,panel,3,5,0.08,0.0773394494903495,103132
C_noninf,homogeneous,4000,1.0,non-informative,1,1001,panel,4,5,0.3,0.3036387269783355,103132
C_noninf,homogeneous,4000,1.0,non-informative,1,1001,panel,4,7,0.06,0.0630380587246057,103132
C_noninf,homogeneous,4000,1.0,non-informative,1,1001,panel,5,4,0.4,0.3935786406068152,103132
C_noninf,homogeneous,4000,1.0,non-informative,1,1001,panel,5,6,0.08,0.0814962946645624,103132
C_noninf,homogeneous,4000,1.0,non-informative,1,1001,panel,5,7,0.04,0.0447927601885394,103132
C_noninf,homogeneous,4000,1.0,non-informative,1,1001,panel,6,7,0.5,0.5055335242459548,103132
C_noninf,homogeneous,4000,1.0,non-informative,1,1001,panel,6,8,0.1,0.1145236608666513,103132
C_noninf,homogeneous,4000,1.0,non-informative,1,1001,panel,7,6,0.15,0.155721182754289,103132
C_noninf,homogeneous,4000,1.0,non-informative,1,1001,panel,7,8,0.12,0.113914137871396,103132
C_noninf,homogeneous,4000,1.0,non-informative,1,1001,panel,8,9,0.35,0.3699753298554555,103132
C_noninf,homogeneous,4000,1.0,non-informative,1,1001,panel,8,10,0.08,0.0777336671995159,103132
C_noninf,homogeneous,4000,1.0,non-informative,1,1001,panel,9,8,0.08,0.0679052222207367,103132
C_noninf,homogeneous,4000,1.0,non-informative,1,1001,panel,9,10,0.1,0.1055597147376587,103132
C_noninf,homogeneous,4000,1.0,non-informative,1,1001,panel,10,11,0.05,0.0319203050486807,103132
C_noninf,homogeneous,4000,1.0,non-informative,2,1002,crude,0,1,0.6,0.3457101594724583,103839
C_noninf,homogeneous,4000,1.0,non-informative,2,1002,crude,0,2,0.08,0.0627942679296558,103839
C_noninf,homogeneous,4000,1.0,non-informative,2,1002,crude,1,0,0.85,0.4998549029345149,103839
C_noninf,homogeneous,4000,1.0,non-informative,2,1002,crude,1,2,0.05,0.0568258336315268,103839
C_noninf,homogeneous,4000,1.0,non-informative,2,1002,crude,1,3,0.1,0.0610744940899588,103839
C_noninf,homogeneous,4000,1.0,non-informative,2,1002,crude,2,0,0.04,0.0295853768957057,103839
C_noninf,homogeneous,4000,1.0,non-informative,2,1002,crude,2,3,0.45,0.2827047125589658,103839
C_noninf,homogeneous,4000,1.0,non-informative,2,1002,crude,2,4,0.07,0.0563669108829948,103839
C_noninf,homogeneous,4000,1.0,non-informative,2,1002,crude,3,1,0.06,0.0354060609858272,103839
C_noninf,homogeneous,4000,1.0,non-informative,2,1002,crude,3,2,0.6,0.3822409441122978,103839
C_noninf,homogeneous,4000,1.0,non-informative,2,1002,crude,3,4,0.05,0.0481233400337978,103839
C_noninf,homogeneous,4000,1.0,non-informative,2,1002,crude,3,5,0.08,0.0557826103695073,103839
C_noninf,homogeneous,4000,1.0,non-informative,2,1002,crude,4,5,0.3,0.2142998566820566,103839
C_noninf,homogeneous,4000,1.0,non-informative,2,1002,crude,4,7,0.06,0.0504234956898956,103839
C_noninf,homogeneous,4000,1.0,non-informative,2,1002,crude,5,4,0.4,0.3048861288472535,103839
C_noninf,homogeneous,4000,1.0,non-informative,2,1002,crude,5,6,0.08,0.0589418246311102,103839
C_noninf,homogeneous,4000,1.0,non-informative,2,1002,crude,5,7,0.04,0.0457965256126611,103839
C_noninf,homogeneous,4000,1.0,non-informative,2,1002,crude,6,7,0.5,0.3375478818638151,103839
C_noninf,homogeneous,4000,1.0,non-informative,2,1002,crude,6,8,0.1,0.090580509582721,103839
C_noninf,homogeneous,4000,1.0,non-informative,2,1002,crude,7,6,0.15,0.1084462426552849,103839
C_noninf,homogeneous,4000,1.0,non-informative,2,1002,crude,7,8,0.12,0.0876865333469875,103839
C_noninf,homogeneous,4000,1.0,non-informative,2,1002,crude,8,9,0.35,0.2685947568364152,103839
C_noninf,homogeneous,4000,1.0,non-informative,2,1002,crude,8,10,0.08,0.0785421491110095,103839
C_noninf,homogeneous,4000,1.0,non-informative,2,1002,crude,9,8,0.08,0.0664817600743789,103839
C_noninf,homogeneous,4000,1.0,non-informative,2,1002,crude,9,10,0.1,0.0876350473707722,103839
C_noninf,homogeneous,4000,1.0,non-informative,2,1002,crude,10,11,0.05,0.0460045265825327,103839
C_noninf,homogeneous,4000,1.0,non-informative,2,1002,oracle,0,1,0.6,0.5951082775272356,103839
C_noninf,homogeneous,4000,1.0,non-informative,2,1002,oracle,0,2,0.08,0.0796702812795257,103839
C_noninf,homogeneous,4000,1.0,non-informative,2,1002,oracle,1,0,0.85,0.8644048026043625,103839
C_noninf,homogeneous,4000,1.0,non-informative,2,1002,oracle,1,2,0.05,0.0508601815673778,103839
C_noninf,homogeneous,4000,1.0,non-informative,2,1002,oracle,1,3,0.1,0.0958266940260896,103839
C_noninf,homogeneous,4000,1.0,non-informative,2,1002,oracle,2,0,0.04,0.039049464718082,103839
C_noninf,homogeneous,4000,1.0,non-informative,2,1002,oracle,2,3,0.45,0.4463202168870104,103839
C_noninf,homogeneous,4000,1.0,non-informative,2,1002,oracle,2,4,0.07,0.0668200791899219,103839
C_noninf,homogeneous,4000,1.0,non-informative,2,1002,oracle,3,1,0.06,0.0571455959351218,103839
C_noninf,homogeneous,4000,1.0,non-informative,2,1002,oracle,3,2,0.6,0.5984728128750016,103839
C_noninf,homogeneous,4000,1.0,non-informative,2,1002,oracle,3,4,0.05,0.0462539848286753,103839
C_noninf,homogeneous,4000,1.0,non-informative,2,1002,oracle,3,5,0.08,0.082040707035571,103839
C_noninf,homogeneous,4000,1.0,non-informative,2,1002,oracle,4,5,0.3,0.2901837970162875,103839
C_noninf,homogeneous,4000,1.0,non-informative,2,1002,oracle,4,7,0.06,0.055939045207959,103839
C_noninf,homogeneous,4000,1.0,non-informative,2,1002,oracle,5,4,0.4,0.4108161475057398,103839
C_noninf,homogeneous,4000,1.0,non-informative,2,1002,oracle,5,6,0.08,0.0851716802597253,103839
C_noninf,homogeneous,4000,1.0,non-informative,2,1002,oracle,5,7,0.04,0.0396383714812564,103839
C_noninf,homogeneous,4000,1.0,non-informative,2,1002,oracle,6,7,0.5,0.5054883595965298,103839
C_noninf,homogeneous,4000,1.0,non-informative,2,1002,oracle,6,8,0.1,0.1072902643588076,103839
C_noninf,homogeneous,4000,1.0,non-informative,2,1002,oracle,7,6,0.15,0.1634120460481646,103839
C_noninf,homogeneous,4000,1.0,non-informative,2,1002,oracle,7,8,0.12,0.1136779450769841,103839
C_noninf,homogeneous,4000,1.0,non-informative,2,1002,oracle,8,9,0.35,0.3656191498024678,103839
C_noninf,homogeneous,4000,1.0,non-informative,2,1002,oracle,8,10,0.08,0.0847060914435977,103839
C_noninf,homogeneous,4000,1.0,non-informative,2,1002,oracle,9,8,0.08,0.094675596388968,103839
C_noninf,homogeneous,4000,1.0,non-informative,2,1002,oracle,9,10,0.1,0.0921167964865634,103839
C_noninf,homogeneous,4000,1.0,non-informative,2,1002,oracle,10,11,0.05,0.054210672470294,103839
C_noninf,homogeneous,4000,1.0,non-informative,2,1002,panel,0,1,0.6,0.588449899303397,103839
C_noninf,homogeneous,4000,1.0,non-informative,2,1002,panel,0,2,0.08,0.0797954562202327,103839
C_noninf,homogeneous,4000,1.0,non-informative,2,1002,panel,1,0,0.85,0.8478007013689219,103839
C_noninf,homogeneous,4000,1.0,non-informative,2,1002,panel,1,2,0.05,0.0492412168057226,103839
C_noninf,homogeneous,4000,1.0,non-informative,2,1002,panel,1,3,0.1,0.096941837260541,103839
C_noninf,homogeneous,4000,1.0,non-informative,2,1002,panel,2,0,0.04,0.0394519665282511,103839
C_noninf,homogeneous,4000,1.0,non-informative,2,1002,panel,2,3,0.45,0.4373623788616079,103839
C_noninf,homogeneous,4000,1.0,non-informative,2,1002,panel,2,4,0.07,0.0674946679883579,103839
C_noninf,homogeneous,4000,1.0,non-informative,2,1002,panel,3,1,0.06,0.0562283310281249,103839
C_noninf,homogeneous,4000,1.0,non-informative,2,1002,panel,3,2,0.6,0.5889400540753466,103839
C_noninf,homogeneous,4000,1.0,non-informative,2,1002,panel,3,4,0.05,0.0442924932495369,103839
C_noninf,homogeneous,4000,1.0,non-informative,2,1002,panel,3,5,0.08,0.0815491179381387,103839
C_noninf,homogeneous,4000,1.0,non-informative,2,1002,panel,4,5,0.3,0.2903272973966335,103839
C_noninf,homogeneous,4000,1.0,non-informative,2,1002,panel,4,7,0.06,0.0569307352100432,103839
C_noninf,homogeneous,4000,1.0,non-informative,2,1002,panel,5,4,0.4,0.4149425614134111,103839
C_noninf,homogeneous,4000,1.0,non-informative,2,1002,panel,5,6,0.08,0.0856351778991835,103839
C_noninf,homogeneous,4000,1.0,non-informative,2,1002,panel,5,7,0.04,0.0377123974878542,103839
C_noninf,homogeneous,4000,1.0,non-informative,2,1002,panel,6,7,0.5,0.4924026968063663,103839
C_noninf,homogeneous,4000,1.0,non-informative,2,1002,panel,6,8,0.1,0.1133572648641986,103839
C_noninf,homogeneous,4000,1.0,non-informative,2,1002,panel,7,6,0.15,0.158096259713352,103839
C_noninf,homogeneous,4000,1.0,non-informative,2,1002,panel,7,8,0.12,0.1138564139646402,103839
C_noninf,homogeneous,4000,1.0,non-informative,2,1002,panel,8,9,0.35,0.3524134030008496,103839
C_noninf,homogeneous,4000,1.0,non-informative,2,1002,panel,8,10,0.08,0.0885622245130226,103839
C_noninf,homogeneous,4000,1.0,non-informative,2,1002,panel,9,8,0.08,0.0870368308691908,103839
C_noninf,homogeneous,4000,1.0,non-informative,2,1002,panel,9,10,0.1,0.0920464654599488,103839
C_noninf,homogeneous,4000,1.0,non-informative,2,1002,panel,10,11,0.05,0.0480059359021456,103839
C_noninf,homogeneous,4000,1.0,non-informative,3,1003,crude,0,1,0.6,0.3478286376908399,102958
C_noninf,homogeneous,4000,1.0,non-informative,3,1003,crude,0,2,0.08,0.0657044248458077,102958
C_noninf,homogeneous,4000,1.0,non-informative,3,1003,crude,1,0,0.85,0.4990887915933772,102958
C_noninf,homogeneous,4000,1.0,non-informative,3,1003,crude,1,2,0.05,0.0558398278667367,102958
C_noninf,homogeneous,4000,1.0,non-informative,3,1003,crude,1,3,0.1,0.0642971221844172,102958
C_noninf,homogeneous,4000,1.0,non-informative,3,1003,crude,2,0,0.04,0.0284550837239325,102958
C_noninf,homogeneous,4000,1.0,non-informative,3,1003,crude,2,3,0.45,0.2828827806072331,102958
C_noninf,homogeneous,4000,1.0,non-informative,3,1003,crude,2,4,0.07,0.0593631919068248,102958
C_noninf,homogeneous,4000,1.0,non-informative,3,1003,crude,3,1,0.06,0.0343329068021799,102958
C_noninf,homogeneous,4000,1.0,non-informative,3,1003,crude,3,2,0.6,0.3954307599233529,102958
C_noninf,homogeneous,4000,1.0,non-informative,3,1003,crude,3,4,0.05,0.0554145162421149,102958
C_noninf,homogeneous,4000,1.0,non-informative,3,1003,crude,3,5,0.08,0.0575226771861084,102958
C_noninf,homogeneous,4000,1.0,non-informative,3,1003,crude,4,5,0.3,0.2283808355654225,102958
C_noninf,homogeneous,4000,1.0,non-informative,3,1003,crude,4,7,0.06,0.0463187392178406,102958
C_noninf,homogeneous,4000,1.0,non-informative,3,1003,crude,5,4,0.4,0.2995034688948231,102958
C_noninf,homogeneous,4000,1.0,non-informative,3,1003,crude,5,6,0.08,0.0572580161122456,102958
C_noninf,homogeneous,4000,1.0,non-informative,3,1003,crude,5,7,0.04,0.0454460477534257,102958
C_noninf,homogeneous,4000,1.0,non-informative,3,1003,crude,6,7,0.5,0.3533131520219965,102958
C_noninf,homogeneous,4000,1.0,non-informative,3,1003,crude,6,8,0.1,0.0761105429525842,102958
C_noninf,homogeneous,4000,1.0,non-informative,3,1003,crude,7,6,0.15,0.1035453268691526,102958
C_noninf,homogeneous,4000,1.0,non-informative,3,1003,crude,7,8,0.12,0.0924744428642746,102958
C_noninf,homogeneous,4000,1.0,non-informative,3,1003,crude,8,9,0.35,0.2759924168565288,102958
C_noninf,homogeneous,4000,1.0,non-informative,3,1003,crude,8,10,0.08,0.0745380979831501,102958
C_noninf,homogeneous,4000,1.0,non-informative,3,1003,crude,9,8,0.08,0.053772150498519,102958
C_noninf,homogeneous,4000,1.0,non-informative,3,1003,crude,9,10,0.1,0.085352619838919,102958
C_noninf,homogeneous,4000,1.0,non-informative,3,1003,crude,10,11,0.05,0.0394322906822285,102958
C_noninf,homogeneous,4000,1.0,non-informative,3,1003,oracle,0,1,0.6,0.5929167384045166,102958
C_noninf,homogeneous,4000,1.0,non-informative,3,1003,oracle,0,2,0.08,0.0808771219206161,102958
C_noninf,homogeneous,4000,1.0,non-informative,3,1003,oracle,1,0,0.85,0.8409715547298889,102958
C_noninf,homogeneous,4000,1.0,non-informative,3,1003,oracle,1,2,0.05,0.0522150189203509,102958
C_noninf,homogeneous,4000,1.0,non-informative,3,1003,oracle,1,3,0.1,0.0959119097541191,102958
C_noninf,homogeneous,4000,1.0,non-informative,3,1003,oracle,2,0,0.04,0.0389573604596127,102958
C_noninf,homogeneous,4000,1.0,non-informative,3,1003,oracle,2,3,0.45,0.4415488949122938,102958
C_noninf,homogeneous,4000,1.0,non-informative,3,1003,oracle,2,4,0.07,0.0720325452062641,102958
C_noninf,homogeneous,4000,1.0,non-informative,3,1003,oracle,3,1,0.06,0.0582290596868263,102958
C_noninf,homogeneous,4000,1.0,non-informative,3,1003,oracle,3,2,0.6,0.6133166867519008,102958
C_noninf,homogeneous,4000,1.0,non-informative,3,1003,oracle,3,4,0.05,0.0498476041258437,102958
C_noninf,homogeneous,4000,1.0,non-informative,3,1003,oracle,3,5,0.08,0.0836675125298085,102958
C_noninf,homogeneous,4000,1.0,non-informative,3,1003,oracle,4,5,0.3,0.3067769127208947,102958
C_noninf,homogeneous,4000,1.0,non-informative,3,1003,oracle,4,7,0.06,0.0520676411498766,102958
C_noninf,homogeneous,4000,1.0,non-informative,3,1003,oracle,5,4,0.4,0.3993004500317319,102958
C_noninf,homogeneous,4000,1.0,non-informative,3,1003,oracle,5,6,0.08,0.0772411041648835,102958
C_noninf,homogeneous,4000,1.0,non-informative,3,1003,oracle,5,7,0.04,0.0406132587009461,102958
C_noninf,homogeneous,4000,1.0,non-informative,3,1003,oracle,6,7,0.5,0.523345343365023,102958
C_noninf,homogeneous,4000,1.0,non-informative,3,1003,oracle,6,8,0.1,0.1028407879974936,102958
C_noninf,homogeneous,4000,1.0,non-informative,3,1003,oracle,7,6,0.15,0.1583893423142164,102958
C_noninf,homogeneous,4000,1.0,non-informative,3,1003,oracle,7,8,0.12,0.121103715592414,102958
C_noninf,homogeneous,4000,1.0,non-informative,3,1003,oracle,8,9,0.35,0.373033682906892,102958
C_noninf,homogeneous,4000,1.0,non-informative,3,1003,oracle,8,10,0.08,0.0795569465915172,102958
C_noninf,homogeneous,4000,1.0,non-informative,3,1003,oracle,9,8,0.08,0.0758806361271407,102958
C_noninf,homogeneous,4000,1.0,non-informative,3,1003,oracle,9,10,0.1,0.0974545424770141,102958
C_noninf,homogeneous,4000,1.0,non-informative,3,1003,oracle,10,11,0.05,0.0524601611115281,102958
C_noninf,homogeneous,4000,1.0,non-informative,3,1003,panel,0,1,0.6,0.591655490209486,102958
C_noninf,homogeneous,4000,1.0,non-informative,3,1003,panel,0,2,0.08,0.0821469881014943,102958
C_noninf,homogeneous,4000,1.0,non-informative,3,1003,panel,1,0,0.85,0.8480046550656779,102958
C_noninf,homogeneous,4000,1.0,non-informative,3,1003,panel,1,2,0.05,0.0479252834030793,102958
C_noninf,homogeneous,4000,1.0,non-informative,3,1003,panel,1,3,0.1,0.0984708859641771,102958
C_noninf,homogeneous,4000,1.0,non-informative,3,1003,panel,2,0,0.04,0.0393190604338871,102958
C_noninf,homogeneous,4000,1.0,non-informative,3,1003,panel,2,3,0.45,0.4452633815706855,102958
C_noninf,homogeneous,4000,1.0,non-informative,3,1003,panel,2,4,0.07,0.0711030347921005,102958
C_noninf,homogeneous,4000,1.0,non-informative,3,1003,panel,3,1,0.06,0.0576850959973169,102958
C_noninf,homogeneous,4000,1.0,non-informative,3,1003,panel,3,2,0.6,0.6234189376546495,102958
C_noninf,homogeneous,4000,1.0,non-informative,3,1003,panel,3,4,0.05,0.0519026861880164,102958
C_noninf,homogeneous,4000,1.0,non-informative,3,1003,panel,3,5,0.08,0.0822815308644337,102958
C_noninf,homogeneous,4000,1.0,non-informative,3,1003,panel,4,5,0.3,0.3098757406446964,102958
C_noninf,homogeneous,4000,1.0,non-informative,3,1003,panel,4,7,0.06,0.0516412788379795,102958
C_noninf,homogeneous,4000,1.0,non-informative,3,1003,panel,5,4,0.4,0.4069961407608676,102958
C_noninf,homogeneous,4000,1.0,non-informative,3,1003,panel,5,6,0.08,0.0815275838216669,102958
C_noninf,homogeneous,4000,1.0,non-informative,3,1003,panel,5,7,0.04,0.0383805902165773,102958
C_noninf,homogeneous,4000,1.0,non-informative,3,1003,panel,6,7,0.5,0.5176529715624233,102958
C_noninf,homogeneous,4000,1.0,non-informative,3,1003,panel,6,8,0.1,0.0953563168237652,102958
C_noninf,homogeneous,4000,1.0,non-informative,3,1003,panel,7,6,0.15,0.1514455438791926,102958
C_noninf,homogeneous,4000,1.0,non-informative,3,1003,panel,7,8,0.12,0.1246767163971631,102958
C_noninf,homogeneous,4000,1.0,non-informative,3,1003,panel,8,9,0.35,0.370181918648342,102958
C_noninf,homogeneous,4000,1.0,non-informative,3,1003,panel,8,10,0.08,0.0822144020213231,102958
C_noninf,homogeneous,4000,1.0,non-informative,3,1003,panel,9,8,0.08,0.0705607702925732,102958
C_noninf,homogeneous,4000,1.0,non-informative,3,1003,panel,9,10,0.1,0.0950567831965052,102958
C_noninf,homogeneous,4000,1.0,non-informative,3,1003,panel,10,11,0.05,0.0472608720377243,102958
C_noninf,homogeneous,4000,1.0,non-informative,4,1004,crude,0,1,0.6,0.3483725248579483,102932
C_noninf,homogeneous,4000,1.0,non-informative,4,1004,crude,0,2,0.08,0.0631524622687696,102932
C_noninf,homogeneous,4000,1.0,non-informative,4,1004,crude,1,0,0.85,0.4907187288752482,102932
C_noninf,homogeneous,4000,1.0,non-informative,4,1004,crude,1,2,0.05,0.0627193387607197,102932
C_noninf,homogeneous,4000,1.0,non-informative,4,1004,crude,1,3,0.1,0.0641398115897953,102932
C_noninf,homogeneous,4000,1.0,non-informative,4,1004,crude,2,0,0.04,0.0283147297422508,102932
C_noninf,homogeneous,4000,1.0,non-informative,4,1004,crude,2,3,0.45,0.2853929484020661,102932
C_noninf,homogeneous,4000,1.0,non-informative,4,1004,crude,2,4,0.07,0.060046754453394,102932
C_noninf,homogeneous,4000,1.0,non-informative,4,1004,crude,3,1,0.06,0.0374469764655514,102932
C_noninf,homogeneous,4000,1.0,non-informative,4,1004,crude,3,2,0.6,0.3925375665299436,102932
C_noninf,homogeneous,4000,1.0,non-informative,4,1004,crude,3,4,0.05,0.0492493309157835,102932
C_noninf,homogeneous,4000,1.0,non-informative,4,1004,crude,3,5,0.08,0.0542034056232884,102932
C_noninf,homogeneous,4000,1.0,non-informative,4,1004,crude,4,5,0.3,0.2222519878940666,102932
C_noninf,homogeneous,4000,1.0,non-informative,4,1004,crude,4,7,0.06,0.0532133179970246,102932
C_noninf,homogeneous,4000,1.0,non-informative,4,1004,crude,5,4,0.4,0.2960875529465664,102932
C_noninf,homogeneous,4000,1.0,non-informative,4,1004,crude,5,6,0.08,0.0587685839066927,102932
C_noninf,homogeneous,4000,1.0,non-informative,4,1004,crude,5,7,0.04,0.0457088985940943,102932
C_noninf,homogeneous,4000,1.0,non-informative,4,1004,crude,6,7,0.5,0.3178197708512219,102932
C_noninf,homogeneous,4000,1.0,non-informative,4,1004,crude,6,8,0.1,0.0810838595337969,102932
C_noninf,homogeneous,4000,1.0,non-informative,4,1004,crude,7,6,0.15,0.1078773438257561,102932
C_noninf,homogeneous,4000,1.0,non-informative,4,1004,crude,7,8,0.12,0.0950783369311749,102932
C_noninf,homogeneous,4000,1.0,non-informative,4,1004,crude,8,9,0.35,0.2516032253955499,102932
C_noninf,homogeneous,4000,1.0,non-informative,4,1004,crude,8,10,0.08,0.0806532987330682,102932
C_noninf,homogeneous,4000,1.0,non-informative,4,1004,crude,9,8,0.08,0.0625588359051813,102932
C_noninf,homogeneous,4000,1.0,non-informative,4,1004,crude,9,10,0.1,0.0997314775299993,102932
C_noninf,homogeneous,4000,1.0,non-informative,4,1004,crude,10,11,0.05,0.0596220193289999,102932
C_noninf,homogeneous,4000,1.0,non-informative,4,1004,oracle,0,1,0.6,0.6020371896390866,102932
C_noninf,homogeneous,4000,1.0,non-informative,4,1004,oracle,0,2,0.08,0.0803245400019453,102932
C_noninf,homogeneous,4000,1.0,non-informative,4,1004,oracle,1,0,0.85,0.8519589692401275,102932
C_noninf,homogeneous,4000,1.0,non-informative,4,1004,oracle,1,2,0.05,0.0555869045965671,102932
C_noninf,homogeneous,4000,1.0,non-informative,4,1004,oracle,1,3,0.1,0.1018719683029828,102932
C_noninf,homogeneous,4000,1.0,non-informative,4,1004,oracle,2,0,0.04,0.0387234110661057,102932
C_noninf,homogeneous,4000,1.0,non-informative,4,1004,oracle,2,3,0.45,0.4554564974028316,102932
C_noninf,homogeneous,4000,1.0,non-informative,4,1004,oracle,2,4,0.07,0.0721619893564401,102932
C_noninf,homogeneous,4000,1.0,non-informative,4,1004,oracle,3,1,0.06,0.0625809702743036,102932
C_noninf,homogeneous,4000,1.0,non-informative,4,1004,oracle,3,2,0.6,0.6175603930250603,102932
C_noninf,homogeneous,4000,1.0,non-informative,4,1004,oracle,3,4,0.05,0.0485002519625853,102932
C_noninf,homogeneous,4000,1.0,non-informative,4,1004,oracle,3,5,0.08,0.0759505411965412,102932
C_noninf,homogeneous,4000,1.0,non-informative,4,1004,oracle,4,5,0.3,0.2907639754158111,102932
C_noninf,homogeneous,4000,1.0,non-informative,4,1004,oracle,4,7,0.06,0.0616692547136422,102932
C_noninf,homogeneous,4000,1.0,non-informative,4,1004,oracle,5,4,0.4,0.3908490278558608,102932
C_noninf,homogeneous,4000,1.0,non-informative,4,1004,oracle,5,6,0.08,0.0805732118916568,102932
C_noninf,homogeneous,4000,1.0,non-informative,4,1004,oracle,5,7,0.04,0.0364450958434144,102932
C_noninf,homogeneous,4000,1.0,non-informative,4,1004,oracle,6,7,0.5,0.464994358454551,102932
C_noninf,homogeneous,4000,1.0,non-informative,4,1004,oracle,6,8,0.1,0.0932752427806305,102932
C_noninf,homogeneous,4000,1.0,non-informative,4,1004,oracle,7,6,0.15,0.1484870880008669,102932
C_noninf,homogeneous,4000,1.0,non-informative,4,1004,oracle,7,8,0.12,0.1225297587074823,102932
C_noninf,homogeneous,4000,1.0,non-informative,4,1004,oracle,8,9,0.35,0.3352190512568644,102932
C_noninf,homogeneous,4000,1.0,non-informative,4,1004,oracle,8,10,0.08,0.0849741315976703,102932
C_noninf,homogeneous,4000,1.0,non-informative,4,1004,oracle,9,8,0.08,0.0793202469533604,102932
C_noninf,homogeneous,4000,1.0,non-informative,4,1004,oracle,9,10,0.1,0.1018720818714726,102932
C_noninf,homogeneous,4000,1.0,non-informative,4,1004,oracle,10,11,0.05,0.0578827834081957,102932
C_noninf,homogeneous,4000,1.0,non-informative,4,1004,panel,0,1,0.6,0.596431296971266,102932
C_noninf,homogeneous,4000,1.0,non-informative,4,1004,panel,0,2,0.08,0.0785288290026032,102932
C_noninf,homogeneous,4000,1.0,non-informative,4,1004,panel,1,0,0.85,0.8388318091360187,102932
C_noninf,homogeneous,4000,1.0,non-informative,4,1004,panel,1,2,0.05,0.0591184259101976,102932
C_noninf,homogeneous,4000,1.0,non-informative,4,1004,panel,1,3,0.1,0.1015154567576406,102932
C_noninf,homogeneous,4000,1.0,non-informative,4,1004,panel,2,0,0.04,0.0387136055865591,102932
C_noninf,homogeneous,4000,1.0,non-informative,4,1004,panel,2,3,0.45,0.4489335678027181,102932
C_noninf,homogeneous,4000,1.0,non-informative,4,1004,panel,2,4,0.07,0.0733784301705117,102932
C_noninf,homogeneous,4000,1.0,non-informative,4,1004,panel,3,1,0.06,0.0632562566279926,102932
C_noninf,homogeneous,4000,1.0,non-informative,4,1004,panel,3,2,0.6,0.6136690186065734,102932
C_noninf,homogeneous,4000,1.0,non-informative,4,1004,panel,3,4,0.05,0.0466577420687744,102932
C_noninf,homogeneous,4000,1.0,non-informative,4,1004,panel,3,5,0.08,0.0771603903331118,102932
C_noninf,homogeneous,4000,1.0,non-informative,4,1004,panel,4,5,0.3,0.2979201260168548,102932
C_noninf,homogeneous,4000,1.0,non-informative,4,1004,panel,4,7,0.06,0.0614686274832951,102932
C_noninf,homogeneous,4000,1.0,non-informative,4,1004,panel,5,4,0.4,0.40111334849526,102932
C_noninf,homogeneous,4000,1.0,non-informative,4,1004,panel,5,6,0.08,0.0792386860154227,102932
C_noninf,homogeneous,4000,1.0,non-informative,4,1004,panel,5,7,0.04,0.0392504192761253,102932
C_noninf,homogeneous,4000,1.0,non-informative,4,1004,panel,6,7,0.5,0.4615472244825268,102932
C_noninf,homogeneous,4000,1.0,non-informative,4,1004,panel,6,8,0.1,0.098426685354772,102932
C_noninf,homogeneous,4000,1.0,non-informative,4,1004,panel,7,6,0.15,0.152397260653586,102932
C_noninf,homogeneous,4000,1.0,non-informative,4,1004,panel,7,8,0.12,0.1210666503121789,102932
C_noninf,homogeneous,4000,1.0,non-informative,4,1004,panel,8,9,0.35,0.3335456825336202,102932
C_noninf,homogeneous,4000,1.0,non-informative,4,1004,panel,8,10,0.08,0.083813014875444,102932
C_noninf,homogeneous,4000,1.0,non-informative,4,1004,panel,9,8,0.08,0.0807996856273641,102932
C_noninf,homogeneous,4000,1.0,non-informative,4,1004,panel,9,10,0.1,0.104214518091987,102932
C_noninf,homogeneous,4000,1.0,non-informative,4,1004,panel,10,11,0.05,0.0614544602925637,102932
